Chain
	Aln	23	+c52e19ad-bab5-4b6f-a121-e3d9dd8628a1 5032 6599 16428 -edge_12_0_+disjointig_17_29015_30625 8 1573 1610 -1 -1 960 0.0481974
	Aln	19	+c52e19ad-bab5-4b6f-a121-e3d9dd8628a1 6662 8097 16428 -edge_10_0_+disjointig_17_27543_29015 30 1470 1472 -1 -1 906 0.0456467
Chain
	Aln	18	-c52e19ad-bab5-4b6f-a121-e3d9dd8628a1 8330 9765 16428 +edge_10_0_+disjointig_17_27543_29015 1 1441 1472 -1 -1 906 0.0456467
	Aln	22	-c52e19ad-bab5-4b6f-a121-e3d9dd8628a1 9828 11395 16428 +edge_12_0_+disjointig_17_29015_30625 36 1601 1610 -1 -1 960 0.0481974
Chain
	Aln	60	+4f3cf044-1746-41fa-ac31-a50c77fbe690 21 5798 5805 +edge_31_0_+disjointig_28_0_5802 1 5778 5802 -1 -1 4722 0.0222168
Chain
	Aln	61	-4f3cf044-1746-41fa-ac31-a50c77fbe690 6 5783 5805 -edge_31_0_+disjointig_28_0_5802 23 5800 5802 -1 -1 4722 0.0222168
Chain
	Aln	138	+ba791a20-efdb-411e-9109-c93ca3b0dad3 10 719 14597 +edge_70_3_+disjointig_6_9536_10549 297 1004 1013 -1 -1 397 0.0638455
	Aln	138	+ba791a20-efdb-411e-9109-c93ca3b0dad3 690 1398 14597 +edge_70_2_+disjointig_6_8130_8852 6 711 722 -1 -1 349 0.0695059
	Aln	138	+ba791a20-efdb-411e-9109-c93ca3b0dad3 1371 2079 14597 +edge_70_2_+disjointig_6_8130_8852 6 713 722 -1 -1 351 0.0710339
	Aln	138	+ba791a20-efdb-411e-9109-c93ca3b0dad3 2050 2747 14597 +edge_70_2_+disjointig_6_8130_8852 6 701 722 -1 -1 353 0.0701128
	Aln	138	+ba791a20-efdb-411e-9109-c93ca3b0dad3 2730 3439 14597 +edge_70_2_+disjointig_6_8130_8852 6 713 722 -1 -1 357 0.0742974
	Aln	138	+ba791a20-efdb-411e-9109-c93ca3b0dad3 3410 4118 14597 +edge_70_2_+disjointig_6_8130_8852 6 711 722 -1 -1 342 0.0758714
	Aln	138	+ba791a20-efdb-411e-9109-c93ca3b0dad3 4091 4799 14597 +edge_70_2_+disjointig_6_8130_8852 6 713 722 -1 -1 355 0.0695059
	Aln	138	+ba791a20-efdb-411e-9109-c93ca3b0dad3 4770 5484 14597 +edge_70_2_+disjointig_6_8130_8852 6 718 722 -1 -1 383 0.0615847
	Aln	138	+ba791a20-efdb-411e-9109-c93ca3b0dad3 5450 6147 14597 +edge_70_2_+disjointig_6_8130_8852 6 701 722 -1 -1 400 0.0588743
	Aln	138	+ba791a20-efdb-411e-9109-c93ca3b0dad3 6130 6838 14597 +edge_70_2_+disjointig_6_8130_8852 6 713 722 -1 -1 294 0.0811427
	Aln	138	+ba791a20-efdb-411e-9109-c93ca3b0dad3 6850 7846 14597 +edge_70_3_+disjointig_6_9536_10549 0 992 1013 -1 -1 493 0.0693607
	Aln	134	+ba791a20-efdb-411e-9109-c93ca3b0dad3 7829 8197 14597 +edge_68_0_+disjointig_6_1313_1845 103 469 532 -1 -1 203 0.0646917
	Aln	138	+ba791a20-efdb-411e-9109-c93ca3b0dad3 8170 8878 14597 +edge_70_2_+disjointig_6_8130_8852 6 713 722 -1 -1 342 0.0726026
	Aln	138	+ba791a20-efdb-411e-9109-c93ca3b0dad3 8849 9558 14597 +edge_70_2_+disjointig_6_8130_8852 6 713 722 -1 -1 374 0.0624932
	Aln	138	+ba791a20-efdb-411e-9109-c93ca3b0dad3 9529 10239 14597 +edge_70_2_+disjointig_6_8130_8852 6 713 722 -1 -1 363 0.0667301
	Aln	138	+ba791a20-efdb-411e-9109-c93ca3b0dad3 10210 10919 14597 +edge_70_2_+disjointig_6_8130_8852 6 713 722 -1 -1 333 0.069589
	Aln	138	+ba791a20-efdb-411e-9109-c93ca3b0dad3 10890 11599 14597 +edge_70_2_+disjointig_6_8130_8852 6 713 722 -1 -1 369 0.0652297
	Aln	138	+ba791a20-efdb-411e-9109-c93ca3b0dad3 11611 12607 14597 +edge_70_3_+disjointig_6_9536_10549 0 992 1013 -1 -1 538 0.0613724
	Aln	138	+ba791a20-efdb-411e-9109-c93ca3b0dad3 12590 13298 14597 +edge_70_2_+disjointig_6_8130_8852 6 713 722 -1 -1 332 0.0742143
	Aln	138	+ba791a20-efdb-411e-9109-c93ca3b0dad3 13269 13978 14597 +edge_70_2_+disjointig_6_8130_8852 6 713 722 -1 -1 374 0.0624932
	Aln	138	+ba791a20-efdb-411e-9109-c93ca3b0dad3 13949 14586 14597 +edge_70_2_+disjointig_6_8130_8852 6 641 722 -1 -1 337 0.0618005
Chain
	Aln	139	-ba791a20-efdb-411e-9109-c93ca3b0dad3 10 647 14597 -edge_70_2_+disjointig_6_8130_8852 80 715 722 -1 -1 337 0.0618005
	Aln	139	-ba791a20-efdb-411e-9109-c93ca3b0dad3 618 1327 14597 -edge_70_2_+disjointig_6_8130_8852 8 715 722 -1 -1 374 0.0624932
	Aln	139	-ba791a20-efdb-411e-9109-c93ca3b0dad3 1298 2006 14597 -edge_70_2_+disjointig_6_8130_8852 8 715 722 -1 -1 332 0.0742143
	Aln	139	-ba791a20-efdb-411e-9109-c93ca3b0dad3 1989 2985 14597 -edge_70_3_+disjointig_6_9536_10549 20 1012 1013 -1 -1 538 0.0613724
	Aln	139	-ba791a20-efdb-411e-9109-c93ca3b0dad3 2997 3706 14597 -edge_70_2_+disjointig_6_8130_8852 8 715 722 -1 -1 369 0.0652297
	Aln	139	-ba791a20-efdb-411e-9109-c93ca3b0dad3 3677 4386 14597 -edge_70_2_+disjointig_6_8130_8852 8 715 722 -1 -1 333 0.069589
	Aln	139	-ba791a20-efdb-411e-9109-c93ca3b0dad3 4357 5067 14597 -edge_70_2_+disjointig_6_8130_8852 8 715 722 -1 -1 363 0.0667301
	Aln	139	-ba791a20-efdb-411e-9109-c93ca3b0dad3 5038 5747 14597 -edge_70_2_+disjointig_6_8130_8852 8 715 722 -1 -1 374 0.0624932
	Aln	139	-ba791a20-efdb-411e-9109-c93ca3b0dad3 5718 6426 14597 -edge_70_2_+disjointig_6_8130_8852 8 715 722 -1 -1 342 0.0726026
	Aln	135	-ba791a20-efdb-411e-9109-c93ca3b0dad3 6399 6767 14597 -edge_68_0_+disjointig_6_1313_1845 62 428 532 -1 -1 203 0.0646917
	Aln	139	-ba791a20-efdb-411e-9109-c93ca3b0dad3 6750 7746 14597 -edge_70_3_+disjointig_6_9536_10549 20 1012 1013 -1 -1 493 0.0693607
	Aln	139	-ba791a20-efdb-411e-9109-c93ca3b0dad3 7758 8466 14597 -edge_70_2_+disjointig_6_8130_8852 8 715 722 -1 -1 294 0.0811427
	Aln	139	-ba791a20-efdb-411e-9109-c93ca3b0dad3 8449 9146 14597 -edge_70_2_+disjointig_6_8130_8852 20 715 722 -1 -1 400 0.0588743
	Aln	139	-ba791a20-efdb-411e-9109-c93ca3b0dad3 9112 9826 14597 -edge_70_2_+disjointig_6_8130_8852 3 715 722 -1 -1 383 0.0615847
	Aln	139	-ba791a20-efdb-411e-9109-c93ca3b0dad3 9797 10505 14597 -edge_70_2_+disjointig_6_8130_8852 8 715 722 -1 -1 355 0.0695059
	Aln	139	-ba791a20-efdb-411e-9109-c93ca3b0dad3 10478 11186 14597 -edge_70_2_+disjointig_6_8130_8852 10 715 722 -1 -1 342 0.0758714
	Aln	139	-ba791a20-efdb-411e-9109-c93ca3b0dad3 11157 11866 14597 -edge_70_2_+disjointig_6_8130_8852 8 715 722 -1 -1 357 0.0742974
	Aln	139	-ba791a20-efdb-411e-9109-c93ca3b0dad3 11849 12546 14597 -edge_70_2_+disjointig_6_8130_8852 20 715 722 -1 -1 353 0.0701128
	Aln	139	-ba791a20-efdb-411e-9109-c93ca3b0dad3 12517 13225 14597 -edge_70_2_+disjointig_6_8130_8852 8 715 722 -1 -1 351 0.0710339
	Aln	139	-ba791a20-efdb-411e-9109-c93ca3b0dad3 13198 13906 14597 -edge_70_2_+disjointig_6_8130_8852 10 715 722 -1 -1 349 0.0695059
	Aln	139	-ba791a20-efdb-411e-9109-c93ca3b0dad3 13877 14586 14597 -edge_70_3_+disjointig_6_9536_10549 8 715 1013 -1 -1 397 0.0638455
Chain
	Aln	26	+7de15e94-6811-41ee-8025-5eb985dc5749 339 2559 3141 +edge_14_1_+disjointig_51_4563_6866 32 2295 2303 -1 -1 1209 0.054823
Chain
	Aln	27	-7de15e94-6811-41ee-8025-5eb985dc5749 581 2801 3141 -edge_14_1_+disjointig_51_4563_6866 7 2270 2303 -1 -1 1209 0.054823
Chain
	Aln	130	+0e168cff-6e32-468c-8db3-39fd1b2e805b 354 3158 3168 +edge_66_0_+disjointig_59_0_2832 6 2810 2832 -1 -1 2405 0.0142726
Chain
	Aln	131	-0e168cff-6e32-468c-8db3-39fd1b2e805b 9 2813 3168 -edge_66_0_+disjointig_59_0_2832 21 2825 2832 -1 -1 2405 0.0142726
Chain
	Aln	131	+540f1449-5595-4916-9a25-a3caf2bc174a 13 2720 2792 -edge_66_0_+disjointig_59_0_2832 12 2762 2832 -1 -1 1630 0.0457132
Chain
	Aln	130	-540f1449-5595-4916-9a25-a3caf2bc174a 71 2778 2792 +edge_66_0_+disjointig_59_0_2832 69 2819 2832 -1 -1 1630 0.0457132
Chain
	Aln	19	+de467ba5-be54-4284-9f97-cfd021af3ea4 185 1596 1776 -edge_10_0_+disjointig_17_27543_29015 30 1456 1472 -1 -1 724 0.0648645
Chain
	Aln	18	-de467ba5-be54-4284-9f97-cfd021af3ea4 179 1590 1776 +edge_10_0_+disjointig_17_27543_29015 15 1441 1472 -1 -1 724 0.0648645
Chain
	Aln	47	+18546b4b-6830-45a5-942b-9a0cbae90298 5 3296 3300 -edge_24_0_+disjointig_21_0_6187 2889 6183 6187 -1 -1 3118 0.00746038
Chain
	Aln	46	-18546b4b-6830-45a5-942b-9a0cbae90298 3 3294 3300 +edge_24_0_+disjointig_21_0_6187 3 3297 6187 -1 -1 3118 0.00746038
Chain
	Aln	46	+100765d6-cfa6-4020-9479-5df4adabb11c 2069 8234 8242 +edge_24_0_+disjointig_21_0_6187 5 6180 6187 -1 -1 5802 0.00672285
Chain
	Aln	47	-100765d6-cfa6-4020-9479-5df4adabb11c 7 6172 8242 -edge_24_0_+disjointig_21_0_6187 6 6181 6187 -1 -1 5802 0.00672285
Chain
	Aln	22	+0e7df96b-f33b-49f9-af43-6d4b03e81394 89 1281 6111 +edge_12_2_+disjointig_51_2913_4563 442 1637 1650 -1 -1 792 0.0393023
	Aln	26	+0e7df96b-f33b-49f9-af43-6d4b03e81394 1273 3594 6111 +edge_14_0_+disjointig_17_30625_32948 19 2315 2323 -1 -1 1346 0.0480904
Chain
	Aln	27	-0e7df96b-f33b-49f9-af43-6d4b03e81394 2516 4837 6111 -edge_14_0_+disjointig_17_30625_32948 7 2303 2323 -1 -1 1346 0.0480904
	Aln	23	-0e7df96b-f33b-49f9-af43-6d4b03e81394 4829 6021 6111 -edge_12_2_+disjointig_51_2913_4563 12 1207 1650 -1 -1 792 0.0393023
Chain
	Aln	79	+6b5fdc60-a767-4fcc-a0b0-129d723ee4eb 9 2475 2477 -edge_40_0_+disjointig_34_0_2461 8 2459 2461 -1 -1 2279 0.00977325
Chain
	Aln	78	-6b5fdc60-a767-4fcc-a0b0-129d723ee4eb 1 2467 2477 +edge_40_0_+disjointig_34_0_2461 1 2452 2461 -1 -1 2279 0.00977325
Chain
	Aln	78	+0163e5c8-d253-456d-8a57-5e671ba34a04 19 2460 2468 +edge_40_0_+disjointig_34_0_2461 1 2435 2461 -1 -1 2154 0.0107638
Chain
	Aln	79	-0163e5c8-d253-456d-8a57-5e671ba34a04 7 2448 2468 -edge_40_0_+disjointig_34_0_2461 25 2459 2461 -1 -1 2154 0.0107638
Chain
	Aln	27	+03e17d53-c6af-4719-999e-5106b8438164 8123 10400 12207 -edge_14_1_+disjointig_51_4563_6866 29 2302 2303 -1 -1 1368 0.0495793
	Aln	23	+03e17d53-c6af-4719-999e-5106b8438164 10410 12201 12207 -edge_12_1_+disjointig_40_4630_6445 14 1814 1815 -1 -1 1212 0.0381389
Chain
	Aln	18	+03e17d53-c6af-4719-999e-5106b8438164 2248 3529 12207 +edge_10_1_+disjointig_40_3316_4630 24 1311 1314 -1 -1 976 0.0286447
Chain
	Aln	22	-03e17d53-c6af-4719-999e-5106b8438164 5 1796 12207 +edge_12_1_+disjointig_40_4630_6445 0 1800 1815 -1 -1 1212 0.0381389
	Aln	26	-03e17d53-c6af-4719-999e-5106b8438164 1806 4083 12207 +edge_14_1_+disjointig_51_4563_6866 0 2273 2303 -1 -1 1368 0.0495793
Chain
	Aln	19	-03e17d53-c6af-4719-999e-5106b8438164 8677 9958 12207 -edge_10_1_+disjointig_40_3316_4630 2 1289 1314 -1 -1 976 0.0286447
Chain
	Aln	22	+a07cbd03-61b2-4150-89fa-5ce00f342cbb 23 676 18751 +edge_12_1_+disjointig_40_4630_6445 1151 1809 1815 -1 -1 559 0.016664
	Aln	26	+a07cbd03-61b2-4150-89fa-5ce00f342cbb 706 2466 18751 +edge_14_1_+disjointig_51_4563_6866 24 1790 2303 -1 -1 976 0.0547575
Chain
	Aln	27	-a07cbd03-61b2-4150-89fa-5ce00f342cbb 16284 18044 18751 -edge_14_1_+disjointig_51_4563_6866 512 2278 2303 -1 -1 976 0.0547575
	Aln	23	-a07cbd03-61b2-4150-89fa-5ce00f342cbb 18074 18727 18751 -edge_12_1_+disjointig_40_4630_6445 5 663 1815 -1 -1 559 0.016664
Chain
	Aln	26	+d89e34f9-40a9-4d8c-b6a8-5c287c828085 6 1239 1243 +edge_14_1_+disjointig_51_4563_6866 876 2097 2303 -1 -1 657 0.0570063
Chain
	Aln	27	-d89e34f9-40a9-4d8c-b6a8-5c287c828085 3 1236 1243 -edge_14_1_+disjointig_51_4563_6866 205 1426 2303 -1 -1 657 0.0570063
Chain
	Aln	65	+fc1d3837-2a50-4c79-8190-d89a1fc15924 7 1040 2400 -edge_33_3_+disjointig_3_8869_10420 517 1550 1551 -1 -1 875 0.022928
	Aln	65	+fc1d3837-2a50-4c79-8190-d89a1fc15924 1044 2395 2400 -edge_33_2_+disjointig_3_7268_8869 3 1350 1601 -1 -1 1233 0.0124107
Chain
	Aln	64	-fc1d3837-2a50-4c79-8190-d89a1fc15924 4 1355 2400 +edge_33_2_+disjointig_3_7268_8869 250 1597 1601 -1 -1 1233 0.0124107
	Aln	64	-fc1d3837-2a50-4c79-8190-d89a1fc15924 1359 2392 2400 +edge_33_3_+disjointig_3_8869_10420 0 1033 1551 -1 -1 875 0.022928
Chain
	Aln	19	+c91b0861-f197-4127-ac95-0d124c9b1333 2525 3600 18563 -edge_10_1_+disjointig_40_3316_4630 237 1313 1314 -1 -1 777 0.0260849
Chain
	Aln	18	-c91b0861-f197-4127-ac95-0d124c9b1333 14962 16037 18563 +edge_10_1_+disjointig_40_3316_4630 0 1076 1314 -1 -1 777 0.0260849
Chain
	Aln	15	+5f4ea2da-bf45-4b77-a81d-b08c2b3e24d3 15 2990 2992 -edge_8_0_+disjointig_15_0_17650 14697 17648 17650 -1 -1 2162 0.0325608
Chain
	Aln	14	-5f4ea2da-bf45-4b77-a81d-b08c2b3e24d3 1 2976 2992 +edge_8_0_+disjointig_15_0_17650 1 2952 17650 -1 -1 2162 0.0325608
Chain
	Aln	14	+26997717-2e89-42db-b3ee-24af89b832b2 36 17661 17671 +edge_8_0_+disjointig_15_0_17650 17 17641 17650 -1 -1 15980 0.00679655
Chain
	Aln	15	-26997717-2e89-42db-b3ee-24af89b832b2 9 17634 17671 -edge_8_0_+disjointig_15_0_17650 8 17632 17650 -1 -1 15980 0.00679655
Chain
	Aln	18	+42548815-b8eb-44ce-8044-251cb0ab7ed1 2889 4188 4487 +edge_10_1_+disjointig_40_3316_4630 1 1311 1314 -1 -1 1063 0.0212138
Chain
	Aln	19	-42548815-b8eb-44ce-8044-251cb0ab7ed1 298 1597 4487 -edge_10_1_+disjointig_40_3316_4630 2 1312 1314 -1 -1 1063 0.0212138
Chain
	Aln	27	+49c94439-5c9b-43b0-a374-bebd059ea5d0 3 1250 8552 -edge_14_0_+disjointig_17_30625_32948 1069 2316 2323 -1 -1 978 0.029327
	Aln	23	+49c94439-5c9b-43b0-a374-bebd059ea5d0 1234 2891 8552 -edge_12_2_+disjointig_51_2913_4563 17 1643 1650 -1 -1 1308 0.0276315
	Aln	19	+49c94439-5c9b-43b0-a374-bebd059ea5d0 3066 4365 8552 -edge_10_1_+disjointig_40_3316_4630 7 1313 1314 -1 -1 1048 0.0221199
Chain
	Aln	18	-49c94439-5c9b-43b0-a374-bebd059ea5d0 4186 5485 8552 +edge_10_1_+disjointig_40_3316_4630 0 1306 1314 -1 -1 1048 0.0221199
	Aln	22	-49c94439-5c9b-43b0-a374-bebd059ea5d0 5660 7317 8552 +edge_12_2_+disjointig_51_2913_4563 6 1632 1650 -1 -1 1308 0.0276315
	Aln	26	-49c94439-5c9b-43b0-a374-bebd059ea5d0 7301 8548 8552 +edge_14_0_+disjointig_17_30625_32948 6 1253 2323 -1 -1 978 0.029327
Chain
	Aln	170	+8afc2148-2777-4d99-a315-05bcf251eafc 22 3249 3254 +edge_86_0_+disjointig_74_0_3256 4 3231 3256 -1 -1 2769 0.0183702
Chain
	Aln	171	-8afc2148-2777-4d99-a315-05bcf251eafc 4 3231 3254 -edge_86_0_+disjointig_74_0_3256 24 3251 3256 -1 -1 2769 0.0183702
Chain
	Aln	23	+7eb81dd7-7c48-4586-b050-49833fe5c2e3 143 698 2350 -edge_12_0_+disjointig_17_29015_30625 1035 1592 1610 -1 -1 411 0.0373525
	Aln	19	+7eb81dd7-7c48-4586-b050-49833fe5c2e3 729 2189 2350 -edge_10_0_+disjointig_17_27543_29015 13 1470 1472 -1 -1 1057 0.0360637
Chain
	Aln	18	-7eb81dd7-7c48-4586-b050-49833fe5c2e3 160 1620 2350 +edge_10_0_+disjointig_17_27543_29015 1 1458 1472 -1 -1 1057 0.0360637
	Aln	22	-7eb81dd7-7c48-4586-b050-49833fe5c2e3 1651 2206 2350 +edge_12_0_+disjointig_17_29015_30625 17 574 1610 -1 -1 411 0.0373525
Chain
	Aln	22	+3d456026-6889-4f90-af80-d9345c781d97 11 1130 2543 +edge_12_1_+disjointig_40_4630_6445 690 1809 1815 -1 -1 903 0.0191868
	Aln	26	+3d456026-6889-4f90-af80-d9345c781d97 1155 2471 2543 +edge_14_1_+disjointig_51_4563_6866 19 1335 2303 -1 -1 992 0.0316363
Chain
	Aln	27	-3d456026-6889-4f90-af80-d9345c781d97 71 1387 2543 -edge_14_1_+disjointig_51_4563_6866 967 2283 2303 -1 -1 992 0.0316363
	Aln	23	-3d456026-6889-4f90-af80-d9345c781d97 1412 2531 2543 -edge_12_1_+disjointig_40_4630_6445 5 1124 1815 -1 -1 903 0.0191868
Chain
	Aln	99	+0a338d9e-a2f3-40bf-a2d7-64ebac5094e6 11 4343 4365 -edge_50_0_+disjointig_43_0_4311 10 4290 4311 -1 -1 3023 0.0348386
Chain
	Aln	98	-0a338d9e-a2f3-40bf-a2d7-64ebac5094e6 21 4353 4365 +edge_50_0_+disjointig_43_0_4311 20 4300 4311 -1 -1 3023 0.0348386
Chain
	Aln	114	+1b97c00f-d73e-4e16-9592-d7cf37b9d36e 110 2878 4103 +edge_58_0_+disjointig_50_0_3795 637 3405 3795 -1 -1 1683 0.0438098
Chain
	Aln	115	-1b97c00f-d73e-4e16-9592-d7cf37b9d36e 1224 3992 4103 -edge_58_0_+disjointig_50_0_3795 389 3157 3795 -1 -1 1683 0.0438098
Chain
	Aln	129	+3280b68d-a0ea-46f3-8dab-206914928283 55 1702 2276 -edge_65_0_+disjointig_58_0_7930 6296 7927 7930 -1 -1 746 0.0655717
Chain
	Aln	128	-3280b68d-a0ea-46f3-8dab-206914928283 573 2220 2276 +edge_65_0_+disjointig_58_0_7930 2 1633 7930 -1 -1 746 0.0655717
Chain
	Aln	98	+22e08f50-388f-46d7-a05d-2d92b83ab14a 132 4397 4400 +edge_50_0_+disjointig_43_0_4311 26 4290 4311 -1 -1 3344 0.0236543
Chain
	Aln	99	-22e08f50-388f-46d7-a05d-2d92b83ab14a 2 4267 4400 -edge_50_0_+disjointig_43_0_4311 20 4284 4311 -1 -1 3344 0.0236543
Chain
	Aln	147	+adbdd0a2-865e-4c75-8f72-424cf5d1a80a 109 4218 4222 -edge_74_0_+disjointig_62_0_31089 26976 31085 31089 -1 -1 4019 0.00217536
Chain
	Aln	146	-adbdd0a2-865e-4c75-8f72-424cf5d1a80a 3 4112 4222 +edge_74_0_+disjointig_62_0_31089 3 4112 31089 -1 -1 4019 0.00217536
Chain
	Aln	59	+27f31e79-e86d-4a47-b15e-c0264efdddcb 17 12210 12212 -edge_30_0_+disjointig_27_0_12132 16 12130 12132 -1 -1 8912 0.0296678
Chain
	Aln	58	-27f31e79-e86d-4a47-b15e-c0264efdddcb 1 12194 12212 +edge_30_0_+disjointig_27_0_12132 1 12115 12132 -1 -1 8912 0.0296678
Chain
	Aln	5	+853089f2-d71e-41ef-a974-4c6a9ff221a2 17 143 1098 -edge_3_3_+disjointig_11_5789_6340 424 550 551 -1 -1 126 0.00678236
	Aln	7	+853089f2-d71e-41ef-a974-4c6a9ff221a2 160 1088 1098 -edge_4_2_+disjointig_11_4342_5789 12 940 1447 -1 -1 842 0.00690941
Chain
	Aln	6	-853089f2-d71e-41ef-a974-4c6a9ff221a2 9 937 1098 +edge_4_2_+disjointig_11_4342_5789 506 1434 1447 -1 -1 842 0.00690941
	Aln	4	-853089f2-d71e-41ef-a974-4c6a9ff221a2 954 1080 1098 +edge_3_3_+disjointig_11_5789_6340 0 126 551 -1 -1 126 0.00678236
Chain
	Aln	58	+efa64954-ca69-4d4a-989e-13c12ac49b1f 22 12153 12156 +edge_30_0_+disjointig_27_0_12132 1 12112 12132 -1 -1 10012 0.0163309
Chain
	Aln	59	-efa64954-ca69-4d4a-989e-13c12ac49b1f 2 12133 12156 -edge_30_0_+disjointig_27_0_12132 19 12130 12132 -1 -1 10012 0.0163309
Chain
	Aln	6	+d99e21db-e152-47db-b547-a62801570491 48 1154 21716 +edge_4_2_+disjointig_11_4342_5789 330 1436 1447 -1 -1 1025 0.00840146
	Aln	4	+d99e21db-e152-47db-b547-a62801570491 1191 1951 21716 +edge_3_0_+disjointig_11_34_805 0 760 771 -1 -1 671 0.00932304
	Aln	6	+d99e21db-e152-47db-b547-a62801570491 1962 3390 21716 +edge_4_2_+disjointig_11_4342_5789 0 1428 1447 -1 -1 1311 0.00969108
	Aln	4	+d99e21db-e152-47db-b547-a62801570491 3435 4194 21716 +edge_3_0_+disjointig_11_34_805 0 760 771 -1 -1 629 0.019923
	Aln	6	+d99e21db-e152-47db-b547-a62801570491 4205 5641 21716 +edge_4_2_+disjointig_11_4342_5789 0 1436 1447 -1 -1 1222 0.00952176
	Aln	4	+d99e21db-e152-47db-b547-a62801570491 5678 6435 21716 +edge_3_0_+disjointig_11_34_805 0 760 771 -1 -1 694 0.0119148
	Aln	6	+d99e21db-e152-47db-b547-a62801570491 6514 7441 21716 +edge_4_0_+disjointig_11_805_1807 68 995 1002 -1 -1 847 0.0113889
	Aln	4	+d99e21db-e152-47db-b547-a62801570491 7448 8211 21716 +edge_3_2_+disjointig_11_3568_4342 0 763 774 -1 -1 686 0.00920537
	Aln	6	+d99e21db-e152-47db-b547-a62801570491 8237 9217 21716 +edge_4_0_+disjointig_11_805_1807 15 995 1002 -1 -1 908 0.00887932
	Aln	4	+d99e21db-e152-47db-b547-a62801570491 9222 9410 21716 +edge_3_1_+disjointig_11_1807_2392 225 407 585 -1 -1 32 0.142385
	Aln	6	+d99e21db-e152-47db-b547-a62801570491 9530 10966 21716 +edge_4_2_+disjointig_11_4342_5789 0 1436 1447 -1 -1 1200 0.0136954
	Aln	4	+d99e21db-e152-47db-b547-a62801570491 11003 11763 21716 +edge_3_0_+disjointig_11_34_805 0 760 771 -1 -1 671 0.00932304
	Aln	6	+d99e21db-e152-47db-b547-a62801570491 11774 13202 21716 +edge_4_2_+disjointig_11_4342_5789 0 1428 1447 -1 -1 1318 0.00888342
	Aln	4	+d99e21db-e152-47db-b547-a62801570491 13247 14006 21716 +edge_3_0_+disjointig_11_34_805 0 760 771 -1 -1 637 0.0181313
	Aln	6	+d99e21db-e152-47db-b547-a62801570491 14017 15454 21716 +edge_4_2_+disjointig_11_4342_5789 0 1436 1447 -1 -1 1225 0.0103741
	Aln	4	+d99e21db-e152-47db-b547-a62801570491 15491 16251 21716 +edge_3_0_+disjointig_11_34_805 0 760 771 -1 -1 707 0.00831749
	Aln	6	+d99e21db-e152-47db-b547-a62801570491 16330 17257 21716 +edge_4_0_+disjointig_11_805_1807 68 995 1002 -1 -1 861 0.0101147
	Aln	4	+d99e21db-e152-47db-b547-a62801570491 17262 17450 21716 +edge_3_1_+disjointig_11_1807_2392 225 407 585 -1 -1 32 0.142385
	Aln	6	+d99e21db-e152-47db-b547-a62801570491 17427 18546 21716 +edge_4_3_+disjointig_11_6340_7531 43 1165 1191 -1 -1 898 0.0204166
	Aln	4	+d99e21db-e152-47db-b547-a62801570491 18589 19339 21716 +edge_3_4_+disjointig_11_7531_8306 17 767 775 -1 -1 709 0.00469647
	Aln	6	+d99e21db-e152-47db-b547-a62801570491 19346 20340 21716 +edge_4_0_+disjointig_11_805_1807 0 995 1002 -1 -1 909 0.00785843
	Aln	4	+d99e21db-e152-47db-b547-a62801570491 20347 21110 21716 +edge_3_2_+disjointig_11_3568_4342 0 763 774 -1 -1 747 0.00247969
	Aln	6	+d99e21db-e152-47db-b547-a62801570491 21123 21711 21716 +edge_4_0_+disjointig_11_805_1807 2 590 1002 -1 -1 546 0.00994748
Chain
	Aln	7	-d99e21db-e152-47db-b547-a62801570491 4 592 21716 -edge_4_0_+disjointig_11_805_1807 411 999 1002 -1 -1 546 0.00994748
	Aln	5	-d99e21db-e152-47db-b547-a62801570491 605 1368 21716 -edge_3_2_+disjointig_11_3568_4342 10 773 774 -1 -1 747 0.00247969
	Aln	7	-d99e21db-e152-47db-b547-a62801570491 1375 2369 21716 -edge_4_0_+disjointig_11_805_1807 6 1001 1002 -1 -1 909 0.00785843
	Aln	5	-d99e21db-e152-47db-b547-a62801570491 2376 3126 21716 -edge_3_4_+disjointig_11_7531_8306 7 757 775 -1 -1 709 0.00469647
	Aln	7	-d99e21db-e152-47db-b547-a62801570491 3169 4288 21716 -edge_4_3_+disjointig_11_6340_7531 25 1147 1191 -1 -1 898 0.0204166
	Aln	5	-d99e21db-e152-47db-b547-a62801570491 4265 4453 21716 -edge_3_1_+disjointig_11_1807_2392 177 359 585 -1 -1 32 0.142385
	Aln	7	-d99e21db-e152-47db-b547-a62801570491 4458 5385 21716 -edge_4_0_+disjointig_11_805_1807 6 933 1002 -1 -1 861 0.0101147
	Aln	5	-d99e21db-e152-47db-b547-a62801570491 5464 6224 21716 -edge_3_0_+disjointig_11_34_805 10 770 771 -1 -1 707 0.00831749
	Aln	7	-d99e21db-e152-47db-b547-a62801570491 6261 7698 21716 -edge_4_2_+disjointig_11_4342_5789 10 1446 1447 -1 -1 1225 0.0103741
	Aln	5	-d99e21db-e152-47db-b547-a62801570491 7709 8468 21716 -edge_3_0_+disjointig_11_34_805 10 770 771 -1 -1 637 0.0181313
	Aln	7	-d99e21db-e152-47db-b547-a62801570491 8513 9941 21716 -edge_4_2_+disjointig_11_4342_5789 18 1446 1447 -1 -1 1318 0.00888342
	Aln	5	-d99e21db-e152-47db-b547-a62801570491 9952 10712 21716 -edge_3_0_+disjointig_11_34_805 10 770 771 -1 -1 671 0.00932304
	Aln	7	-d99e21db-e152-47db-b547-a62801570491 10749 12185 21716 -edge_4_2_+disjointig_11_4342_5789 10 1446 1447 -1 -1 1200 0.0136954
	Aln	5	-d99e21db-e152-47db-b547-a62801570491 12305 12493 21716 -edge_3_1_+disjointig_11_1807_2392 177 359 585 -1 -1 32 0.142385
	Aln	7	-d99e21db-e152-47db-b547-a62801570491 12498 13478 21716 -edge_4_0_+disjointig_11_805_1807 6 986 1002 -1 -1 908 0.00887932
	Aln	5	-d99e21db-e152-47db-b547-a62801570491 13504 14267 21716 -edge_3_2_+disjointig_11_3568_4342 10 773 774 -1 -1 686 0.00920537
	Aln	7	-d99e21db-e152-47db-b547-a62801570491 14274 15201 21716 -edge_4_0_+disjointig_11_805_1807 6 933 1002 -1 -1 847 0.0113889
	Aln	5	-d99e21db-e152-47db-b547-a62801570491 15280 16037 21716 -edge_3_0_+disjointig_11_34_805 10 770 771 -1 -1 694 0.0119148
	Aln	7	-d99e21db-e152-47db-b547-a62801570491 16074 17510 21716 -edge_4_2_+disjointig_11_4342_5789 10 1446 1447 -1 -1 1222 0.00952176
	Aln	5	-d99e21db-e152-47db-b547-a62801570491 17521 18280 21716 -edge_3_0_+disjointig_11_34_805 10 770 771 -1 -1 629 0.019923
	Aln	7	-d99e21db-e152-47db-b547-a62801570491 18325 19753 21716 -edge_4_2_+disjointig_11_4342_5789 18 1446 1447 -1 -1 1311 0.00969108
	Aln	5	-d99e21db-e152-47db-b547-a62801570491 19764 20524 21716 -edge_3_0_+disjointig_11_34_805 10 770 771 -1 -1 671 0.00932304
	Aln	7	-d99e21db-e152-47db-b547-a62801570491 20561 21667 21716 -edge_4_2_+disjointig_11_4342_5789 10 1116 1447 -1 -1 1025 0.00840146
Chain
	Aln	27	+d43eb7be-2263-400a-9e2d-677668dd53c1 675 1852 1923 -edge_14_1_+disjointig_51_4563_6866 29 1197 2303 -1 -1 641 0.0515356
Chain
	Aln	26	-d43eb7be-2263-400a-9e2d-677668dd53c1 70 1247 1923 +edge_14_1_+disjointig_51_4563_6866 1105 2273 2303 -1 -1 641 0.0515356
Chain
	Aln	138	+c9a17a39-0959-4c79-a5c4-59eccdd2335c 80 714 1977 +edge_70_3_+disjointig_6_9536_10549 377 1009 1013 -1 -1 323 0.0746489
	Aln	138	+c9a17a39-0959-4c79-a5c4-59eccdd2335c 698 1350 1977 +edge_70_2_+disjointig_6_8130_8852 24 674 722 -1 -1 283 0.0841505
	Aln	140	+c9a17a39-0959-4c79-a5c4-59eccdd2335c 1402 1950 1977 +edge_71_1_+disjointig_6_8852_9536 3 551 684 -1 -1 259 0.0698704
Chain
	Aln	141	-c9a17a39-0959-4c79-a5c4-59eccdd2335c 26 574 1977 -edge_71_1_+disjointig_6_8852_9536 132 680 684 -1 -1 259 0.0698704
	Aln	139	-c9a17a39-0959-4c79-a5c4-59eccdd2335c 626 1278 1977 -edge_70_2_+disjointig_6_8130_8852 47 697 722 -1 -1 283 0.0841505
	Aln	139	-c9a17a39-0959-4c79-a5c4-59eccdd2335c 1262 1896 1977 -edge_70_3_+disjointig_6_9536_10549 3 635 1013 -1 -1 323 0.0746489
Chain
	Aln	23	+838b2b4a-1b66-44db-bd8f-3ecb5f360b65 1510 2289 3876 -edge_12_1_+disjointig_40_4630_6445 1032 1814 1815 -1 -1 560 0.0462171
	Aln	19	+838b2b4a-1b66-44db-bd8f-3ecb5f360b65 2333 3600 3876 -edge_10_1_+disjointig_40_3316_4630 43 1313 1314 -1 -1 851 0.0397589
Chain
	Aln	22	+838b2b4a-1b66-44db-bd8f-3ecb5f360b65 32 628 3876 +edge_12_2_+disjointig_51_2913_4563 1034 1637 1650 -1 -1 373 0.0478491
	Aln	26	+838b2b4a-1b66-44db-bd8f-3ecb5f360b65 602 1421 3876 +edge_14_0_+disjointig_17_30625_32948 1 820 2323 -1 -1 565 0.0358104
Chain
	Aln	18	-838b2b4a-1b66-44db-bd8f-3ecb5f360b65 275 1542 3876 +edge_10_1_+disjointig_40_3316_4630 0 1270 1314 -1 -1 851 0.0397589
	Aln	22	-838b2b4a-1b66-44db-bd8f-3ecb5f360b65 1586 2365 3876 +edge_12_1_+disjointig_40_4630_6445 0 782 1815 -1 -1 560 0.0462171
Chain
	Aln	27	-838b2b4a-1b66-44db-bd8f-3ecb5f360b65 2454 3273 3876 -edge_14_0_+disjointig_17_30625_32948 1502 2321 2323 -1 -1 565 0.0358104
	Aln	23	-838b2b4a-1b66-44db-bd8f-3ecb5f360b65 3247 3843 3876 -edge_12_2_+disjointig_51_2913_4563 12 615 1650 -1 -1 373 0.0478491
Chain
	Aln	195	+1dcb0c21-6462-4edc-bff4-0784cbf7d81f 30 9710 9731 -edge_98_0_+disjointig_9_0_11573 1863 11552 11573 -1 -1 7775 0.0221905
Chain
	Aln	194	-1dcb0c21-6462-4edc-bff4-0784cbf7d81f 20 9700 9731 +edge_98_0_+disjointig_9_0_11573 20 9709 11573 -1 -1 7775 0.0221905
Chain
	Aln	75	+bd09dc03-8143-4cb9-a225-6fee87182be1 4 2500 2505 -edge_38_0_+disjointig_32_0_7904 3 2405 7904 -1 -1 1566 0.039473
Chain
	Aln	74	-bd09dc03-8143-4cb9-a225-6fee87182be1 4 2500 2505 +edge_38_0_+disjointig_32_0_7904 5498 7900 7904 -1 -1 1566 0.039473
Chain
	Aln	194	+ca07961e-a310-4991-8934-c6bf3ed997ec 26 11622 11631 +edge_98_0_+disjointig_9_0_11573 5 11565 11573 -1 -1 6799 0.0441485
Chain
	Aln	195	-ca07961e-a310-4991-8934-c6bf3ed997ec 8 11604 11631 -edge_98_0_+disjointig_9_0_11573 7 11567 11573 -1 -1 6799 0.0441485
Chain
	Aln	72	+57b03a3d-1048-45ec-9a03-88aaf98f9896 8539 14903 14911 +edge_37_0_+disjointig_31_0_6417 15 6410 6417 -1 -1 3777 0.03977
Chain
	Aln	73	-57b03a3d-1048-45ec-9a03-88aaf98f9896 7 6371 14911 -edge_37_0_+disjointig_31_0_6417 6 6401 6417 -1 -1 3777 0.03977
Chain
	Aln	27	+dcb63d81-8a4a-492d-ac7f-7d26ed8f8a63 910 2692 5157 -edge_14_1_+disjointig_51_4563_6866 512 2293 2303 -1 -1 1200 0.0365127
	Aln	23	+dcb63d81-8a4a-492d-ac7f-7d26ed8f8a63 2714 4510 5157 -edge_12_1_+disjointig_40_4630_6445 12 1814 1815 -1 -1 1448 0.022424
	Aln	19	+dcb63d81-8a4a-492d-ac7f-7d26ed8f8a63 4518 5152 5157 -edge_10_1_+disjointig_40_3316_4630 7 644 1314 -1 -1 514 0.0210272
Chain
	Aln	18	-dcb63d81-8a4a-492d-ac7f-7d26ed8f8a63 4 638 5157 +edge_10_1_+disjointig_40_3316_4630 669 1306 1314 -1 -1 514 0.0210272
	Aln	22	-dcb63d81-8a4a-492d-ac7f-7d26ed8f8a63 646 2442 5157 +edge_12_1_+disjointig_40_4630_6445 0 1802 1815 -1 -1 1448 0.022424
	Aln	26	-dcb63d81-8a4a-492d-ac7f-7d26ed8f8a63 2464 4246 5157 +edge_14_1_+disjointig_51_4563_6866 9 1790 2303 -1 -1 1200 0.0365127
Chain
	Aln	139	+1b177405-8095-496a-86ce-de1c59129880 131 774 5583 -edge_70_2_+disjointig_6_8130_8852 60 704 722 -1 -1 269 0.0773457
	Aln	141	+1b177405-8095-496a-86ce-de1c59129880 758 1423 5583 -edge_71_0_+disjointig_6_6489_7170 13 680 681 -1 -1 305 0.0644193
	Aln	135	+1b177405-8095-496a-86ce-de1c59129880 1410 1906 5583 -edge_68_0_+disjointig_6_1313_1845 38 531 532 -1 -1 239 0.0679454
	Aln	139	+1b177405-8095-496a-86ce-de1c59129880 1857 2779 5583 -edge_70_1_+disjointig_6_7170_8130 46 954 960 -1 -1 454 0.0668706
	Aln	135	+1b177405-8095-496a-86ce-de1c59129880 2760 3269 5583 -edge_68_1_+disjointig_6_5331_5867 29 535 536 -1 -1 253 0.0738296
	Aln	133	+1b177405-8095-496a-86ce-de1c59129880 3321 3802 5583 -edge_67_0_+disjointig_6_783_1313 51 529 530 -1 -1 238 0.0662577
	Aln	139	+1b177405-8095-496a-86ce-de1c59129880 3817 4527 5583 -edge_70_2_+disjointig_6_8130_8852 8 715 722 -1 -1 330 0.0711169
	Aln	141	+1b177405-8095-496a-86ce-de1c59129880 4498 5168 5583 -edge_71_0_+disjointig_6_6489_7170 11 680 681 -1 -1 380 0.052658
	Aln	135	+1b177405-8095-496a-86ce-de1c59129880 5155 5548 5583 -edge_68_0_+disjointig_6_1313_1845 38 428 532 -1 -1 185 0.068558
Chain
	Aln	134	-1b177405-8095-496a-86ce-de1c59129880 34 427 5583 +edge_68_0_+disjointig_6_1313_1845 103 493 532 -1 -1 185 0.068558
	Aln	140	-1b177405-8095-496a-86ce-de1c59129880 414 1084 5583 +edge_71_0_+disjointig_6_6489_7170 0 669 681 -1 -1 380 0.052658
	Aln	138	-1b177405-8095-496a-86ce-de1c59129880 1055 1765 5583 +edge_70_2_+disjointig_6_8130_8852 6 713 722 -1 -1 330 0.0711169
	Aln	132	-1b177405-8095-496a-86ce-de1c59129880 1780 2261 5583 +edge_67_0_+disjointig_6_783_1313 0 478 530 -1 -1 238 0.0662577
	Aln	134	-1b177405-8095-496a-86ce-de1c59129880 2313 2822 5583 +edge_68_1_+disjointig_6_5331_5867 0 506 536 -1 -1 253 0.0738296
	Aln	138	-1b177405-8095-496a-86ce-de1c59129880 2803 3725 5583 +edge_70_1_+disjointig_6_7170_8130 5 913 960 -1 -1 454 0.0668706
	Aln	134	-1b177405-8095-496a-86ce-de1c59129880 3676 4172 5583 +edge_68_0_+disjointig_6_1313_1845 0 493 532 -1 -1 239 0.0679454
	Aln	140	-1b177405-8095-496a-86ce-de1c59129880 4159 4824 5583 +edge_71_0_+disjointig_6_6489_7170 0 667 681 -1 -1 305 0.0644193
	Aln	138	-1b177405-8095-496a-86ce-de1c59129880 4808 5451 5583 +edge_70_2_+disjointig_6_8130_8852 17 661 722 -1 -1 269 0.0773457
Chain
	Aln	18	+e7521571-ee8c-4ab2-abd4-1d68d4862075 1523 2647 2675 +edge_10_0_+disjointig_17_27543_29015 73 1203 1472 -1 -1 490 0.0678711
Chain
	Aln	19	-e7521571-ee8c-4ab2-abd4-1d68d4862075 27 1151 2675 -edge_10_0_+disjointig_17_27543_29015 268 1398 1472 -1 -1 490 0.0678711
Chain
	Aln	5	+52c59bab-7bfc-4109-bd9e-162da24524bb 6 679 7730 -edge_3_0_+disjointig_11_34_805 71 770 771 -1 -1 569 0.0150722
	Aln	5	+52c59bab-7bfc-4109-bd9e-162da24524bb 855 1566 7730 -edge_3_0_+disjointig_11_34_805 10 770 771 -1 -1 647 0.00940069
	Aln	7	+52c59bab-7bfc-4109-bd9e-162da24524bb 1640 3039 7730 -edge_4_2_+disjointig_11_4342_5789 47 1446 1447 -1 -1 1145 0.0198058
	Aln	5	+52c59bab-7bfc-4109-bd9e-162da24524bb 3067 3809 7730 -edge_3_2_+disjointig_11_3568_4342 27 768 774 -1 -1 653 0.017906
	Aln	7	+52c59bab-7bfc-4109-bd9e-162da24524bb 3821 4816 7730 -edge_4_0_+disjointig_11_805_1807 6 1001 1002 -1 -1 832 0.0154981
	Aln	5	+52c59bab-7bfc-4109-bd9e-162da24524bb 4844 5587 7730 -edge_3_0_+disjointig_11_34_805 27 770 771 -1 -1 583 0.0223447
	Aln	7	+52c59bab-7bfc-4109-bd9e-162da24524bb 5624 7011 7730 -edge_4_2_+disjointig_11_4342_5789 10 1446 1447 -1 -1 1176 0.0154104
	Aln	5	+52c59bab-7bfc-4109-bd9e-162da24524bb 7010 7272 7730 -edge_3_3_+disjointig_11_5789_6340 238 535 551 -1 -1 16 0.193135
	Aln	5	+52c59bab-7bfc-4109-bd9e-162da24524bb 7256 7428 7730 -edge_3_1_+disjointig_11_1807_2392 104 272 585 -1 -1 31 0.161004
	Aln	5	+52c59bab-7bfc-4109-bd9e-162da24524bb 7527 7666 7730 -edge_3_1_+disjointig_11_1807_2392 104 269 585 -1 -1 43 0.117429
Chain
	Aln	4	-52c59bab-7bfc-4109-bd9e-162da24524bb 63 202 7730 +edge_3_1_+disjointig_11_1807_2392 315 480 585 -1 -1 43 0.117429
	Aln	4	-52c59bab-7bfc-4109-bd9e-162da24524bb 301 473 7730 +edge_3_1_+disjointig_11_1807_2392 312 480 585 -1 -1 31 0.161004
	Aln	4	-52c59bab-7bfc-4109-bd9e-162da24524bb 457 719 7730 +edge_3_3_+disjointig_11_5789_6340 15 312 551 -1 -1 16 0.193135
	Aln	6	-52c59bab-7bfc-4109-bd9e-162da24524bb 718 2105 7730 +edge_4_2_+disjointig_11_4342_5789 0 1436 1447 -1 -1 1176 0.0154104
	Aln	4	-52c59bab-7bfc-4109-bd9e-162da24524bb 2142 2885 7730 +edge_3_0_+disjointig_11_34_805 0 743 771 -1 -1 583 0.0223447
	Aln	6	-52c59bab-7bfc-4109-bd9e-162da24524bb 2913 3908 7730 +edge_4_0_+disjointig_11_805_1807 0 995 1002 -1 -1 832 0.0154981
	Aln	4	-52c59bab-7bfc-4109-bd9e-162da24524bb 3920 4662 7730 +edge_3_2_+disjointig_11_3568_4342 5 746 774 -1 -1 653 0.017906
	Aln	6	-52c59bab-7bfc-4109-bd9e-162da24524bb 4690 6089 7730 +edge_4_2_+disjointig_11_4342_5789 0 1399 1447 -1 -1 1145 0.0198058
	Aln	4	-52c59bab-7bfc-4109-bd9e-162da24524bb 6163 6874 7730 +edge_3_0_+disjointig_11_34_805 0 760 771 -1 -1 647 0.00940069
	Aln	4	-52c59bab-7bfc-4109-bd9e-162da24524bb 7050 7723 7730 +edge_3_0_+disjointig_11_34_805 0 699 771 -1 -1 569 0.0150722
Chain
	Aln	23	+c96be94d-98d7-41e2-80b0-56017e4c75fd 10 1436 2706 -edge_12_1_+disjointig_40_4630_6445 370 1795 1815 -1 -1 1218 0.0169325
	Aln	19	+c96be94d-98d7-41e2-80b0-56017e4c75fd 1463 2702 2706 -edge_10_1_+disjointig_40_3316_4630 7 1240 1314 -1 -1 1059 0.0154773
Chain
	Aln	18	-c96be94d-98d7-41e2-80b0-56017e4c75fd 3 1242 2706 +edge_10_1_+disjointig_40_3316_4630 73 1306 1314 -1 -1 1059 0.0154773
	Aln	22	-c96be94d-98d7-41e2-80b0-56017e4c75fd 1269 2695 2706 +edge_12_1_+disjointig_40_4630_6445 19 1444 1815 -1 -1 1218 0.0169325
Chain
	Aln	158	+2687979e-b6b1-4faf-9151-d00f82493d67 2433 14554 14559 +edge_80_0_+disjointig_69_0_12582 457 12578 12582 -1 -1 10150 0.0137309
Chain
	Aln	159	-2687979e-b6b1-4faf-9151-d00f82493d67 4 12125 14559 -edge_80_0_+disjointig_69_0_12582 3 12124 12582 -1 -1 10150 0.0137309
Chain
	Aln	27	+f6c8970b-9e82-4e82-a1ad-800bae61ca2f 310 2540 5953 -edge_14_1_+disjointig_51_4563_6866 70 2298 2303 -1 -1 1478 0.0441605
	Aln	23	+f6c8970b-9e82-4e82-a1ad-800bae61ca2f 2560 4361 5953 -edge_12_1_+disjointig_40_4630_6445 12 1814 1815 -1 -1 1433 0.0274215
	Aln	19	+f6c8970b-9e82-4e82-a1ad-800bae61ca2f 4369 5673 5953 -edge_10_1_+disjointig_40_3316_4630 7 1313 1314 -1 -1 1069 0.0206763
Chain
	Aln	18	-f6c8970b-9e82-4e82-a1ad-800bae61ca2f 279 1583 5953 +edge_10_1_+disjointig_40_3316_4630 0 1306 1314 -1 -1 1069 0.0206763
	Aln	22	-f6c8970b-9e82-4e82-a1ad-800bae61ca2f 1591 3392 5953 +edge_12_1_+disjointig_40_4630_6445 0 1802 1815 -1 -1 1433 0.0274215
	Aln	26	-f6c8970b-9e82-4e82-a1ad-800bae61ca2f 3412 5642 5953 +edge_14_1_+disjointig_51_4563_6866 4 2232 2303 -1 -1 1478 0.0441605
Chain
	Aln	18	+85719f5e-b4ab-4541-a30b-88b210b70c7c 2512 3904 14976 +edge_10_0_+disjointig_17_27543_29015 1 1410 1472 -1 -1 785 0.0506191
	Aln	22	+85719f5e-b4ab-4541-a30b-88b210b70c7c 3997 5573 14976 +edge_12_2_+disjointig_51_2913_4563 36 1637 1650 -1 -1 845 0.0603749
	Aln	26	+85719f5e-b4ab-4541-a30b-88b210b70c7c 5547 6356 14976 +edge_14_0_+disjointig_17_30625_32948 1 798 2323 -1 -1 374 0.0716069
Chain
	Aln	27	-85719f5e-b4ab-4541-a30b-88b210b70c7c 8619 9428 14976 -edge_14_0_+disjointig_17_30625_32948 1524 2321 2323 -1 -1 374 0.0716069
	Aln	23	-85719f5e-b4ab-4541-a30b-88b210b70c7c 9402 10978 14976 -edge_12_2_+disjointig_51_2913_4563 12 1613 1650 -1 -1 845 0.0603749
	Aln	19	-85719f5e-b4ab-4541-a30b-88b210b70c7c 11071 12463 14976 -edge_10_0_+disjointig_17_27543_29015 61 1470 1472 -1 -1 785 0.0506191
Chain
	Aln	120	+6f247ef5-90ef-41cf-b5ad-cf5bcf74517a 24 18147 18149 +edge_61_0_+disjointig_54_0_17905 1 17884 17905 -1 -1 14658 0.0177626
Chain
	Aln	121	-6f247ef5-90ef-41cf-b5ad-cf5bcf74517a 1 18124 18149 -edge_61_0_+disjointig_54_0_17905 20 17903 17905 -1 -1 14658 0.0177626
Chain
	Aln	121	+2b6a3b86-c90e-4bb2-bfe9-0b4005163070 13 18121 18135 -edge_61_0_+disjointig_54_0_17905 12 17891 17905 -1 -1 13966 0.0239251
Chain
	Aln	120	-2b6a3b86-c90e-4bb2-bfe9-0b4005163070 13 18121 18135 +edge_61_0_+disjointig_54_0_17905 13 17892 17905 -1 -1 13966 0.0239251
Chain
	Aln	139	+d265f19c-f6b4-48dc-8737-71c6dedf1f9b 28 283 1577 -edge_70_2_+disjointig_6_8130_8852 451 704 722 -1 -1 112 0.0697015
	Aln	139	+d265f19c-f6b4-48dc-8737-71c6dedf1f9b 260 973 1577 -edge_70_2_+disjointig_6_8130_8852 3 715 722 -1 -1 317 0.0762854
	Aln	139	+d265f19c-f6b4-48dc-8737-71c6dedf1f9b 939 1492 1577 -edge_70_3_+disjointig_6_9536_10549 3 554 1013 -1 -1 331 0.0505057
Chain
	Aln	138	-d265f19c-f6b4-48dc-8737-71c6dedf1f9b 84 637 1577 +edge_70_3_+disjointig_6_9536_10549 458 1009 1013 -1 -1 331 0.0505057
	Aln	138	-d265f19c-f6b4-48dc-8737-71c6dedf1f9b 603 1316 1577 +edge_70_2_+disjointig_6_8130_8852 6 718 722 -1 -1 317 0.0762854
	Aln	138	-d265f19c-f6b4-48dc-8737-71c6dedf1f9b 1293 1548 1577 +edge_70_2_+disjointig_6_8130_8852 17 270 722 -1 -1 112 0.0697015
Chain
	Aln	141	+157d9fd4-99fd-4ae9-969e-e646b499ecab 9 604 4425 -edge_71_1_+disjointig_6_8852_9536 84 680 684 -1 -1 283 0.0710131
	Aln	139	+157d9fd4-99fd-4ae9-969e-e646b499ecab 616 1325 4425 -edge_70_2_+disjointig_6_8130_8852 8 715 722 -1 -1 286 0.0890806
	Aln	139	+157d9fd4-99fd-4ae9-969e-e646b499ecab 1296 2005 4425 -edge_70_2_+disjointig_6_8130_8852 8 715 722 -1 -1 394 0.0611713
	Aln	139	+157d9fd4-99fd-4ae9-969e-e646b499ecab 1978 2945 4425 -edge_70_3_+disjointig_6_9536_10549 10 975 1013 -1 -1 500 0.0655215
	Aln	139	+157d9fd4-99fd-4ae9-969e-e646b499ecab 3008 3705 4425 -edge_70_2_+disjointig_6_8130_8852 20 715 722 -1 -1 333 0.0716815
	Aln	139	+157d9fd4-99fd-4ae9-969e-e646b499ecab 3676 4415 4425 -edge_70_3_+disjointig_6_9536_10549 8 745 1013 -1 -1 391 0.0636091
Chain
	Aln	138	-157d9fd4-99fd-4ae9-969e-e646b499ecab 9 748 4425 +edge_70_3_+disjointig_6_9536_10549 267 1004 1013 -1 -1 391 0.0636091
	Aln	138	-157d9fd4-99fd-4ae9-969e-e646b499ecab 719 1416 4425 +edge_70_2_+disjointig_6_8130_8852 6 701 722 -1 -1 333 0.0716815
	Aln	138	-157d9fd4-99fd-4ae9-969e-e646b499ecab 1479 2446 4425 +edge_70_3_+disjointig_6_9536_10549 37 1002 1013 -1 -1 500 0.0655215
	Aln	138	-157d9fd4-99fd-4ae9-969e-e646b499ecab 2419 3128 4425 +edge_70_2_+disjointig_6_8130_8852 6 713 722 -1 -1 394 0.0611713
	Aln	138	-157d9fd4-99fd-4ae9-969e-e646b499ecab 3099 3808 4425 +edge_70_2_+disjointig_6_8130_8852 6 713 722 -1 -1 286 0.0890806
	Aln	140	-157d9fd4-99fd-4ae9-969e-e646b499ecab 3820 4415 4425 +edge_71_1_+disjointig_6_8852_9536 3 599 684 -1 -1 283 0.0710131
Chain
	Aln	64	+b892ef94-dec3-49b2-a4ff-bad05f98122d 249 1773 16597 +edge_33_0_+disjointig_3_183_1713 0 1524 1530 -1 -1 1524 0.000773892
	Aln	64	+b892ef94-dec3-49b2-a4ff-bad05f98122d 1779 3342 16597 +edge_33_1_+disjointig_3_1713_3309 0 1563 1596 -1 -1 1563 0.00165145
	Aln	64	+b892ef94-dec3-49b2-a4ff-bad05f98122d 3796 5388 16597 +edge_33_2_+disjointig_3_7268_8869 0 1597 1601 -1 -1 1363 0.0186646
	Aln	64	+b892ef94-dec3-49b2-a4ff-bad05f98122d 5392 6952 16597 +edge_33_3_+disjointig_3_8869_10420 0 1541 1551 -1 -1 1391 0.0150605
	Aln	64	+b892ef94-dec3-49b2-a4ff-bad05f98122d 7408 9010 16597 +edge_33_2_+disjointig_3_7268_8869 0 1597 1601 -1 -1 1488 0.0092186
	Aln	64	+b892ef94-dec3-49b2-a4ff-bad05f98122d 9014 10543 16597 +edge_33_3_+disjointig_3_8869_10420 0 1531 1551 -1 -1 1402 0.0126448
	Aln	64	+b892ef94-dec3-49b2-a4ff-bad05f98122d 10992 12582 16597 +edge_33_2_+disjointig_3_7268_8869 12 1597 1601 -1 -1 1348 0.0175257
	Aln	64	+b892ef94-dec3-49b2-a4ff-bad05f98122d 12774 14360 16597 +edge_33_2_+disjointig_3_7268_8869 0 1597 1601 -1 -1 1375 0.0152912
	Aln	64	+b892ef94-dec3-49b2-a4ff-bad05f98122d 14547 16100 16597 +edge_33_2_+disjointig_3_7268_8869 0 1551 1601 -1 -1 1414 0.0144851
Chain
	Aln	65	-b892ef94-dec3-49b2-a4ff-bad05f98122d 496 2049 16597 -edge_33_2_+disjointig_3_7268_8869 49 1600 1601 -1 -1 1414 0.0144851
	Aln	65	-b892ef94-dec3-49b2-a4ff-bad05f98122d 2236 3822 16597 -edge_33_2_+disjointig_3_7268_8869 3 1600 1601 -1 -1 1375 0.0152912
	Aln	65	-b892ef94-dec3-49b2-a4ff-bad05f98122d 4014 5604 16597 -edge_33_2_+disjointig_3_7268_8869 3 1588 1601 -1 -1 1348 0.0175257
	Aln	65	-b892ef94-dec3-49b2-a4ff-bad05f98122d 6053 7582 16597 -edge_33_3_+disjointig_3_8869_10420 19 1550 1551 -1 -1 1402 0.0126448
	Aln	65	-b892ef94-dec3-49b2-a4ff-bad05f98122d 7586 9188 16597 -edge_33_2_+disjointig_3_7268_8869 3 1600 1601 -1 -1 1488 0.0092186
	Aln	65	-b892ef94-dec3-49b2-a4ff-bad05f98122d 9644 11204 16597 -edge_33_3_+disjointig_3_8869_10420 9 1550 1551 -1 -1 1391 0.0150605
	Aln	65	-b892ef94-dec3-49b2-a4ff-bad05f98122d 11208 12800 16597 -edge_33_2_+disjointig_3_7268_8869 3 1600 1601 -1 -1 1363 0.0186646
	Aln	65	-b892ef94-dec3-49b2-a4ff-bad05f98122d 13254 14817 16597 -edge_33_1_+disjointig_3_1713_3309 32 1595 1596 -1 -1 1563 0.00165145
	Aln	65	-b892ef94-dec3-49b2-a4ff-bad05f98122d 14823 16347 16597 -edge_33_0_+disjointig_3_183_1713 5 1529 1530 -1 -1 1524 0.000773892
Chain
	Aln	23	+4f0542ba-6716-43d6-996b-5d9172929c8d 600 1662 1755 -edge_12_2_+disjointig_51_2913_4563 160 1222 1650 -1 -1 580 0.0633083
Chain
	Aln	22	-4f0542ba-6716-43d6-996b-5d9172929c8d 92 1154 1755 +edge_12_2_+disjointig_51_2913_4563 427 1489 1650 -1 -1 580 0.0633083
Chain
	Aln	23	+547cf0b3-9a9c-48c6-a6be-fe50bcefc909 211 1772 2871 -edge_12_2_+disjointig_51_2913_4563 71 1639 1650 -1 -1 1041 0.0477624
	Aln	19	+547cf0b3-9a9c-48c6-a6be-fe50bcefc909 1807 2806 2871 -edge_10_0_+disjointig_17_27543_29015 24 1025 1472 -1 -1 638 0.0440484
Chain
	Aln	18	-547cf0b3-9a9c-48c6-a6be-fe50bcefc909 64 1063 2871 +edge_10_0_+disjointig_17_27543_29015 446 1447 1472 -1 -1 638 0.0440484
	Aln	22	-547cf0b3-9a9c-48c6-a6be-fe50bcefc909 1098 2659 2871 +edge_12_2_+disjointig_51_2913_4563 10 1578 1650 -1 -1 1041 0.0477624
Chain
	Aln	90	+16a17df8-be9d-417b-8301-078f2d921979 4 1630 1636 +edge_46_0_+disjointig_4_1_3716 353 1979 3715 -1 -1 1572 0.00456234
Chain
	Aln	91	-16a17df8-be9d-417b-8301-078f2d921979 5 1631 1636 -edge_46_0_+disjointig_4_1_3716 1735 3361 3715 -1 -1 1572 0.00456234
Chain
	Aln	196	+00c6ef29-2c73-4673-8ff1-9ccc872338f3 1456 5761 18978 +edge_99_0_+disjointig_19_4140_8546 30 4317 4406 -1 -1 3252 0.0297412
	Aln	196	+00c6ef29-2c73-4673-8ff1-9ccc872338f3 5889 10266 18978 +edge_99_0_+disjointig_19_4140_8546 30 4390 4406 -1 -1 3317 0.0303399
	Aln	196	+00c6ef29-2c73-4673-8ff1-9ccc872338f3 10317 14618 18978 +edge_99_0_+disjointig_19_4140_8546 30 4317 4406 -1 -1 3130 0.0330636
	Aln	196	+00c6ef29-2c73-4673-8ff1-9ccc872338f3 14743 18962 18978 +edge_99_0_+disjointig_19_4140_8546 30 4236 4406 -1 -1 3247 0.0279259
Chain
	Aln	197	-00c6ef29-2c73-4673-8ff1-9ccc872338f3 15 4234 18978 -edge_99_0_+disjointig_19_4140_8546 169 4375 4406 -1 -1 3247 0.0279259
	Aln	197	-00c6ef29-2c73-4673-8ff1-9ccc872338f3 4359 8660 18978 -edge_99_0_+disjointig_19_4140_8546 88 4375 4406 -1 -1 3130 0.0330636
	Aln	197	-00c6ef29-2c73-4673-8ff1-9ccc872338f3 8711 13088 18978 -edge_99_0_+disjointig_19_4140_8546 15 4375 4406 -1 -1 3317 0.0303399
	Aln	197	-00c6ef29-2c73-4673-8ff1-9ccc872338f3 13216 17521 18978 -edge_99_0_+disjointig_19_4140_8546 88 4375 4406 -1 -1 3252 0.0297412
Chain
	Aln	197	+59f2aa00-5b9f-41a4-ab62-829014998780 69 3314 3638 -edge_99_0_+disjointig_19_4140_8546 1144 4375 4406 -1 -1 2377 0.031494
Chain
	Aln	196	-59f2aa00-5b9f-41a4-ab62-829014998780 323 3568 3638 +edge_99_0_+disjointig_19_4140_8546 30 3261 4406 -1 -1 2377 0.031494
Chain
	Aln	45	+e663df99-e42a-4f2a-acb6-f35bb509f57b 81 2536 2544 -edge_23_0_+disjointig_20_0_5599 3166 5592 5599 -1 -1 1462 0.0467821
Chain
	Aln	44	-e663df99-e42a-4f2a-acb6-f35bb509f57b 7 2462 2544 +edge_23_0_+disjointig_20_0_5599 6 2432 5599 -1 -1 1462 0.0467821
Chain
	Aln	87	+bba54837-0951-4e66-8445-535ba6d15d12 16 3531 3608 -edge_44_0_+disjointig_38_0_3613 15 3540 3613 -1 -1 2368 0.0386504
Chain
	Aln	86	-bba54837-0951-4e66-8445-535ba6d15d12 76 3591 3608 +edge_44_0_+disjointig_38_0_3613 72 3597 3613 -1 -1 2368 0.0386504
Chain
	Aln	86	+992538c3-95d4-494f-8493-83fb57d7fa0a 29 3607 3612 +edge_44_0_+disjointig_38_0_3613 7 3584 3613 -1 -1 3083 0.0146113
Chain
	Aln	87	-992538c3-95d4-494f-8493-83fb57d7fa0a 4 3582 3612 -edge_44_0_+disjointig_38_0_3613 28 3605 3613 -1 -1 3083 0.0146113
Chain
	Aln	34	+6e0f224c-e559-4c7d-b2af-c5a6b2658c54 22 2034 2067 +edge_18_0_+disjointig_18_0_11475 5231 7203 11475 -1 -1 1676 0.0166942
Chain
	Aln	35	-6e0f224c-e559-4c7d-b2af-c5a6b2658c54 32 2044 2067 -edge_18_0_+disjointig_18_0_11475 4271 6243 11475 -1 -1 1676 0.0166942
Chain
	Aln	6	+32ad2b81-d008-4901-a7b6-8b597484b837 71 925 2069 +edge_4_2_+disjointig_11_4342_5789 582 1436 1447 -1 -1 832 0.000377918
	Aln	4	+32ad2b81-d008-4901-a7b6-8b597484b837 961 1522 2069 +edge_3_1_+disjointig_11_1807_2392 0 564 585 -1 -1 341 0.0345346
	Aln	6	+32ad2b81-d008-4901-a7b6-8b597484b837 1553 2066 2069 +edge_4_3_+disjointig_11_6340_7531 10 523 1191 -1 -1 491 0.00461129
Chain
	Aln	7	-32ad2b81-d008-4901-a7b6-8b597484b837 2 515 2069 -edge_4_3_+disjointig_11_6340_7531 667 1180 1191 -1 -1 491 0.00461129
	Aln	5	-32ad2b81-d008-4901-a7b6-8b597484b837 546 1107 2069 -edge_3_1_+disjointig_11_1807_2392 20 584 585 -1 -1 341 0.0345346
	Aln	7	-32ad2b81-d008-4901-a7b6-8b597484b837 1143 1997 2069 -edge_4_2_+disjointig_11_4342_5789 10 864 1447 -1 -1 832 0.000377918
Chain
	Aln	100	+4070b904-5e61-46ce-867d-e11724318802 69 7925 7929 +edge_51_0_+disjointig_44_0_7919 47 7895 7919 -1 -1 6948 0.0123215
Chain
	Aln	101	-4070b904-5e61-46ce-867d-e11724318802 3 7859 7929 -edge_51_0_+disjointig_44_0_7919 23 7871 7919 -1 -1 6948 0.0123215
Chain
	Aln	101	+51345ddd-4b26-42d0-9e8f-9c09fe6fa15c 10 7676 7710 -edge_51_0_+disjointig_44_0_7919 9 7880 7919 -1 -1 5212 0.0336206
Chain
	Aln	100	-51345ddd-4b26-42d0-9e8f-9c09fe6fa15c 33 7699 7710 +edge_51_0_+disjointig_44_0_7919 38 7909 7919 -1 -1 5212 0.0336206
Chain
	Aln	89	+d2dcbfb3-35cb-44e2-862e-54e66aaf1a84 13 10193 10212 -edge_45_0_+disjointig_39_0_10165 12 10144 10165 -1 -1 8394 0.0193263
Chain
	Aln	88	-d2dcbfb3-35cb-44e2-862e-54e66aaf1a84 18 10198 10212 +edge_45_0_+disjointig_39_0_10165 20 10152 10165 -1 -1 8394 0.0193263
Chain
	Aln	88	+bc6a66a2-3884-43ab-a9d1-f5a68ae1dadf 21 10176 12623 +edge_45_0_+disjointig_39_0_10165 1 10156 10165 -1 -1 9634 0.00584139
Chain
	Aln	18	+bc6a66a2-3884-43ab-a9d1-f5a68ae1dadf 10845 12141 12623 +edge_10_1_+disjointig_40_3316_4630 1 1303 1314 -1 -1 1094 0.0190869
Chain
	Aln	89	-bc6a66a2-3884-43ab-a9d1-f5a68ae1dadf 2446 12601 12623 -edge_45_0_+disjointig_39_0_10165 8 10163 10165 -1 -1 9634 0.00584139
Chain
	Aln	19	-bc6a66a2-3884-43ab-a9d1-f5a68ae1dadf 481 1777 12623 -edge_10_1_+disjointig_40_3316_4630 10 1312 1314 -1 -1 1094 0.0190869
Chain
	Aln	91	+70dd76f8-2034-415d-bd46-0975890e743b 2 2494 2497 -edge_46_0_+disjointig_4_1_3716 714 3207 3715 -1 -1 2333 0.0101009
Chain
	Aln	90	-70dd76f8-2034-415d-bd46-0975890e743b 2 2494 2497 +edge_46_0_+disjointig_4_1_3716 507 3000 3715 -1 -1 2333 0.0101009
Chain
	Aln	92	+69c54a74-7acf-48a0-b0be-e689ce4ad73c 6 1385 5530 +edge_47_0_+disjointig_4_7140_9208 655 2036 2068 -1 -1 795 0.0522535
Chain
	Aln	93	-69c54a74-7acf-48a0-b0be-e689ce4ad73c 4144 5523 5530 -edge_47_0_+disjointig_4_7140_9208 31 1412 2068 -1 -1 795 0.0522535
Chain
	Aln	81	+638227b8-d106-4ca7-a260-d0b6ff1622de 12 3118 3122 -edge_41_0_+disjointig_35_0_3115 11 3111 3115 -1 -1 1432 0.0712836
Chain
	Aln	80	-638227b8-d106-4ca7-a260-d0b6ff1622de 3 3109 3122 +edge_41_0_+disjointig_35_0_3115 3 3103 3115 -1 -1 1432 0.0712836
Chain
	Aln	80	+df04c7a6-8708-497b-95e4-92d29321c245 58 3097 3107 +edge_41_0_+disjointig_35_0_3115 42 3081 3115 -1 -1 2562 0.0202105
Chain
	Aln	81	-df04c7a6-8708-497b-95e4-92d29321c245 9 3048 3107 -edge_41_0_+disjointig_35_0_3115 33 3072 3115 -1 -1 2562 0.0202105
Chain
	Aln	123	+deedca7d-f04a-4c9b-b99c-85f52010fea5 12 2443 2447 -edge_62_0_+disjointig_55_0_2435 11 2431 2435 -1 -1 1926 0.0234473
Chain
	Aln	122	-deedca7d-f04a-4c9b-b99c-85f52010fea5 3 2434 2447 +edge_62_0_+disjointig_55_0_2435 3 2423 2435 -1 -1 1926 0.0234473
Chain
	Aln	122	+eae87148-a4b1-4504-99fb-cf2fdd8d65e2 37 2130 2171 +edge_62_0_+disjointig_55_0_2435 17 2110 2435 -1 -1 1993 0.00658595
Chain
	Aln	123	-eae87148-a4b1-4504-99fb-cf2fdd8d65e2 40 2133 2171 -edge_62_0_+disjointig_55_0_2435 324 2417 2435 -1 -1 1993 0.00658595
Chain
	Aln	27	+30331ab0-d39c-4590-bb97-ffcde9441862 550 2809 3058 -edge_14_0_+disjointig_17_30625_32948 62 2306 2323 -1 -1 1321 0.0487792
Chain
	Aln	26	-30331ab0-d39c-4590-bb97-ffcde9441862 248 2507 3058 +edge_14_0_+disjointig_17_30625_32948 16 2260 2323 -1 -1 1321 0.0487792
Chain
	Aln	128	+2e0ecd66-ae76-432e-8c97-d42c84d446e4 35496 43456 43460 +edge_65_0_+disjointig_58_0_7930 3 7927 7930 -1 -1 6355 0.0158855
Chain
	Aln	18	+2e0ecd66-ae76-432e-8c97-d42c84d446e4 32148 33571 43460 +edge_10_0_+disjointig_17_27543_29015 38 1458 1472 -1 -1 744 0.0640526
	Aln	22	+2e0ecd66-ae76-432e-8c97-d42c84d446e4 33585 35122 43460 +edge_12_0_+disjointig_17_29015_30625 2 1553 1610 -1 -1 632 0.079571
Chain
	Aln	129	-2e0ecd66-ae76-432e-8c97-d42c84d446e4 3 7963 43460 -edge_65_0_+disjointig_58_0_7930 2 7926 7930 -1 -1 6355 0.0158855
Chain
	Aln	23	-2e0ecd66-ae76-432e-8c97-d42c84d446e4 8337 9874 43460 -edge_12_0_+disjointig_17_29015_30625 56 1607 1610 -1 -1 632 0.079571
	Aln	19	-2e0ecd66-ae76-432e-8c97-d42c84d446e4 9888 11311 43460 -edge_10_0_+disjointig_17_27543_29015 13 1433 1472 -1 -1 744 0.0640526
Chain
	Aln	62	+fe9df636-6a74-4943-81bd-0a3cfb526418 20 2397 2404 +edge_32_0_+disjointig_29_0_2401 1 2378 2401 -1 -1 2212 0.00729811
Chain
	Aln	63	-fe9df636-6a74-4943-81bd-0a3cfb526418 6 2383 2404 -edge_32_0_+disjointig_29_0_2401 22 2399 2401 -1 -1 2212 0.00729811
Chain
	Aln	63	+94e062e4-ab15-49c5-8432-192acecc6e89 14 2379 2381 -edge_32_0_+disjointig_29_0_2401 13 2399 2401 -1 -1 1813 0.0241834
Chain
	Aln	62	-94e062e4-ab15-49c5-8432-192acecc6e89 1 2366 2381 +edge_32_0_+disjointig_29_0_2401 1 2387 2401 -1 -1 1813 0.0241834
Chain
	Aln	141	+ae76ec4d-9f0c-418c-9bcf-264a011bdab8 13 268 1618 -edge_71_0_+disjointig_6_6489_7170 350 604 681 -1 -1 182 0.0402682
	Aln	135	+ae76ec4d-9f0c-418c-9bcf-264a011bdab8 337 824 1618 -edge_68_0_+disjointig_6_1313_1845 44 528 532 -1 -1 211 0.081173
	Aln	139	+ae76ec4d-9f0c-418c-9bcf-264a011bdab8 778 1580 1618 -edge_70_1_+disjointig_6_7170_8130 46 835 960 -1 -1 416 0.0609855
Chain
	Aln	138	-ae76ec4d-9f0c-418c-9bcf-264a011bdab8 37 839 1618 +edge_70_1_+disjointig_6_7170_8130 124 913 960 -1 -1 416 0.0609855
	Aln	134	-ae76ec4d-9f0c-418c-9bcf-264a011bdab8 793 1280 1618 +edge_68_0_+disjointig_6_1313_1845 3 487 532 -1 -1 211 0.081173
	Aln	140	-ae76ec4d-9f0c-418c-9bcf-264a011bdab8 1349 1604 1618 +edge_71_0_+disjointig_6_6489_7170 76 330 681 -1 -1 182 0.0402682
Chain
	Aln	160	+3abc5395-78ae-43ba-a5a9-b4b8536fc575 1308 3782 3838 +edge_81_0_+disjointig_7_0_2522 2 2453 2522 -1 -1 2069 0.0190386
Chain
	Aln	161	-3abc5395-78ae-43ba-a5a9-b4b8536fc575 55 2529 3838 -edge_81_0_+disjointig_7_0_2522 68 2519 2522 -1 -1 2069 0.0190386
Chain
	Aln	161	+dbcdf6af-fdea-4a2c-bca2-2ee5ee3117c3 14 2524 2531 -edge_81_0_+disjointig_7_0_2522 13 2514 2522 -1 -1 2191 0.0154778
Chain
	Aln	160	-dbcdf6af-fdea-4a2c-bca2-2ee5ee3117c3 6 2516 2531 +edge_81_0_+disjointig_7_0_2522 7 2508 2522 -1 -1 2191 0.0154778
Chain
	Aln	148	+96479f25-6b49-41d0-b510-6bc44c052458 280 2658 2661 +edge_75_0_+disjointig_63_0_2439 40 2418 2439 -1 -1 1859 0.0219502
Chain
	Aln	149	-96479f25-6b49-41d0-b510-6bc44c052458 2 2380 2661 -edge_75_0_+disjointig_63_0_2439 20 2398 2439 -1 -1 1859 0.0219502
Chain
	Aln	133	+849a23c4-93f3-40c0-a471-d7877925c47e 20 474 4167 -edge_67_0_+disjointig_6_783_1313 69 520 530 -1 -1 246 0.0670891
	Aln	139	+849a23c4-93f3-40c0-a471-d7877925c47e 498 1205 4167 -edge_70_2_+disjointig_6_8130_8852 8 715 722 -1 -1 339 0.0708675
	Aln	139	+849a23c4-93f3-40c0-a471-d7877925c47e 1171 1874 4167 -edge_70_2_+disjointig_6_8130_8852 3 704 722 -1 -1 371 0.064646
	Aln	139	+849a23c4-93f3-40c0-a471-d7877925c47e 1856 2564 4167 -edge_70_2_+disjointig_6_8130_8852 8 715 722 -1 -1 354 0.0679335
	Aln	139	+849a23c4-93f3-40c0-a471-d7877925c47e 2530 3234 4167 -edge_70_2_+disjointig_6_8130_8852 3 704 722 -1 -1 362 0.0675998
	Aln	139	+849a23c4-93f3-40c0-a471-d7877925c47e 3216 3925 4167 -edge_70_2_+disjointig_6_8130_8852 8 715 722 -1 -1 356 0.0665642
	Aln	135	+849a23c4-93f3-40c0-a471-d7877925c47e 3889 4164 4167 -edge_68_0_+disjointig_6_1313_1845 53 327 532 -1 -1 161 0.0561795
Chain
	Aln	134	-849a23c4-93f3-40c0-a471-d7877925c47e 2 277 4167 +edge_68_0_+disjointig_6_1313_1845 204 478 532 -1 -1 161 0.0561795
	Aln	138	-849a23c4-93f3-40c0-a471-d7877925c47e 241 950 4167 +edge_70_2_+disjointig_6_8130_8852 6 713 722 -1 -1 356 0.0665642
	Aln	138	-849a23c4-93f3-40c0-a471-d7877925c47e 932 1636 4167 +edge_70_2_+disjointig_6_8130_8852 17 718 722 -1 -1 362 0.0675998
	Aln	138	-849a23c4-93f3-40c0-a471-d7877925c47e 1602 2310 4167 +edge_70_2_+disjointig_6_8130_8852 6 713 722 -1 -1 354 0.0679335
	Aln	138	-849a23c4-93f3-40c0-a471-d7877925c47e 2292 2995 4167 +edge_70_2_+disjointig_6_8130_8852 17 718 722 -1 -1 371 0.064646
	Aln	138	-849a23c4-93f3-40c0-a471-d7877925c47e 2961 3668 4167 +edge_70_2_+disjointig_6_8130_8852 6 713 722 -1 -1 339 0.0708675
	Aln	132	-849a23c4-93f3-40c0-a471-d7877925c47e 3692 4146 4167 +edge_67_0_+disjointig_6_783_1313 9 460 530 -1 -1 246 0.0670891
Chain
	Aln	185	+7de349be-7975-40aa-a6e9-ee3d916aab90 14 1082 1116 -edge_93_0_+disjointig_8_7099_11316 2520 3589 4217 -1 -1 570 0.0608201
Chain
	Aln	184	-7de349be-7975-40aa-a6e9-ee3d916aab90 33 1101 1116 +edge_93_0_+disjointig_8_7099_11316 627 1696 4217 -1 -1 570 0.0608201
Chain
	Aln	118	+cece3de9-ce7c-4375-8bff-de0c3298e5cc 23 7528 7533 +edge_60_0_+disjointig_53_0_7517 0 7493 7517 -1 -1 6091 0.020734
Chain
	Aln	119	-cece3de9-ce7c-4375-8bff-de0c3298e5cc 4 7509 7533 -edge_60_0_+disjointig_53_0_7517 23 7516 7517 -1 -1 6091 0.020734
Chain
	Aln	107	+822dff59-2190-4044-80c8-7aaa47124a3a 16 11364 11369 -edge_54_0_+disjointig_47_0_11297 15 11292 11297 -1 -1 8892 0.025537
Chain
	Aln	106	-822dff59-2190-4044-80c8-7aaa47124a3a 4 11352 11369 +edge_54_0_+disjointig_47_0_11297 4 11281 11297 -1 -1 8892 0.025537
Chain
	Aln	133	+88d40e9b-81ee-4019-a615-31f92b308a45 3 104 10695 -edge_67_1_+disjointig_6_4796_5331 421 522 535 -1 -1 48 0.0757883
	Aln	133	+88d40e9b-81ee-4019-a615-31f92b308a45 73 412 10695 -edge_67_1_+disjointig_6_4796_5331 151 489 535 -1 -1 181 0.0714937
	Aln	139	+88d40e9b-81ee-4019-a615-31f92b308a45 470 1449 10695 -edge_70_3_+disjointig_6_9536_10549 10 987 1013 -1 -1 596 0.057503
	Aln	135	+88d40e9b-81ee-4019-a615-31f92b308a45 1433 1846 10695 -edge_68_1_+disjointig_6_5331_5867 10 421 536 -1 -1 216 0.0742143
	Aln	139	+88d40e9b-81ee-4019-a615-31f92b308a45 1823 2534 10695 -edge_70_2_+disjointig_6_8130_8852 3 715 722 -1 -1 270 0.0851879
	Aln	139	+88d40e9b-81ee-4019-a615-31f92b308a45 2507 3486 10695 -edge_70_3_+disjointig_6_9536_10549 10 987 1013 -1 -1 598 0.0593131
	Aln	135	+88d40e9b-81ee-4019-a615-31f92b308a45 3470 3881 10695 -edge_68_1_+disjointig_6_5331_5867 10 421 536 -1 -1 215 0.0739288
	Aln	141	+88d40e9b-81ee-4019-a615-31f92b308a45 3861 4478 10695 -edge_71_1_+disjointig_6_8852_9536 11 635 684 -1 -1 288 0.0754869
	Aln	139	+88d40e9b-81ee-4019-a615-31f92b308a45 4537 5517 10695 -edge_70_3_+disjointig_6_9536_10549 10 987 1013 -1 -1 582 0.0575632
	Aln	135	+88d40e9b-81ee-4019-a615-31f92b308a45 5501 5914 10695 -edge_68_1_+disjointig_6_5331_5867 10 421 536 -1 -1 200 0.0770844
	Aln	139	+88d40e9b-81ee-4019-a615-31f92b308a45 5891 6604 10695 -edge_70_2_+disjointig_6_8130_8852 3 715 722 -1 -1 292 0.0762028
	Aln	139	+88d40e9b-81ee-4019-a615-31f92b308a45 6577 7271 10695 -edge_70_2_+disjointig_6_8130_8852 10 704 722 -1 -1 395 0.0560322
	Aln	139	+88d40e9b-81ee-4019-a615-31f92b308a45 7253 7961 10695 -edge_70_2_+disjointig_6_8130_8852 8 715 722 -1 -1 368 0.0649802
	Aln	139	+88d40e9b-81ee-4019-a615-31f92b308a45 7927 8899 10695 -edge_70_3_+disjointig_6_9536_10549 3 975 1013 -1 -1 526 0.0637357
	Aln	139	+88d40e9b-81ee-4019-a615-31f92b308a45 8951 9647 10695 -edge_70_2_+disjointig_6_8130_8852 10 704 722 -1 -1 428 0.0538004
	Aln	139	+88d40e9b-81ee-4019-a615-31f92b308a45 9624 10337 10695 -edge_70_2_+disjointig_6_8130_8852 3 715 722 -1 -1 342 0.0698373
	Aln	135	+88d40e9b-81ee-4019-a615-31f92b308a45 10320 10677 10695 -edge_68_0_+disjointig_6_1313_1845 72 428 532 -1 -1 231 0.0485556
Chain
	Aln	134	-88d40e9b-81ee-4019-a615-31f92b308a45 17 374 10695 +edge_68_0_+disjointig_6_1313_1845 103 459 532 -1 -1 231 0.0485556
	Aln	138	-88d40e9b-81ee-4019-a615-31f92b308a45 357 1070 10695 +edge_70_2_+disjointig_6_8130_8852 6 718 722 -1 -1 342 0.0698373
	Aln	138	-88d40e9b-81ee-4019-a615-31f92b308a45 1047 1743 10695 +edge_70_2_+disjointig_6_8130_8852 17 711 722 -1 -1 428 0.0538004
	Aln	138	-88d40e9b-81ee-4019-a615-31f92b308a45 1795 2767 10695 +edge_70_3_+disjointig_6_9536_10549 37 1009 1013 -1 -1 526 0.0637357
	Aln	138	-88d40e9b-81ee-4019-a615-31f92b308a45 2733 3441 10695 +edge_70_2_+disjointig_6_8130_8852 6 713 722 -1 -1 368 0.0649802
	Aln	138	-88d40e9b-81ee-4019-a615-31f92b308a45 3423 4117 10695 +edge_70_2_+disjointig_6_8130_8852 17 711 722 -1 -1 395 0.0560322
	Aln	138	-88d40e9b-81ee-4019-a615-31f92b308a45 4090 4803 10695 +edge_70_2_+disjointig_6_8130_8852 6 718 722 -1 -1 292 0.0762028
	Aln	134	-88d40e9b-81ee-4019-a615-31f92b308a45 4780 5193 10695 +edge_68_1_+disjointig_6_5331_5867 114 525 536 -1 -1 200 0.0770844
	Aln	138	-88d40e9b-81ee-4019-a615-31f92b308a45 5177 6157 10695 +edge_70_3_+disjointig_6_9536_10549 25 1002 1013 -1 -1 582 0.0575632
	Aln	140	-88d40e9b-81ee-4019-a615-31f92b308a45 6216 6833 10695 +edge_71_1_+disjointig_6_8852_9536 48 672 684 -1 -1 288 0.0754869
	Aln	134	-88d40e9b-81ee-4019-a615-31f92b308a45 6813 7224 10695 +edge_68_1_+disjointig_6_5331_5867 114 525 536 -1 -1 215 0.0739288
	Aln	138	-88d40e9b-81ee-4019-a615-31f92b308a45 7208 8187 10695 +edge_70_3_+disjointig_6_9536_10549 25 1002 1013 -1 -1 598 0.0593131
	Aln	138	-88d40e9b-81ee-4019-a615-31f92b308a45 8160 8871 10695 +edge_70_2_+disjointig_6_8130_8852 6 718 722 -1 -1 270 0.0851879
	Aln	134	-88d40e9b-81ee-4019-a615-31f92b308a45 8848 9261 10695 +edge_68_1_+disjointig_6_5331_5867 114 525 536 -1 -1 216 0.0742143
	Aln	138	-88d40e9b-81ee-4019-a615-31f92b308a45 9245 10224 10695 +edge_70_3_+disjointig_6_9536_10549 25 1002 1013 -1 -1 596 0.057503
	Aln	132	-88d40e9b-81ee-4019-a615-31f92b308a45 10282 10621 10695 +edge_67_1_+disjointig_6_4796_5331 45 383 535 -1 -1 181 0.0714937
	Aln	132	-88d40e9b-81ee-4019-a615-31f92b308a45 10590 10691 10695 +edge_67_1_+disjointig_6_4796_5331 12 113 535 -1 -1 48 0.0757883
Chain
	Aln	119	+2e7e05e8-93b0-4724-9513-ae8c81354626 14 7665 7667 -edge_60_0_+disjointig_53_0_7517 13 7515 7517 -1 -1 4873 0.0416104
Chain
	Aln	118	-2e7e05e8-93b0-4724-9513-ae8c81354626 1 7652 7667 +edge_60_0_+disjointig_53_0_7517 1 7503 7517 -1 -1 4873 0.0416104
Chain
	Aln	106	+ebc8a2aa-ff27-459b-89e9-744ec3318ffd 5 10717 10724 +edge_54_0_+disjointig_47_0_11297 8 10720 11297 -1 -1 10093 0.00691705
Chain
	Aln	107	-ebc8a2aa-ff27-459b-89e9-744ec3318ffd 6 10718 10724 -edge_54_0_+disjointig_47_0_11297 576 11288 11297 -1 -1 10093 0.00691705
Chain
	Aln	74	+b69030df-660d-4f36-9cc4-ee5585a2de80 4 7995 8932 +edge_38_0_+disjointig_32_0_7904 4 7901 7904 -1 -1 7130 0.0081907
Chain
	Aln	75	-b69030df-660d-4f36-9cc4-ee5585a2de80 936 8927 8932 -edge_38_0_+disjointig_32_0_7904 2 7899 7904 -1 -1 7130 0.0081907
Chain
	Aln	138	+5c805869-b083-4b49-969b-9e403f24509b 18 712 9792 +edge_70_1_+disjointig_6_7170_8130 233 913 960 -1 -1 354 0.0584508
	Aln	134	+5c805869-b083-4b49-969b-9e403f24509b 663 1159 9792 +edge_68_0_+disjointig_6_1313_1845 0 493 532 -1 -1 220 0.0747305
	Aln	140	+5c805869-b083-4b49-969b-9e403f24509b 1146 1817 9792 +edge_71_0_+disjointig_6_6489_7170 0 669 681 -1 -1 369 0.0551974
	Aln	138	+5c805869-b083-4b49-969b-9e403f24509b 1834 2756 9792 +edge_70_1_+disjointig_6_7170_8130 5 913 960 -1 -1 486 0.0615676
	Aln	134	+5c805869-b083-4b49-969b-9e403f24509b 2707 3203 9792 +edge_68_0_+disjointig_6_1313_1845 0 493 532 -1 -1 239 0.0680641
	Aln	140	+5c805869-b083-4b49-969b-9e403f24509b 3190 3861 9792 +edge_71_0_+disjointig_6_6489_7170 0 669 681 -1 -1 355 0.0590772
	Aln	138	+5c805869-b083-4b49-969b-9e403f24509b 3878 4800 9792 +edge_70_1_+disjointig_6_7170_8130 5 913 960 -1 -1 484 0.0615676
	Aln	134	+5c805869-b083-4b49-969b-9e403f24509b 4751 5247 9792 +edge_68_0_+disjointig_6_1313_1845 0 493 532 -1 -1 239 0.0680641
	Aln	140	+5c805869-b083-4b49-969b-9e403f24509b 5234 5905 9792 +edge_71_0_+disjointig_6_6489_7170 0 669 681 -1 -1 368 0.0551974
	Aln	138	+5c805869-b083-4b49-969b-9e403f24509b 5922 6844 9792 +edge_70_1_+disjointig_6_7170_8130 5 913 960 -1 -1 473 0.0646917
	Aln	134	+5c805869-b083-4b49-969b-9e403f24509b 6795 7291 9792 +edge_68_0_+disjointig_6_1313_1845 0 493 532 -1 -1 239 0.0680641
	Aln	140	+5c805869-b083-4b49-969b-9e403f24509b 7278 7949 9792 +edge_71_0_+disjointig_6_6489_7170 0 669 681 -1 -1 353 0.0564624
	Aln	138	+5c805869-b083-4b49-969b-9e403f24509b 7966 8888 9792 +edge_70_1_+disjointig_6_7170_8130 5 913 960 -1 -1 481 0.060562
	Aln	134	+5c805869-b083-4b49-969b-9e403f24509b 8839 9336 9792 +edge_68_0_+disjointig_6_1313_1845 0 493 532 -1 -1 232 0.0703219
	Aln	140	+5c805869-b083-4b49-969b-9e403f24509b 9323 9761 9792 +edge_71_0_+disjointig_6_6489_7170 0 437 681 -1 -1 289 0.041123
Chain
	Aln	141	-5c805869-b083-4b49-969b-9e403f24509b 30 468 9792 -edge_71_0_+disjointig_6_6489_7170 243 680 681 -1 -1 289 0.041123
	Aln	135	-5c805869-b083-4b49-969b-9e403f24509b 455 952 9792 -edge_68_0_+disjointig_6_1313_1845 38 531 532 -1 -1 232 0.0703219
	Aln	139	-5c805869-b083-4b49-969b-9e403f24509b 903 1825 9792 -edge_70_1_+disjointig_6_7170_8130 46 954 960 -1 -1 481 0.060562
	Aln	141	-5c805869-b083-4b49-969b-9e403f24509b 1842 2513 9792 -edge_71_0_+disjointig_6_6489_7170 11 680 681 -1 -1 353 0.0564624
	Aln	135	-5c805869-b083-4b49-969b-9e403f24509b 2500 2996 9792 -edge_68_0_+disjointig_6_1313_1845 38 531 532 -1 -1 239 0.0680641
	Aln	139	-5c805869-b083-4b49-969b-9e403f24509b 2947 3869 9792 -edge_70_1_+disjointig_6_7170_8130 46 954 960 -1 -1 473 0.0646917
	Aln	141	-5c805869-b083-4b49-969b-9e403f24509b 3886 4557 9792 -edge_71_0_+disjointig_6_6489_7170 11 680 681 -1 -1 368 0.0551974
	Aln	135	-5c805869-b083-4b49-969b-9e403f24509b 4544 5040 9792 -edge_68_0_+disjointig_6_1313_1845 38 531 532 -1 -1 239 0.0680641
	Aln	139	-5c805869-b083-4b49-969b-9e403f24509b 4991 5913 9792 -edge_70_1_+disjointig_6_7170_8130 46 954 960 -1 -1 484 0.0615676
	Aln	141	-5c805869-b083-4b49-969b-9e403f24509b 5930 6601 9792 -edge_71_0_+disjointig_6_6489_7170 11 680 681 -1 -1 355 0.0590772
	Aln	135	-5c805869-b083-4b49-969b-9e403f24509b 6588 7084 9792 -edge_68_0_+disjointig_6_1313_1845 38 531 532 -1 -1 239 0.0680641
	Aln	139	-5c805869-b083-4b49-969b-9e403f24509b 7035 7957 9792 -edge_70_1_+disjointig_6_7170_8130 46 954 960 -1 -1 486 0.0615676
	Aln	141	-5c805869-b083-4b49-969b-9e403f24509b 7974 8645 9792 -edge_71_0_+disjointig_6_6489_7170 11 680 681 -1 -1 369 0.0551974
	Aln	135	-5c805869-b083-4b49-969b-9e403f24509b 8632 9128 9792 -edge_68_0_+disjointig_6_1313_1845 38 531 532 -1 -1 220 0.0747305
	Aln	139	-5c805869-b083-4b49-969b-9e403f24509b 9079 9773 9792 -edge_70_1_+disjointig_6_7170_8130 46 726 960 -1 -1 354 0.0584508
Chain
	Aln	91	+60b25b8e-f851-4186-818b-37e3e5a2df7d 2 3184 7502 -edge_46_0_+disjointig_4_1_3716 531 3714 3715 -1 -1 2911 0.0148514
	Aln	91	+60b25b8e-f851-4186-818b-37e3e5a2df7d 3725 7434 7502 -edge_46_0_+disjointig_4_1_3716 5 3714 3715 -1 -1 3366 0.0148937
Chain
	Aln	90	-60b25b8e-f851-4186-818b-37e3e5a2df7d 67 3776 7502 +edge_46_0_+disjointig_4_1_3716 0 3709 3715 -1 -1 3366 0.0148937
	Aln	90	-60b25b8e-f851-4186-818b-37e3e5a2df7d 4317 7499 7502 +edge_46_0_+disjointig_4_1_3716 0 3183 3715 -1 -1 2911 0.0148514
Chain
	Aln	18	+334bed69-b779-4fef-a91f-d9ec82436c06 4204 5655 6451 +edge_10_0_+disjointig_17_27543_29015 15 1467 1472 -1 -1 1093 0.0321256
Chain
	Aln	19	-334bed69-b779-4fef-a91f-d9ec82436c06 795 2246 6451 -edge_10_0_+disjointig_17_27543_29015 4 1456 1472 -1 -1 1093 0.0321256
Chain
	Aln	19	+4dac95c8-230a-47e1-b59c-a2aa18c310e1 223 1686 2489 -edge_10_0_+disjointig_17_27543_29015 13 1471 1472 -1 -1 1038 0.03375
Chain
	Aln	18	-4dac95c8-230a-47e1-b59c-a2aa18c310e1 802 2265 2489 +edge_10_0_+disjointig_17_27543_29015 0 1458 1472 -1 -1 1038 0.03375
Chain
	Aln	138	+b9a36b65-684d-45d6-ae9e-8c527a81224d 68 377 4761 +edge_70_0_+disjointig_6_5867_6489 311 618 622 -1 -1 219 0.0445861
	Aln	140	+b9a36b65-684d-45d6-ae9e-8c527a81224d 381 1049 4761 +edge_71_0_+disjointig_6_6489_7170 0 669 681 -1 -1 301 0.0742437
	Aln	132	+b9a36b65-684d-45d6-ae9e-8c527a81224d 1083 1479 4761 +edge_67_1_+disjointig_6_4796_5331 22 418 535 -1 -1 216 0.0527551
	Aln	140	+b9a36b65-684d-45d6-ae9e-8c527a81224d 1455 2068 4761 +edge_71_0_+disjointig_6_6489_7170 57 669 681 -1 -1 230 0.0871887
	Aln	132	+b9a36b65-684d-45d6-ae9e-8c527a81224d 2102 2501 4761 +edge_67_1_+disjointig_6_4796_5331 22 422 535 -1 -1 181 0.0620769
	Aln	134	+b9a36b65-684d-45d6-ae9e-8c527a81224d 2648 3042 4761 +edge_68_1_+disjointig_6_5331_5867 33 427 536 -1 -1 244 0.0504631
	Aln	138	+b9a36b65-684d-45d6-ae9e-8c527a81224d 3253 3771 4761 +edge_70_0_+disjointig_6_5867_6489 101 618 622 -1 -1 326 0.0511254
	Aln	132	+b9a36b65-684d-45d6-ae9e-8c527a81224d 3783 4223 4761 +edge_67_1_+disjointig_6_4796_5331 5 446 535 -1 -1 149 0.0978655
	Aln	138	+b9a36b65-684d-45d6-ae9e-8c527a81224d 4207 4747 4761 +edge_70_0_+disjointig_6_5867_6489 36 574 622 -1 -1 310 0.0599376
Chain
	Aln	139	-b9a36b65-684d-45d6-ae9e-8c527a81224d 13 553 4761 -edge_70_0_+disjointig_6_5867_6489 47 585 622 -1 -1 310 0.0599376
	Aln	133	-b9a36b65-684d-45d6-ae9e-8c527a81224d 537 977 4761 -edge_67_1_+disjointig_6_4796_5331 88 529 535 -1 -1 149 0.0978655
	Aln	139	-b9a36b65-684d-45d6-ae9e-8c527a81224d 989 1507 4761 -edge_70_0_+disjointig_6_5867_6489 3 520 622 -1 -1 326 0.0511254
	Aln	135	-b9a36b65-684d-45d6-ae9e-8c527a81224d 1718 2112 4761 -edge_68_1_+disjointig_6_5331_5867 108 502 536 -1 -1 244 0.0504631
	Aln	133	-b9a36b65-684d-45d6-ae9e-8c527a81224d 2259 2658 4761 -edge_67_1_+disjointig_6_4796_5331 112 512 535 -1 -1 181 0.0620769
	Aln	141	-b9a36b65-684d-45d6-ae9e-8c527a81224d 2692 3305 4761 -edge_71_0_+disjointig_6_6489_7170 11 623 681 -1 -1 230 0.0871887
	Aln	133	-b9a36b65-684d-45d6-ae9e-8c527a81224d 3281 3677 4761 -edge_67_1_+disjointig_6_4796_5331 116 512 535 -1 -1 216 0.0527551
	Aln	141	-b9a36b65-684d-45d6-ae9e-8c527a81224d 3711 4379 4761 -edge_71_0_+disjointig_6_6489_7170 11 680 681 -1 -1 301 0.0742437
	Aln	139	-b9a36b65-684d-45d6-ae9e-8c527a81224d 4383 4692 4761 -edge_70_0_+disjointig_6_5867_6489 3 310 622 -1 -1 219 0.0445861
Chain
	Aln	10	+646d2507-9c20-4b1f-97eb-b0831105d1a5 114 1688 2263 +edge_6_0_+disjointig_13_0_7542 2824 4414 7542 -1 -1 788 0.0605432
Chain
	Aln	11	-646d2507-9c20-4b1f-97eb-b0831105d1a5 574 2148 2263 -edge_6_0_+disjointig_13_0_7542 3127 4717 7542 -1 -1 788 0.0605432
Chain
	Aln	27	+dfe40c69-16bf-45c0-9d98-44e1db3341c0 34 2118 2141 -edge_14_1_+disjointig_51_4563_6866 117 2197 2303 -1 -1 1319 0.0440361
Chain
	Aln	26	-dfe40c69-16bf-45c0-9d98-44e1db3341c0 22 2106 2141 +edge_14_1_+disjointig_51_4563_6866 105 2185 2303 -1 -1 1319 0.0440361
Chain
	Aln	23	+31511a13-b586-4b80-8b89-8a92c015110b 2384 4103 8995 -edge_12_1_+disjointig_40_4630_6445 56 1814 1815 -1 -1 1058 0.044954
	Aln	19	+31511a13-b586-4b80-8b89-8a92c015110b 4111 4638 8995 -edge_10_1_+disjointig_40_3316_4630 7 550 1314 -1 -1 303 0.0569947
Chain
	Aln	18	-31511a13-b586-4b80-8b89-8a92c015110b 4356 4883 8995 +edge_10_1_+disjointig_40_3316_4630 763 1306 1314 -1 -1 303 0.0569947
	Aln	22	-31511a13-b586-4b80-8b89-8a92c015110b 4891 6610 8995 +edge_12_1_+disjointig_40_4630_6445 0 1758 1815 -1 -1 1058 0.044954
Chain
	Aln	111	+483dc551-9915-44d9-bd50-13ed1f16ec4e 14 2800 6879 -edge_56_0_+disjointig_49_0_2800 13 2799 2800 -1 -1 2786 0
Chain
	Aln	110	-483dc551-9915-44d9-bd50-13ed1f16ec4e 4078 6864 6879 +edge_56_0_+disjointig_49_0_2800 0 2786 2800 -1 -1 2786 0
Chain
	Aln	19	+354212cc-0d42-4b26-afa9-663e9b78b058 4093 5396 6157 -edge_10_1_+disjointig_40_3316_4630 10 1313 1314 -1 -1 753 0.0488336
Chain
	Aln	18	-354212cc-0d42-4b26-afa9-663e9b78b058 760 2063 6157 +edge_10_1_+disjointig_40_3316_4630 0 1303 1314 -1 -1 753 0.0488336
Chain
	Aln	73	+569b6e4c-1c8b-4be3-a4c2-2a9455b37214 125 3576 3594 -edge_37_0_+disjointig_31_0_6417 3022 6401 6417 -1 -1 2079 0.0456852
Chain
	Aln	72	-569b6e4c-1c8b-4be3-a4c2-2a9455b37214 17 3468 3594 +edge_37_0_+disjointig_31_0_6417 15 3394 6417 -1 -1 2079 0.0456852
Chain
	Aln	27	+f8a962f8-1e3f-4c6c-8488-37e42be49f45 25 1754 4902 -edge_14_1_+disjointig_51_4563_6866 552 2293 2303 -1 -1 1116 0.0428032
	Aln	23	+f8a962f8-1e3f-4c6c-8488-37e42be49f45 1776 2370 4902 -edge_12_1_+disjointig_40_4630_6445 12 606 1815 -1 -1 518 0.0154635
Chain
	Aln	22	-f8a962f8-1e3f-4c6c-8488-37e42be49f45 2531 3125 4902 +edge_12_1_+disjointig_40_4630_6445 1208 1802 1815 -1 -1 518 0.0154635
	Aln	26	-f8a962f8-1e3f-4c6c-8488-37e42be49f45 3147 4876 4902 +edge_14_1_+disjointig_51_4563_6866 9 1750 2303 -1 -1 1116 0.0428032
Chain
	Aln	91	+7043ae75-3cbe-43c3-9e8c-7971c8bbb73f 4 1774 1804 -edge_46_0_+disjointig_4_1_3716 795 2565 3715 -1 -1 1635 0.0100274
Chain
	Aln	90	-7043ae75-3cbe-43c3-9e8c-7971c8bbb73f 29 1799 1804 +edge_46_0_+disjointig_4_1_3716 1149 2919 3715 -1 -1 1635 0.0100274
Chain
	Aln	156	+1ad44371-4fe3-46c6-abe9-a603af81e316 7 9449 9721 +edge_79_0_+disjointig_68_0_9563 7 9450 9563 -1 -1 8985 0.0049381
Chain
	Aln	157	-1ad44371-4fe3-46c6-abe9-a603af81e316 271 9713 9721 -edge_79_0_+disjointig_68_0_9563 112 9555 9563 -1 -1 8985 0.0049381
Chain
	Aln	111	+7a7c9894-d632-4ff1-8e34-e66fe7f37d81 1432 4092 9880 -edge_56_0_+disjointig_49_0_2800 204 2778 2800 -1 -1 1903 0.0307855
Chain
	Aln	111	+7a7c9894-d632-4ff1-8e34-e66fe7f37d81 6368 9008 9880 -edge_56_0_+disjointig_49_0_2800 204 2757 2800 -1 -1 1894 0.030134
Chain
	Aln	110	-7a7c9894-d632-4ff1-8e34-e66fe7f37d81 5787 8447 9880 +edge_56_0_+disjointig_49_0_2800 21 2595 2800 -1 -1 1903 0.0307855
Chain
	Aln	110	-7a7c9894-d632-4ff1-8e34-e66fe7f37d81 871 3511 9880 +edge_56_0_+disjointig_49_0_2800 42 2595 2800 -1 -1 1894 0.030134
Chain
	Aln	91	+fdef35ac-67b4-4276-846d-cf9b4b3b5211 83 3037 3044 -edge_46_0_+disjointig_4_1_3716 5 2959 3715 -1 -1 2609 0.0157224
Chain
	Aln	90	-fdef35ac-67b4-4276-846d-cf9b4b3b5211 6 2960 3044 +edge_46_0_+disjointig_4_1_3716 755 3709 3715 -1 -1 2609 0.0157224
Chain
	Aln	23	+dfa5adbf-1f6c-470c-ba29-ed7a8f16f371 358 1881 2099 -edge_12_1_+disjointig_40_4630_6445 291 1814 1815 -1 -1 1290 0.0223557
Chain
	Aln	22	-dfa5adbf-1f6c-470c-ba29-ed7a8f16f371 217 1740 2099 +edge_12_1_+disjointig_40_4630_6445 0 1523 1815 -1 -1 1290 0.0223557
Chain
	Aln	135	+24bf436b-287a-4f36-865b-2b8373e5fd3d 24 198 4376 -edge_68_0_+disjointig_6_1313_1845 357 531 532 -1 -1 85 0.0610656
	Aln	139	+24bf436b-287a-4f36-865b-2b8373e5fd3d 149 1071 4376 -edge_70_1_+disjointig_6_7170_8130 46 954 960 -1 -1 510 0.0576446
	Aln	141	+24bf436b-287a-4f36-865b-2b8373e5fd3d 1088 1759 4376 -edge_71_0_+disjointig_6_6489_7170 11 680 681 -1 -1 358 0.0515576
	Aln	135	+24bf436b-287a-4f36-865b-2b8373e5fd3d 1746 2242 4376 -edge_68_0_+disjointig_6_1313_1845 38 531 532 -1 -1 239 0.0679454
	Aln	139	+24bf436b-287a-4f36-865b-2b8373e5fd3d 2193 3115 4376 -edge_70_1_+disjointig_6_7170_8130 46 954 960 -1 -1 504 0.0586011
	Aln	135	+24bf436b-287a-4f36-865b-2b8373e5fd3d 3096 3560 4376 -edge_68_1_+disjointig_6_5331_5867 29 491 536 -1 -1 245 0.0755854
	Aln	139	+24bf436b-287a-4f36-865b-2b8373e5fd3d 3511 4309 4376 -edge_70_1_+disjointig_6_7170_8130 2 787 960 -1 -1 383 0.0734556
Chain
	Aln	138	-24bf436b-287a-4f36-865b-2b8373e5fd3d 66 864 4376 +edge_70_1_+disjointig_6_7170_8130 172 957 960 -1 -1 383 0.0734556
	Aln	134	-24bf436b-287a-4f36-865b-2b8373e5fd3d 815 1279 4376 +edge_68_1_+disjointig_6_5331_5867 44 506 536 -1 -1 245 0.0755854
	Aln	138	-24bf436b-287a-4f36-865b-2b8373e5fd3d 1260 2182 4376 +edge_70_1_+disjointig_6_7170_8130 5 913 960 -1 -1 504 0.0586011
	Aln	134	-24bf436b-287a-4f36-865b-2b8373e5fd3d 2133 2629 4376 +edge_68_0_+disjointig_6_1313_1845 0 493 532 -1 -1 239 0.0679454
	Aln	140	-24bf436b-287a-4f36-865b-2b8373e5fd3d 2616 3287 4376 +edge_71_0_+disjointig_6_6489_7170 0 669 681 -1 -1 358 0.0515576
	Aln	138	-24bf436b-287a-4f36-865b-2b8373e5fd3d 3304 4226 4376 +edge_70_1_+disjointig_6_7170_8130 5 913 960 -1 -1 510 0.0576446
	Aln	134	-24bf436b-287a-4f36-865b-2b8373e5fd3d 4177 4351 4376 +edge_68_0_+disjointig_6_1313_1845 0 174 532 -1 -1 85 0.0610656
Chain
	Aln	19	+9cbd26eb-5660-44a7-b23b-b312d9d6050b 82 1216 2679 -edge_10_0_+disjointig_17_27543_29015 333 1471 1472 -1 -1 564 0.0613577
Chain
	Aln	18	-9cbd26eb-5660-44a7-b23b-b312d9d6050b 1462 2596 2679 +edge_10_0_+disjointig_17_27543_29015 0 1138 1472 -1 -1 564 0.0613577
Chain
	Aln	139	+3479dacd-2646-4c01-bf1c-76bc3ee7575b 38 368 3782 -edge_70_2_+disjointig_6_8130_8852 387 715 722 -1 -1 130 0.0939356
	Aln	139	+3479dacd-2646-4c01-bf1c-76bc3ee7575b 351 1030 3782 -edge_70_2_+disjointig_6_8130_8852 20 697 722 -1 -1 338 0.0717542
	Aln	141	+3479dacd-2646-4c01-bf1c-76bc3ee7575b 1017 1687 3782 -edge_71_1_+disjointig_6_8852_9536 11 680 684 -1 -1 361 0.0647716
	Aln	139	+3479dacd-2646-4c01-bf1c-76bc3ee7575b 1699 2367 3782 -edge_70_2_+disjointig_6_8130_8852 8 674 722 -1 -1 325 0.0707934
	Aln	141	+3479dacd-2646-4c01-bf1c-76bc3ee7575b 2377 3048 3782 -edge_71_1_+disjointig_6_8852_9536 11 680 684 -1 -1 326 0.0779854
	Aln	139	+3479dacd-2646-4c01-bf1c-76bc3ee7575b 3099 3765 3782 -edge_70_3_+disjointig_6_9536_10549 47 715 1013 -1 -1 261 0.0899359
Chain
	Aln	138	-3479dacd-2646-4c01-bf1c-76bc3ee7575b 16 682 3782 +edge_70_3_+disjointig_6_9536_10549 297 965 1013 -1 -1 261 0.0899359
	Aln	140	-3479dacd-2646-4c01-bf1c-76bc3ee7575b 733 1404 3782 +edge_71_1_+disjointig_6_8852_9536 3 672 684 -1 -1 326 0.0779854
	Aln	138	-3479dacd-2646-4c01-bf1c-76bc3ee7575b 1414 2082 3782 +edge_70_2_+disjointig_6_8130_8852 47 713 722 -1 -1 325 0.0707934
	Aln	140	-3479dacd-2646-4c01-bf1c-76bc3ee7575b 2094 2764 3782 +edge_71_1_+disjointig_6_8852_9536 3 672 684 -1 -1 361 0.0647716
	Aln	138	-3479dacd-2646-4c01-bf1c-76bc3ee7575b 2751 3430 3782 +edge_70_2_+disjointig_6_8130_8852 24 701 722 -1 -1 338 0.0717542
	Aln	138	-3479dacd-2646-4c01-bf1c-76bc3ee7575b 3413 3743 3782 +edge_70_2_+disjointig_6_8130_8852 6 334 722 -1 -1 130 0.0939356
Chain
	Aln	126	+09a318b6-5e60-4e17-b52a-a86dba0ae443 55 7332 7341 +edge_64_0_+disjointig_57_0_7339 32 7309 7339 -1 -1 6700 0.00959278
Chain
	Aln	127	-09a318b6-5e60-4e17-b52a-a86dba0ae443 8 7285 7341 -edge_64_0_+disjointig_57_0_7339 29 7306 7339 -1 -1 6700 0.00959278
Chain
	Aln	83	+4e599216-be50-4496-a0f3-10261176ab6c 12 4738 4740 -edge_42_0_+disjointig_36_0_4726 11 4724 4726 -1 -1 4249 0.00974657
Chain
	Aln	82	-4e599216-be50-4496-a0f3-10261176ab6c 1 4727 4740 +edge_42_0_+disjointig_36_0_4726 1 4714 4726 -1 -1 4249 0.00974657
Chain
	Aln	82	+470f4e1d-8259-49ae-8305-4fb1d821b0a8 21 4710 4715 +edge_42_0_+disjointig_36_0_4726 1 4700 4726 -1 -1 4357 0.00630237
Chain
	Aln	83	-470f4e1d-8259-49ae-8305-4fb1d821b0a8 4 4693 4715 -edge_42_0_+disjointig_36_0_4726 25 4724 4726 -1 -1 4357 0.00630237
Chain
	Aln	22	+fa139997-e3e6-4bb3-a272-e75c3c9cc1ba 13 1649 2793 +edge_12_2_+disjointig_51_2913_4563 1 1637 1650 -1 -1 1152 0.0368519
	Aln	26	+fa139997-e3e6-4bb3-a272-e75c3c9cc1ba 1628 2277 2793 +edge_14_0_+disjointig_17_30625_32948 6 656 2323 -1 -1 493 0.0284132
Chain
	Aln	27	-fa139997-e3e6-4bb3-a272-e75c3c9cc1ba 515 1164 2793 -edge_14_0_+disjointig_17_30625_32948 1666 2316 2323 -1 -1 493 0.0284132
	Aln	23	-fa139997-e3e6-4bb3-a272-e75c3c9cc1ba 1143 2779 2793 -edge_12_2_+disjointig_51_2913_4563 12 1648 1650 -1 -1 1152 0.0368519
Chain
	Aln	23	+fa60e90f-953f-4e63-8afc-922b62f46241 3268 4823 22394 -edge_12_2_+disjointig_51_2913_4563 59 1626 1650 -1 -1 1062 0.0436351
	Aln	19	+fa60e90f-953f-4e63-8afc-922b62f46241 4860 6318 22394 -edge_10_0_+disjointig_17_27543_29015 13 1471 1472 -1 -1 992 0.041631
Chain
	Aln	18	+fa60e90f-953f-4e63-8afc-922b62f46241 13340 14795 22394 +edge_10_0_+disjointig_17_27543_29015 1 1452 1472 -1 -1 857 0.0530612
	Aln	22	+fa60e90f-953f-4e63-8afc-922b62f46241 14811 15335 22394 +edge_12_0_+disjointig_17_29015_30625 2 527 1610 -1 -1 268 0.0635518
Chain
	Aln	18	-fa60e90f-953f-4e63-8afc-922b62f46241 16075 17533 22394 +edge_10_0_+disjointig_17_27543_29015 0 1458 1472 -1 -1 992 0.041631
	Aln	22	-fa60e90f-953f-4e63-8afc-922b62f46241 17570 19125 22394 +edge_12_2_+disjointig_51_2913_4563 23 1590 1650 -1 -1 1062 0.0436351
Chain
	Aln	23	-fa60e90f-953f-4e63-8afc-922b62f46241 7058 7582 22394 -edge_12_0_+disjointig_17_29015_30625 1082 1607 1610 -1 -1 268 0.0635518
	Aln	19	-fa60e90f-953f-4e63-8afc-922b62f46241 7598 9053 22394 -edge_10_0_+disjointig_17_27543_29015 19 1470 1472 -1 -1 857 0.0530612
Chain
	Aln	26	+9ee4083a-1e4d-4b67-94cf-5241eded7502 4 1030 34086 +edge_14_0_+disjointig_17_30625_32948 207 1236 2323 -1 -1 671 0.0436309
Chain
	Aln	27	-9ee4083a-1e4d-4b67-94cf-5241eded7502 33055 34081 34086 -edge_14_0_+disjointig_17_30625_32948 1086 2115 2323 -1 -1 671 0.0436309
Chain
	Aln	139	+62881f8a-e674-49db-8f2b-5cf03f28c422 2 444 4734 -edge_70_2_+disjointig_6_8130_8852 260 704 722 -1 -1 254 0.0594851
	Aln	139	+62881f8a-e674-49db-8f2b-5cf03f28c422 421 1411 4734 -edge_70_3_+disjointig_6_9536_10549 3 990 1013 -1 -1 543 0.0599717
	Aln	139	+62881f8a-e674-49db-8f2b-5cf03f28c422 1447 2428 4734 -edge_70_3_+disjointig_6_9536_10549 8 987 1013 -1 -1 532 0.0622574
	Aln	139	+62881f8a-e674-49db-8f2b-5cf03f28c422 2467 3176 4734 -edge_70_2_+disjointig_6_8130_8852 8 715 722 -1 -1 357 0.0710339
	Aln	139	+62881f8a-e674-49db-8f2b-5cf03f28c422 3142 4060 4734 -edge_70_3_+disjointig_6_9536_10549 3 917 1013 -1 -1 464 0.0613113
	Aln	133	+62881f8a-e674-49db-8f2b-5cf03f28c422 4017 4482 4734 -edge_67_1_+disjointig_6_4796_5331 54 529 535 -1 -1 211 0.0770905
	Aln	139	+62881f8a-e674-49db-8f2b-5cf03f28c422 4494 4723 4734 -edge_70_2_+disjointig_6_8130_8852 3 239 722 -1 -1 137 0.0534759
Chain
	Aln	138	-62881f8a-e674-49db-8f2b-5cf03f28c422 10 239 4734 +edge_70_2_+disjointig_6_8130_8852 482 718 722 -1 -1 137 0.0534759
	Aln	132	-62881f8a-e674-49db-8f2b-5cf03f28c422 251 716 4734 +edge_67_1_+disjointig_6_4796_5331 5 480 535 -1 -1 211 0.0770905
	Aln	138	-62881f8a-e674-49db-8f2b-5cf03f28c422 673 1591 4734 +edge_70_3_+disjointig_6_9536_10549 95 1009 1013 -1 -1 464 0.0613113
	Aln	138	-62881f8a-e674-49db-8f2b-5cf03f28c422 1557 2266 4734 +edge_70_2_+disjointig_6_8130_8852 6 713 722 -1 -1 357 0.0710339
	Aln	138	-62881f8a-e674-49db-8f2b-5cf03f28c422 2305 3286 4734 +edge_70_3_+disjointig_6_9536_10549 25 1004 1013 -1 -1 532 0.0622574
	Aln	138	-62881f8a-e674-49db-8f2b-5cf03f28c422 3322 4312 4734 +edge_70_3_+disjointig_6_9536_10549 22 1009 1013 -1 -1 543 0.0599717
	Aln	138	-62881f8a-e674-49db-8f2b-5cf03f28c422 4289 4731 4734 +edge_70_2_+disjointig_6_8130_8852 17 461 722 -1 -1 254 0.0594851
Chain
	Aln	151	+0fe9ca3c-b558-4ca8-8b08-5f4570af4163 8 14305 14311 -edge_76_0_+disjointig_65_0_14324 7 14318 14324 -1 -1 12846 0.0115597
Chain
	Aln	150	-0fe9ca3c-b558-4ca8-8b08-5f4570af4163 5 14302 14311 +edge_76_0_+disjointig_65_0_14324 5 14316 14324 -1 -1 12846 0.0115597
Chain
	Aln	150	+e1f2b399-d4af-4c8b-9899-093e81a3146b 25 14328 14332 +edge_76_0_+disjointig_65_0_14324 5 14303 14324 -1 -1 13554 0.00564488
Chain
	Aln	151	-e1f2b399-d4af-4c8b-9899-093e81a3146b 3 14306 14332 -edge_76_0_+disjointig_65_0_14324 20 14318 14324 -1 -1 13554 0.00564488
Chain
	Aln	138	+c01c21a8-b892-44db-85b5-9aa64881657c 74 681 3080 +edge_70_1_+disjointig_6_7170_8130 314 913 960 -1 -1 350 0.0545145
	Aln	134	+c01c21a8-b892-44db-85b5-9aa64881657c 632 1127 3080 +edge_68_0_+disjointig_6_1313_1845 0 493 532 -1 -1 242 0.0700847
	Aln	140	+c01c21a8-b892-44db-85b5-9aa64881657c 1114 1784 3080 +edge_71_0_+disjointig_6_6489_7170 0 674 681 -1 -1 358 0.0542221
	Aln	138	+c01c21a8-b892-44db-85b5-9aa64881657c 1796 2718 3080 +edge_70_1_+disjointig_6_7170_8130 5 913 960 -1 -1 538 0.0567034
	Aln	134	+c01c21a8-b892-44db-85b5-9aa64881657c 2669 3024 3080 +edge_68_0_+disjointig_6_1313_1845 0 358 532 -1 -1 151 0.0782375
Chain
	Aln	135	-c01c21a8-b892-44db-85b5-9aa64881657c 55 410 3080 -edge_68_0_+disjointig_6_1313_1845 173 531 532 -1 -1 151 0.0782375
	Aln	139	-c01c21a8-b892-44db-85b5-9aa64881657c 361 1283 3080 -edge_70_1_+disjointig_6_7170_8130 46 954 960 -1 -1 538 0.0567034
	Aln	141	-c01c21a8-b892-44db-85b5-9aa64881657c 1295 1965 3080 -edge_71_0_+disjointig_6_6489_7170 6 680 681 -1 -1 358 0.0542221
	Aln	135	-c01c21a8-b892-44db-85b5-9aa64881657c 1952 2447 3080 -edge_68_0_+disjointig_6_1313_1845 38 531 532 -1 -1 242 0.0700847
	Aln	139	-c01c21a8-b892-44db-85b5-9aa64881657c 2398 3005 3080 -edge_70_1_+disjointig_6_7170_8130 46 645 960 -1 -1 350 0.0545145
Chain
	Aln	27	+9630c9ff-2c2f-421c-aa30-9a20a88fdaae 8671 10158 10162 -edge_14_1_+disjointig_51_4563_6866 512 2004 2303 -1 -1 959 0.0457886
Chain
	Aln	26	-9630c9ff-2c2f-421c-aa30-9a20a88fdaae 3 1490 10162 +edge_14_1_+disjointig_51_4563_6866 298 1790 2303 -1 -1 959 0.0457886
Chain
	Aln	134	+82e65b41-6071-47fa-b481-79d62374a33f 10 483 6908 +edge_68_0_+disjointig_6_1313_1845 54 522 532 -1 -1 276 0.0556063
	Aln	132	+82e65b41-6071-47fa-b481-79d62374a33f 445 883 6908 +edge_67_1_+disjointig_6_4796_5331 5 446 535 -1 -1 148 0.0978655
	Aln	138	+82e65b41-6071-47fa-b481-79d62374a33f 867 1450 6908 +edge_70_0_+disjointig_6_5867_6489 36 618 622 -1 -1 376 0.0496614
	Aln	140	+82e65b41-6071-47fa-b481-79d62374a33f 1454 2121 6908 +edge_71_0_+disjointig_6_6489_7170 0 669 681 -1 -1 300 0.067701
	Aln	140	+82e65b41-6071-47fa-b481-79d62374a33f 2155 2801 6908 +edge_71_1_+disjointig_6_8852_9536 25 672 684 -1 -1 366 0.0557884
	Aln	138	+82e65b41-6071-47fa-b481-79d62374a33f 2901 3484 6908 +edge_70_0_+disjointig_6_5867_6489 36 618 622 -1 -1 369 0.0496614
	Aln	140	+82e65b41-6071-47fa-b481-79d62374a33f 3488 4155 6908 +edge_71_0_+disjointig_6_6489_7170 0 669 681 -1 -1 296 0.0692697
	Aln	138	+82e65b41-6071-47fa-b481-79d62374a33f 4126 4797 6908 +edge_70_2_+disjointig_6_8130_8852 6 674 722 -1 -1 360 0.0541345
	Aln	134	+82e65b41-6071-47fa-b481-79d62374a33f 4748 5230 6908 +edge_68_1_+disjointig_6_5331_5867 44 525 536 -1 -1 137 0.116221
	Aln	140	+82e65b41-6071-47fa-b481-79d62374a33f 5209 5856 6908 +edge_71_1_+disjointig_6_8852_9536 25 672 684 -1 -1 366 0.0557884
	Aln	138	+82e65b41-6071-47fa-b481-79d62374a33f 5956 6539 6908 +edge_70_0_+disjointig_6_5867_6489 36 618 622 -1 -1 381 0.0496614
	Aln	140	+82e65b41-6071-47fa-b481-79d62374a33f 6543 6856 6908 +edge_71_0_+disjointig_6_6489_7170 0 313 681 -1 -1 185 0.0476498
Chain
	Aln	141	-82e65b41-6071-47fa-b481-79d62374a33f 51 364 6908 -edge_71_0_+disjointig_6_6489_7170 367 680 681 -1 -1 185 0.0476498
	Aln	139	-82e65b41-6071-47fa-b481-79d62374a33f 368 951 6908 -edge_70_0_+disjointig_6_5867_6489 3 585 622 -1 -1 381 0.0496614
	Aln	141	-82e65b41-6071-47fa-b481-79d62374a33f 1051 1698 6908 -edge_71_1_+disjointig_6_8852_9536 11 658 684 -1 -1 366 0.0557884
	Aln	135	-82e65b41-6071-47fa-b481-79d62374a33f 1677 2159 6908 -edge_68_1_+disjointig_6_5331_5867 10 491 536 -1 -1 137 0.116221
	Aln	139	-82e65b41-6071-47fa-b481-79d62374a33f 2110 2781 6908 -edge_70_2_+disjointig_6_8130_8852 47 715 722 -1 -1 360 0.0541345
	Aln	141	-82e65b41-6071-47fa-b481-79d62374a33f 2752 3419 6908 -edge_71_0_+disjointig_6_6489_7170 11 680 681 -1 -1 296 0.0692697
	Aln	139	-82e65b41-6071-47fa-b481-79d62374a33f 3423 4006 6908 -edge_70_0_+disjointig_6_5867_6489 3 585 622 -1 -1 369 0.0496614
	Aln	141	-82e65b41-6071-47fa-b481-79d62374a33f 4106 4752 6908 -edge_71_1_+disjointig_6_8852_9536 11 658 684 -1 -1 366 0.0557884
	Aln	141	-82e65b41-6071-47fa-b481-79d62374a33f 4786 5453 6908 -edge_71_0_+disjointig_6_6489_7170 11 680 681 -1 -1 300 0.067701
	Aln	139	-82e65b41-6071-47fa-b481-79d62374a33f 5457 6040 6908 -edge_70_0_+disjointig_6_5867_6489 3 585 622 -1 -1 376 0.0496614
	Aln	133	-82e65b41-6071-47fa-b481-79d62374a33f 6024 6462 6908 -edge_67_1_+disjointig_6_4796_5331 88 529 535 -1 -1 148 0.0978655
	Aln	135	-82e65b41-6071-47fa-b481-79d62374a33f 6424 6897 6908 -edge_68_0_+disjointig_6_1313_1845 9 477 532 -1 -1 276 0.0556063
Chain
	Aln	23	+5265cb56-4f73-42b8-98e4-3c264b56a6d2 35 881 1842 -edge_12_1_+disjointig_40_4630_6445 968 1814 1815 -1 -1 697 0.0206123
	Aln	19	+5265cb56-4f73-42b8-98e4-3c264b56a6d2 889 1836 1842 -edge_10_1_+disjointig_40_3316_4630 7 956 1314 -1 -1 727 0.024684
Chain
	Aln	18	-5265cb56-4f73-42b8-98e4-3c264b56a6d2 5 952 1842 +edge_10_1_+disjointig_40_3316_4630 357 1306 1314 -1 -1 727 0.024684
	Aln	22	-5265cb56-4f73-42b8-98e4-3c264b56a6d2 960 1806 1842 +edge_12_1_+disjointig_40_4630_6445 0 846 1815 -1 -1 697 0.0206123
Chain
	Aln	90	+992c0401-4dd2-4490-ad5e-ef1ef3797009 112 3641 3643 +edge_46_0_+disjointig_4_1_3716 0 3529 3715 -1 -1 3267 0.00951605
Chain
	Aln	91	-992c0401-4dd2-4490-ad5e-ef1ef3797009 1 3530 3643 -edge_46_0_+disjointig_4_1_3716 185 3714 3715 -1 -1 3267 0.00951605
Chain
	Aln	85	+78ffeb72-72da-47d9-8a63-b3b18aae98de 80 3398 3596 -edge_43_0_+disjointig_37_0_12859 9321 12642 12859 -1 -1 2072 0.0411988
Chain
	Aln	84	-78ffeb72-72da-47d9-8a63-b3b18aae98de 197 3515 3596 +edge_43_0_+disjointig_37_0_12859 216 3537 12859 -1 -1 2072 0.0411988
Chain
	Aln	90	+aa20d910-1bf2-4b84-b7cb-238cbf303ec7 8 2192 4385 +edge_46_0_+disjointig_4_1_3716 1524 3709 3715 -1 -1 2066 0.00621304
	Aln	90	+aa20d910-1bf2-4b84-b7cb-238cbf303ec7 2198 4381 4385 +edge_46_1_+disjointig_4_3716_7140 0 2183 3424 -1 -1 1934 0.0119325
Chain
	Aln	91	-aa20d910-1bf2-4b84-b7cb-238cbf303ec7 3 2186 4385 -edge_46_1_+disjointig_4_3716_7140 1240 3423 3424 -1 -1 1934 0.0119325
	Aln	91	-aa20d910-1bf2-4b84-b7cb-238cbf303ec7 2192 4376 4385 -edge_46_0_+disjointig_4_1_3716 5 2190 3715 -1 -1 2066 0.00621304
Chain
	Aln	34	+e7273914-988d-4430-950d-a6fce9cf4531 1 6941 6948 +edge_18_0_+disjointig_18_0_11475 1 6940 11475 -1 -1 5931 0.0145524
Chain
	Aln	35	-e7273914-988d-4430-950d-a6fce9cf4531 6 6946 6948 -edge_18_0_+disjointig_18_0_11475 4534 11473 11475 -1 -1 5931 0.0145524
Chain
	Aln	97	+58c4d318-3a33-46d0-b77d-e0e568d5d713 76 9953 9955 -edge_49_0_+disjointig_42_0_15867 6181 15865 15867 -1 -1 6372 0.0376432
Chain
	Aln	96	-58c4d318-3a33-46d0-b77d-e0e568d5d713 1 9878 9955 +edge_49_0_+disjointig_42_0_15867 1 9685 15867 -1 -1 6372 0.0376432
Chain
	Aln	35	+6bdce6c4-5641-43a1-8912-9652bb91c7c1 3 2602 2606 -edge_18_0_+disjointig_18_0_11475 2 2601 11475 -1 -1 1614 0.0478166
Chain
	Aln	34	-6bdce6c4-5641-43a1-8912-9652bb91c7c1 3 2602 2606 +edge_18_0_+disjointig_18_0_11475 8873 11472 11475 -1 -1 1614 0.0478166
Chain
	Aln	73	+95ede7fd-d5ed-47f9-a4f8-80ae5e84f292 21 1168 1172 -edge_37_0_+disjointig_31_0_6417 1951 3078 6417 -1 -1 677 0.0486949
Chain
	Aln	72	-95ede7fd-d5ed-47f9-a4f8-80ae5e84f292 3 1150 1172 +edge_37_0_+disjointig_31_0_6417 3338 4465 6417 -1 -1 677 0.0486949
Chain
	Aln	27	+908844b1-f780-4d69-a3ef-7f0ac9e81a5a 2336 3097 6178 -edge_14_0_+disjointig_17_30625_32948 1561 2322 2323 -1 -1 524 0.0419211
	Aln	23	+908844b1-f780-4d69-a3ef-7f0ac9e81a5a 3114 4871 6178 -edge_12_1_+disjointig_40_4630_6445 56 1814 1815 -1 -1 1443 0.0228632
	Aln	19	+908844b1-f780-4d69-a3ef-7f0ac9e81a5a 4879 6155 6178 -edge_10_1_+disjointig_40_3316_4630 7 1289 1314 -1 -1 1042 0.0221353
Chain
	Aln	18	-908844b1-f780-4d69-a3ef-7f0ac9e81a5a 22 1298 6178 +edge_10_1_+disjointig_40_3316_4630 24 1306 1314 -1 -1 1042 0.0221353
	Aln	22	-908844b1-f780-4d69-a3ef-7f0ac9e81a5a 1306 3063 6178 +edge_12_1_+disjointig_40_4630_6445 0 1758 1815 -1 -1 1443 0.0228632
	Aln	26	-908844b1-f780-4d69-a3ef-7f0ac9e81a5a 3080 3841 6178 +edge_14_0_+disjointig_17_30625_32948 0 761 2323 -1 -1 524 0.0419211
Chain
	Aln	90	+a57d5e98-a69f-4e9d-a9f1-0ecd13fa3f99 3 3705 7512 +edge_46_0_+disjointig_4_1_3716 4 3709 3715 -1 -1 3394 0.012161
	Aln	90	+a57d5e98-a69f-4e9d-a9f1-0ecd13fa3f99 4245 7506 7512 +edge_46_0_+disjointig_4_1_3716 0 3261 3715 -1 -1 3062 0.0084704
Chain
	Aln	91	-a57d5e98-a69f-4e9d-a9f1-0ecd13fa3f99 5 3266 7512 -edge_46_0_+disjointig_4_1_3716 453 3714 3715 -1 -1 3062 0.0084704
	Aln	91	-a57d5e98-a69f-4e9d-a9f1-0ecd13fa3f99 3806 7508 7512 -edge_46_0_+disjointig_4_1_3716 5 3710 3715 -1 -1 3394 0.012161
Chain
	Aln	90	+fcb6ac8c-2c6c-46a9-a6b3-c6e64306d50e 1 3513 3522 +edge_46_0_+disjointig_4_1_3716 56 3568 3715 -1 -1 3321 0.00740536
Chain
	Aln	91	-fcb6ac8c-2c6c-46a9-a6b3-c6e64306d50e 8 3520 3522 -edge_46_0_+disjointig_4_1_3716 146 3658 3715 -1 -1 3321 0.00740536
Chain
	Aln	19	+98029c11-5d93-44f9-94a9-3fcb1a5d1c2b 1625 2830 5746 -edge_10_1_+disjointig_40_3316_4630 87 1300 1314 -1 -1 944 0.0251614
Chain
	Aln	22	+98029c11-5d93-44f9-94a9-3fcb1a5d1c2b 524 1586 5746 +edge_12_1_+disjointig_40_4630_6445 19 1081 1815 -1 -1 881 0.0234469
Chain
	Aln	18	-98029c11-5d93-44f9-94a9-3fcb1a5d1c2b 2915 4120 5746 +edge_10_1_+disjointig_40_3316_4630 13 1226 1314 -1 -1 944 0.0251614
Chain
	Aln	23	-98029c11-5d93-44f9-94a9-3fcb1a5d1c2b 4159 5221 5746 -edge_12_1_+disjointig_40_4630_6445 733 1795 1815 -1 -1 881 0.0234469
Chain
	Aln	182	+28cbfddf-d6ed-4ccb-9325-b5b92ab6916a 3 2837 4188 +edge_92_0_-disjointig_8_16838_20340 653 3477 3502 -1 -1 1516 0.0568407
	Aln	181	+28cbfddf-d6ed-4ccb-9325-b5b92ab6916a 2868 4107 4188 -edge_91_0_+disjointig_8_1107_2351 5 1243 1244 -1 -1 559 0.0695316
Chain
	Aln	180	-28cbfddf-d6ed-4ccb-9325-b5b92ab6916a 80 1319 4188 +edge_91_0_+disjointig_8_1107_2351 0 1238 1244 -1 -1 559 0.0695316
	Aln	183	-28cbfddf-d6ed-4ccb-9325-b5b92ab6916a 1350 4184 4188 -edge_92_0_-disjointig_8_16838_20340 24 2848 3502 -1 -1 1516 0.0568407
Chain
	Aln	144	+1ccf211c-8b99-4363-96fd-18d26f86f53f 7684 13082 13089 +edge_73_0_+disjointig_61_0_5409 0 5403 5409 -1 -1 5293 0.00242171
Chain
	Aln	145	-1ccf211c-8b99-4363-96fd-18d26f86f53f 6 5404 13089 -edge_73_0_+disjointig_61_0_5409 5 5408 5409 -1 -1 5293 0.00242171
Chain
	Aln	104	+2b836d20-f1a3-4e64-adc9-0226f74c6320 9308 21507 21513 +edge_53_0_+disjointig_46_0_12909 695 12904 12909 -1 -1 10378 0.0122138
Chain
	Aln	105	-2b836d20-f1a3-4e64-adc9-0226f74c6320 5 12204 21513 -edge_53_0_+disjointig_46_0_12909 4 12213 12909 -1 -1 10378 0.0122138
Chain
	Aln	22	+111c8147-d61d-474f-b690-338fe55e956a 2 927 2011 +edge_12_2_+disjointig_51_2913_4563 630 1593 1650 -1 -1 667 0.0364807
	Aln	26	+111c8147-d61d-474f-b690-338fe55e956a 977 2008 2011 +edge_14_0_+disjointig_17_30625_32948 33 1069 2323 -1 -1 750 0.0376984
Chain
	Aln	27	-111c8147-d61d-474f-b690-338fe55e956a 2 1033 2011 -edge_14_0_+disjointig_17_30625_32948 1253 2289 2323 -1 -1 750 0.0376984
	Aln	23	-111c8147-d61d-474f-b690-338fe55e956a 1083 2008 2011 -edge_12_2_+disjointig_51_2913_4563 56 1019 1650 -1 -1 667 0.0364807
Chain
	Aln	145	+2b83fc4b-c87e-453b-9868-d55017c1ac34 14 2348 2352 -edge_73_0_+disjointig_61_0_5409 3070 5405 5409 -1 -1 2286 0.00306081
Chain
	Aln	144	-2b83fc4b-c87e-453b-9868-d55017c1ac34 3 2337 2352 +edge_73_0_+disjointig_61_0_5409 3 2338 5409 -1 -1 2286 0.00306081
Chain
	Aln	18	+36fee32f-c552-48bb-9b6d-c014587bede3 2647 3188 11674 +edge_10_1_+disjointig_40_3316_4630 767 1311 1314 -1 -1 481 0.0124835
	Aln	22	+36fee32f-c552-48bb-9b6d-c014587bede3 3223 5000 11674 +edge_12_1_+disjointig_40_4630_6445 32 1809 1815 -1 -1 1537 0.0165061
	Aln	26	+36fee32f-c552-48bb-9b6d-c014587bede3 5025 6796 11674 +edge_14_1_+disjointig_51_4563_6866 19 1790 2303 -1 -1 1242 0.0354684
Chain
	Aln	27	-36fee32f-c552-48bb-9b6d-c014587bede3 4877 6648 11674 -edge_14_1_+disjointig_51_4563_6866 512 2283 2303 -1 -1 1242 0.0354684
	Aln	23	-36fee32f-c552-48bb-9b6d-c014587bede3 6673 8450 11674 -edge_12_1_+disjointig_40_4630_6445 5 1782 1815 -1 -1 1537 0.0165061
	Aln	19	-36fee32f-c552-48bb-9b6d-c014587bede3 8485 9026 11674 -edge_10_1_+disjointig_40_3316_4630 2 546 1314 -1 -1 481 0.0124835
Chain
	Aln	91	+9d9c7590-3156-48c3-9816-a9c9e5de3d67 6 1652 1655 -edge_46_0_+disjointig_4_1_3716 841 2488 3715 -1 -1 1488 0.0145301
Chain
	Aln	90	-9d9c7590-3156-48c3-9816-a9c9e5de3d67 2 1648 1655 +edge_46_0_+disjointig_4_1_3716 1226 2873 3715 -1 -1 1488 0.0145301
Chain
	Aln	155	+b30def38-1eaa-477c-ab92-c9bcda38a0dc 13 7180 7189 -edge_78_0_+disjointig_67_0_13672 12 7199 13672 -1 -1 5833 0.0211809
Chain
	Aln	154	-b30def38-1eaa-477c-ab92-c9bcda38a0dc 8 7175 7189 +edge_78_0_+disjointig_67_0_13672 6472 13659 13672 -1 -1 5833 0.0211809
Chain
	Aln	5	+8544b2f4-a51b-412a-8eb0-286334b808be 15 599 2878 -edge_3_0_+disjointig_11_34_805 186 770 771 -1 -1 521 0.0106801
	Aln	7	+8544b2f4-a51b-412a-8eb0-286334b808be 636 2071 2878 -edge_4_2_+disjointig_11_4342_5789 10 1445 1447 -1 -1 1389 0.00479329
	Aln	5	+8544b2f4-a51b-412a-8eb0-286334b808be 2083 2843 2878 -edge_3_0_+disjointig_11_34_805 10 770 771 -1 -1 730 0.00399382
Chain
	Aln	4	-8544b2f4-a51b-412a-8eb0-286334b808be 34 794 2878 +edge_3_0_+disjointig_11_34_805 0 760 771 -1 -1 730 0.00399382
	Aln	6	-8544b2f4-a51b-412a-8eb0-286334b808be 806 2241 2878 +edge_4_2_+disjointig_11_4342_5789 1 1436 1447 -1 -1 1389 0.00479329
	Aln	4	-8544b2f4-a51b-412a-8eb0-286334b808be 2278 2862 2878 +edge_3_0_+disjointig_11_34_805 0 584 771 -1 -1 521 0.0106801
Chain
	Aln	154	+da3fa204-91da-480a-8e6c-dcbb405766ad 1 13649 13652 +edge_78_0_+disjointig_67_0_13672 1 13650 13672 -1 -1 13015 0.00535898
Chain
	Aln	155	-da3fa204-91da-480a-8e6c-dcbb405766ad 2 13650 13652 -edge_78_0_+disjointig_67_0_13672 21 13670 13672 -1 -1 13015 0.00535898
Chain
	Aln	168	+e0c6c472-2f94-45b2-ae0a-4d0d6299c9e5 21 17863 17865 +edge_85_0_+disjointig_73_0_17452 4 17434 17452 -1 -1 12873 0.0308546
Chain
	Aln	169	-e0c6c472-2f94-45b2-ae0a-4d0d6299c9e5 1 17843 17865 -edge_85_0_+disjointig_73_0_17452 17 17447 17452 -1 -1 12873 0.0308546
Chain
	Aln	51	+67b12396-e555-4159-923d-2297614ef67d 614 4014 4253 -edge_26_0_+disjointig_23_0_13867 9965 13319 13867 -1 -1 1647 0.0589767
Chain
	Aln	50	-67b12396-e555-4159-923d-2297614ef67d 238 3638 4253 +edge_26_0_+disjointig_23_0_13867 547 3901 13867 -1 -1 1647 0.0589767
Chain
	Aln	175	+cc89c6ab-9482-4b29-9817-a1e8ddeee7f4 14 3684 3691 -edge_88_0_+disjointig_76_0_10400 13 3646 10400 -1 -1 2165 0.0424909
Chain
	Aln	174	-cc89c6ab-9482-4b29-9817-a1e8ddeee7f4 6 3676 3691 +edge_88_0_+disjointig_76_0_10400 6753 10386 10400 -1 -1 2165 0.0424909
Chain
	Aln	96	+a290750d-ddbb-4850-bdbb-df176e5fd3f8 4850 20950 20954 +edge_49_0_+disjointig_42_0_15867 4 15864 15867 -1 -1 8800 0.0480347
Chain
	Aln	97	-a290750d-ddbb-4850-bdbb-df176e5fd3f8 3 16103 20954 -edge_49_0_+disjointig_42_0_15867 2 15862 15867 -1 -1 8800 0.0480347
Chain
	Aln	71	+96709033-54b4-45d6-8447-af95793c9a50 8 7302 13727 -edge_36_0_+disjointig_30_0_8146 7 7226 8146 -1 -1 4522 0.0324005
Chain
	Aln	70	-96709033-54b4-45d6-8447-af95793c9a50 6424 13718 13727 +edge_36_0_+disjointig_30_0_8146 919 8138 8146 -1 -1 4522 0.0324005
Chain
	Aln	2	+469c10b4-4986-45ee-8fae-95f4af20e2e5 135 6805 6847 +edge_2_0_+disjointig_10_0_6628 2 6570 6628 -1 -1 3892 0.0457574
Chain
	Aln	3	-469c10b4-4986-45ee-8fae-95f4af20e2e5 41 6711 6847 -edge_2_0_+disjointig_10_0_6628 57 6625 6628 -1 -1 3892 0.0457574
Chain
	Aln	90	+7b4f4a6a-b228-4a5e-a240-1ac95d379fdf 0 1385 1395 +edge_46_0_+disjointig_4_1_3716 2266 3650 3715 -1 -1 1214 0.0167686
Chain
	Aln	91	-7b4f4a6a-b228-4a5e-a240-1ac95d379fdf 9 1394 1395 -edge_46_0_+disjointig_4_1_3716 64 1448 3715 -1 -1 1214 0.0167686
Chain
	Aln	18	+85e99bca-9c6b-411d-a676-6484df568952 12725 13261 17571 +edge_10_1_+disjointig_40_3316_4630 767 1311 1314 -1 -1 440 0.0276938
	Aln	22	+85e99bca-9c6b-411d-a676-6484df568952 13265 14799 17571 +edge_12_1_+disjointig_40_4630_6445 1 1525 1815 -1 -1 1154 0.0290817
Chain
	Aln	19	+85e99bca-9c6b-411d-a676-6484df568952 5396 6698 17571 -edge_10_1_+disjointig_40_3316_4630 7 1313 1314 -1 -1 1078 0.0235998
Chain
	Aln	23	-85e99bca-9c6b-411d-a676-6484df568952 2771 4305 17571 -edge_12_1_+disjointig_40_4630_6445 289 1813 1815 -1 -1 1154 0.0290817
	Aln	19	-85e99bca-9c6b-411d-a676-6484df568952 4309 4845 17571 -edge_10_1_+disjointig_40_3316_4630 2 546 1314 -1 -1 440 0.0276938
Chain
	Aln	18	-85e99bca-9c6b-411d-a676-6484df568952 10872 12174 17571 +edge_10_1_+disjointig_40_3316_4630 0 1306 1314 -1 -1 1078 0.0235998
Chain
	Aln	19	+26793c78-66aa-4294-ab79-f1211c9663e1 1282 2520 4246 -edge_10_1_+disjointig_40_3316_4630 60 1313 1314 -1 -1 1049 0.0154543
Chain
	Aln	18	-26793c78-66aa-4294-ab79-f1211c9663e1 1725 2963 4246 +edge_10_1_+disjointig_40_3316_4630 0 1253 1314 -1 -1 1049 0.0154543
Chain
	Aln	0	+2ecd6842-8a8c-42e4-ae8e-942c4b3311b3 38 6374 6379 +edge_1_0_+disjointig_1_0_6565 13 6349 6565 -1 -1 5746 0.0119184
Chain
	Aln	1	-2ecd6842-8a8c-42e4-ae8e-942c4b3311b3 4 6340 6379 -edge_1_0_+disjointig_1_0_6565 215 6551 6565 -1 -1 5746 0.0119184
Chain
	Aln	138	+0c5e6b06-e8d7-44ec-8e46-f2652777d8a7 116 829 2127 +edge_70_3_+disjointig_6_9536_10549 297 1009 1013 -1 -1 344 0.0728514
	Aln	140	+0c5e6b06-e8d7-44ec-8e46-f2652777d8a7 841 1466 2127 +edge_71_1_+disjointig_6_8852_9536 8 632 684 -1 -1 363 0.0578118
	Aln	134	+0c5e6b06-e8d7-44ec-8e46-f2652777d8a7 1417 1899 2127 +edge_68_0_+disjointig_6_1313_1845 44 522 532 -1 -1 215 0.0860502
	Aln	132	+0c5e6b06-e8d7-44ec-8e46-f2652777d8a7 1868 2105 2127 +edge_67_1_+disjointig_6_4796_5331 12 249 535 -1 -1 150 0.0503635
Chain
	Aln	133	-0c5e6b06-e8d7-44ec-8e46-f2652777d8a7 21 258 2127 -edge_67_1_+disjointig_6_4796_5331 285 522 535 -1 -1 150 0.0503635
	Aln	135	-0c5e6b06-e8d7-44ec-8e46-f2652777d8a7 227 709 2127 -edge_68_0_+disjointig_6_1313_1845 9 487 532 -1 -1 215 0.0860502
	Aln	141	-0c5e6b06-e8d7-44ec-8e46-f2652777d8a7 660 1285 2127 -edge_71_1_+disjointig_6_8852_9536 51 675 684 -1 -1 363 0.0578118
	Aln	139	-0c5e6b06-e8d7-44ec-8e46-f2652777d8a7 1297 2010 2127 -edge_70_3_+disjointig_6_9536_10549 3 715 1013 -1 -1 344 0.0728514
Chain
	Aln	35	+f7c8df99-363f-4a23-9b42-8d1cd7fe4248 451 4410 4424 -edge_18_0_+disjointig_18_0_11475 6909 10872 11475 -1 -1 3527 0.0103269
Chain
	Aln	34	-f7c8df99-363f-4a23-9b42-8d1cd7fe4248 13 3972 4424 +edge_18_0_+disjointig_18_0_11475 602 4565 11475 -1 -1 3527 0.0103269
Chain
	Aln	1	+d8f0e137-7899-409f-9652-c30c36222ce7 8 6478 6484 -edge_1_0_+disjointig_1_0_6565 7 6559 6565 -1 -1 4699 0.0329403
Chain
	Aln	0	-d8f0e137-7899-409f-9652-c30c36222ce7 5 6475 6484 +edge_1_0_+disjointig_1_0_6565 5 6557 6565 -1 -1 4699 0.0329403
Chain
	Aln	19	+4ae07afb-dc83-4eff-9727-ebdd78c13362 12224 13678 31275 -edge_10_0_+disjointig_17_27543_29015 4 1471 1472 -1 -1 976 0.0388846
Chain
	Aln	18	-4ae07afb-dc83-4eff-9727-ebdd78c13362 17596 19050 31275 +edge_10_0_+disjointig_17_27543_29015 0 1467 1472 -1 -1 976 0.0388846
Chain
	Aln	18	+e5b63f46-c578-4abe-8799-cb66ddd9b6c5 19 1290 2863 +edge_10_1_+disjointig_40_3316_4630 32 1311 1314 -1 -1 1011 0.0299587
	Aln	22	+e5b63f46-c578-4abe-8799-cb66ddd9b6c5 1294 2842 2863 +edge_12_1_+disjointig_40_4630_6445 1 1558 1815 -1 -1 1000 0.0436992
Chain
	Aln	23	-e5b63f46-c578-4abe-8799-cb66ddd9b6c5 20 1568 2863 -edge_12_1_+disjointig_40_4630_6445 256 1813 1815 -1 -1 1000 0.0436992
	Aln	19	-e5b63f46-c578-4abe-8799-cb66ddd9b6c5 1572 2843 2863 -edge_10_1_+disjointig_40_3316_4630 2 1281 1314 -1 -1 1011 0.0299587
Chain
	Aln	18	+cf132e78-10dd-469d-9ab5-02325056d65b 1171 2478 3355 +edge_10_1_+disjointig_40_3316_4630 1 1311 1314 -1 -1 1067 0.0194472
Chain
	Aln	19	-cf132e78-10dd-469d-9ab5-02325056d65b 876 2183 3355 -edge_10_1_+disjointig_40_3316_4630 2 1312 1314 -1 -1 1067 0.0194472
Chain
	Aln	5	+7468cb30-2af0-4168-bc01-18a03b4cbbf3 16 702 2777 -edge_3_4_+disjointig_11_7531_8306 71 757 775 -1 -1 683 0
	Aln	7	+7468cb30-2af0-4168-bc01-18a03b4cbbf3 741 1906 2777 -edge_4_3_+disjointig_11_6340_7531 21 1190 1191 -1 -1 992 0.0189848
	Aln	5	+7468cb30-2af0-4168-bc01-18a03b4cbbf3 1912 2124 2777 -edge_3_3_+disjointig_11_5789_6340 4 189 551 -1 -1 113 0.0504257
	Aln	5	+7468cb30-2af0-4168-bc01-18a03b4cbbf3 2287 2775 2777 -edge_3_4_+disjointig_11_7531_8306 7 495 775 -1 -1 408 0.021062
Chain
	Aln	4	-7468cb30-2af0-4168-bc01-18a03b4cbbf3 1 489 2777 +edge_3_4_+disjointig_11_7531_8306 279 767 775 -1 -1 408 0.021062
	Aln	4	-7468cb30-2af0-4168-bc01-18a03b4cbbf3 652 864 2777 +edge_3_3_+disjointig_11_5789_6340 361 546 551 -1 -1 113 0.0504257
	Aln	6	-7468cb30-2af0-4168-bc01-18a03b4cbbf3 870 2035 2777 +edge_4_3_+disjointig_11_6340_7531 0 1169 1191 -1 -1 992 0.0189848
	Aln	4	-7468cb30-2af0-4168-bc01-18a03b4cbbf3 2074 2760 2777 +edge_3_4_+disjointig_11_7531_8306 17 703 775 -1 -1 683 0
Chain
	Aln	23	+3dc1c454-6c45-41d7-8354-144ea770d243 1013 2077 9477 -edge_12_1_+disjointig_40_4630_6445 752 1814 1815 -1 -1 954 0.0146213
	Aln	19	+3dc1c454-6c45-41d7-8354-144ea770d243 2085 2626 9477 -edge_10_1_+disjointig_40_3316_4630 7 550 1314 -1 -1 420 0.0285578
Chain
	Aln	18	-3dc1c454-6c45-41d7-8354-144ea770d243 6850 7391 9477 +edge_10_1_+disjointig_40_3316_4630 763 1306 1314 -1 -1 420 0.0285578
	Aln	22	-3dc1c454-6c45-41d7-8354-144ea770d243 7399 8463 9477 +edge_12_1_+disjointig_40_4630_6445 0 1062 1815 -1 -1 954 0.0146213
Chain
	Aln	116	+e7d89d05-b458-47c8-865b-b472e4fbf77d 1 9485 10799 +edge_59_0_+disjointig_52_0_9118 1 9107 9118 -1 -1 6477 0.0253433
Chain
	Aln	117	-e7d89d05-b458-47c8-865b-b472e4fbf77d 1313 10797 10799 -edge_59_0_+disjointig_52_0_9118 10 9116 9118 -1 -1 6477 0.0253433
Chain
	Aln	44	+94bc8a8e-9ac5-491a-be2b-f1c20b91bddb 4184 9641 9649 +edge_23_0_+disjointig_20_0_5599 57 5592 5599 -1 -1 3570 0.0441743
Chain
	Aln	45	-94bc8a8e-9ac5-491a-be2b-f1c20b91bddb 7 5464 9649 -edge_23_0_+disjointig_20_0_5599 6 5541 5599 -1 -1 3570 0.0441743
Chain
	Aln	92	+085635db-f9f7-4974-a102-b77c86e1e023 0 1170 1482 +edge_47_0_+disjointig_4_7140_9208 857 2027 2068 -1 -1 581 0.0654924
Chain
	Aln	93	-085635db-f9f7-4974-a102-b77c86e1e023 311 1481 1482 -edge_47_0_+disjointig_4_7140_9208 40 1210 2068 -1 -1 581 0.0654924
Chain
	Aln	18	+ad60d7c5-b91f-4a5e-865b-79a2a5190d52 2523 3774 17726 +edge_10_1_+disjointig_40_3316_4630 15 1284 1314 -1 -1 972 0.0286506
	Aln	22	+ad60d7c5-b91f-4a5e-865b-79a2a5190d52 3805 5611 17726 +edge_12_1_+disjointig_40_4630_6445 1 1809 1815 -1 -1 1352 0.029084
	Aln	26	+ad60d7c5-b91f-4a5e-865b-79a2a5190d52 5621 7925 17726 +edge_14_1_+disjointig_51_4563_6866 4 2295 2303 -1 -1 1492 0.0371467
Chain
	Aln	27	+ad60d7c5-b91f-4a5e-865b-79a2a5190d52 13315 15611 17726 -edge_14_1_+disjointig_51_4563_6866 17 2302 2303 -1 -1 1521 0.0382944
	Aln	23	+ad60d7c5-b91f-4a5e-865b-79a2a5190d52 15678 17418 17726 -edge_12_1_+disjointig_40_4630_6445 66 1814 1815 -1 -1 1267 0.0320553
Chain
	Aln	27	-ad60d7c5-b91f-4a5e-865b-79a2a5190d52 9800 12104 17726 -edge_14_1_+disjointig_51_4563_6866 7 2298 2303 -1 -1 1492 0.0371467
	Aln	23	-ad60d7c5-b91f-4a5e-865b-79a2a5190d52 12114 13920 17726 -edge_12_1_+disjointig_40_4630_6445 5 1813 1815 -1 -1 1352 0.029084
	Aln	19	-ad60d7c5-b91f-4a5e-865b-79a2a5190d52 13951 15202 17726 -edge_10_1_+disjointig_40_3316_4630 29 1298 1314 -1 -1 972 0.0286506
Chain
	Aln	22	-ad60d7c5-b91f-4a5e-865b-79a2a5190d52 307 2047 17726 +edge_12_1_+disjointig_40_4630_6445 0 1748 1815 -1 -1 1267 0.0320553
	Aln	26	-ad60d7c5-b91f-4a5e-865b-79a2a5190d52 2114 4410 17726 +edge_14_1_+disjointig_51_4563_6866 0 2285 2303 -1 -1 1521 0.0382944
Chain
	Aln	19	+85cb7dfe-e316-4133-af4c-6c738d91b7e3 183 1636 2569 -edge_10_0_+disjointig_17_27543_29015 19 1471 1472 -1 -1 1065 0.0310089
Chain
	Aln	18	-85cb7dfe-e316-4133-af4c-6c738d91b7e3 932 2385 2569 +edge_10_0_+disjointig_17_27543_29015 0 1452 1472 -1 -1 1065 0.0310089
Chain
	Aln	139	+fa1e769b-4a65-4f4c-9a38-e2d3bbca46f5 27 316 10099 -edge_70_2_+disjointig_6_8130_8852 427 715 722 -1 -1 127 0.0859278
	Aln	139	+fa1e769b-4a65-4f4c-9a38-e2d3bbca46f5 289 985 10099 -edge_70_2_+disjointig_6_8130_8852 10 704 722 -1 -1 398 0.0587898
	Aln	139	+fa1e769b-4a65-4f4c-9a38-e2d3bbca46f5 962 1674 10099 -edge_70_2_+disjointig_6_8130_8852 3 715 722 -1 -1 325 0.0743803
	Aln	139	+fa1e769b-4a65-4f4c-9a38-e2d3bbca46f5 1647 2629 10099 -edge_70_3_+disjointig_6_9536_10549 10 990 1013 -1 -1 553 0.0604798
	Aln	139	+fa1e769b-4a65-4f4c-9a38-e2d3bbca46f5 2665 3362 10099 -edge_70_2_+disjointig_6_8130_8852 8 704 722 -1 -1 362 0.0670111
	Aln	139	+fa1e769b-4a65-4f4c-9a38-e2d3bbca46f5 3339 4040 10099 -edge_70_2_+disjointig_6_8130_8852 3 704 722 -1 -1 364 0.0658957
	Aln	139	+fa1e769b-4a65-4f4c-9a38-e2d3bbca46f5 4144 4662 10099 -edge_70_2_+disjointig_6_8130_8852 187 704 722 -1 -1 262 0.0685528
	Aln	139	+fa1e769b-4a65-4f4c-9a38-e2d3bbca46f5 4639 5342 10099 -edge_70_2_+disjointig_6_8130_8852 3 704 722 -1 -1 380 0.0632619
	Aln	139	+fa1e769b-4a65-4f4c-9a38-e2d3bbca46f5 5324 6331 10099 -edge_70_3_+disjointig_6_9536_10549 8 1012 1013 -1 -1 533 0.0668243
	Aln	139	+fa1e769b-4a65-4f4c-9a38-e2d3bbca46f5 6338 7051 10099 -edge_70_2_+disjointig_6_8130_8852 3 715 722 -1 -1 325 0.0744631
	Aln	139	+fa1e769b-4a65-4f4c-9a38-e2d3bbca46f5 7024 8006 10099 -edge_70_3_+disjointig_6_9536_10549 10 990 1013 -1 -1 553 0.0604798
	Aln	139	+fa1e769b-4a65-4f4c-9a38-e2d3bbca46f5 8121 8736 10099 -edge_70_2_+disjointig_6_8130_8852 87 704 722 -1 -1 308 0.0711446
	Aln	139	+fa1e769b-4a65-4f4c-9a38-e2d3bbca46f5 8713 9416 10099 -edge_70_2_+disjointig_6_8130_8852 3 704 722 -1 -1 372 0.064646
	Aln	139	+fa1e769b-4a65-4f4c-9a38-e2d3bbca46f5 9398 10095 10099 -edge_70_3_+disjointig_6_9536_10549 8 704 1013 -1 -1 373 0.0655586
Chain
	Aln	138	-fa1e769b-4a65-4f4c-9a38-e2d3bbca46f5 3 700 10099 +edge_70_3_+disjointig_6_9536_10549 308 1004 1013 -1 -1 373 0.0655586
	Aln	138	-fa1e769b-4a65-4f4c-9a38-e2d3bbca46f5 682 1385 10099 +edge_70_2_+disjointig_6_8130_8852 17 718 722 -1 -1 372 0.064646
	Aln	138	-fa1e769b-4a65-4f4c-9a38-e2d3bbca46f5 1362 1977 10099 +edge_70_2_+disjointig_6_8130_8852 17 634 722 -1 -1 308 0.0711446
	Aln	138	-fa1e769b-4a65-4f4c-9a38-e2d3bbca46f5 2092 3074 10099 +edge_70_3_+disjointig_6_9536_10549 22 1002 1013 -1 -1 553 0.0604798
	Aln	138	-fa1e769b-4a65-4f4c-9a38-e2d3bbca46f5 3047 3760 10099 +edge_70_2_+disjointig_6_8130_8852 6 718 722 -1 -1 325 0.0744631
	Aln	138	-fa1e769b-4a65-4f4c-9a38-e2d3bbca46f5 3767 4774 10099 +edge_70_3_+disjointig_6_9536_10549 0 1004 1013 -1 -1 533 0.0668243
	Aln	138	-fa1e769b-4a65-4f4c-9a38-e2d3bbca46f5 4756 5459 10099 +edge_70_2_+disjointig_6_8130_8852 17 718 722 -1 -1 380 0.0632619
	Aln	138	-fa1e769b-4a65-4f4c-9a38-e2d3bbca46f5 5436 5954 10099 +edge_70_2_+disjointig_6_8130_8852 17 534 722 -1 -1 262 0.0685528
	Aln	138	-fa1e769b-4a65-4f4c-9a38-e2d3bbca46f5 6058 6759 10099 +edge_70_2_+disjointig_6_8130_8852 17 718 722 -1 -1 364 0.0658957
	Aln	138	-fa1e769b-4a65-4f4c-9a38-e2d3bbca46f5 6736 7433 10099 +edge_70_2_+disjointig_6_8130_8852 17 713 722 -1 -1 362 0.0670111
	Aln	138	-fa1e769b-4a65-4f4c-9a38-e2d3bbca46f5 7469 8451 10099 +edge_70_3_+disjointig_6_9536_10549 22 1002 1013 -1 -1 553 0.0604798
	Aln	138	-fa1e769b-4a65-4f4c-9a38-e2d3bbca46f5 8424 9136 10099 +edge_70_2_+disjointig_6_8130_8852 6 718 722 -1 -1 325 0.0743803
	Aln	138	-fa1e769b-4a65-4f4c-9a38-e2d3bbca46f5 9113 9809 10099 +edge_70_2_+disjointig_6_8130_8852 17 711 722 -1 -1 398 0.0587898
	Aln	138	-fa1e769b-4a65-4f4c-9a38-e2d3bbca46f5 9782 10071 10099 +edge_70_2_+disjointig_6_8130_8852 6 294 722 -1 -1 127 0.0859278
Chain
	Aln	19	+61548963-2902-40c9-9844-04479272234a 4680 5741 8332 -edge_10_1_+disjointig_40_3316_4630 237 1300 1314 -1 -1 660 0.0468954
Chain
	Aln	18	-61548963-2902-40c9-9844-04479272234a 2590 3651 8332 +edge_10_1_+disjointig_40_3316_4630 13 1076 1314 -1 -1 660 0.0468954
Chain
	Aln	11	+3e32c3c7-2c8d-4699-bc9e-506d322d9429 4 3670 5651 -edge_6_0_+disjointig_13_0_7542 3 3650 7542 -1 -1 2319 0.0386878
Chain
	Aln	11	+3e32c3c7-2c8d-4699-bc9e-506d322d9429 4283 5644 5651 -edge_6_0_+disjointig_13_0_7542 3710 5084 7542 -1 -1 796 0.0496918
Chain
	Aln	10	-3e32c3c7-2c8d-4699-bc9e-506d322d9429 1980 5646 5651 +edge_6_0_+disjointig_13_0_7542 3891 7538 7542 -1 -1 2319 0.0386878
Chain
	Aln	10	-3e32c3c7-2c8d-4699-bc9e-506d322d9429 6 1367 5651 +edge_6_0_+disjointig_13_0_7542 2457 3831 7542 -1 -1 796 0.0496918
Chain
	Aln	18	+bfb61b77-54e3-4ce1-a96b-5a566b9290c6 772 2078 2095 +edge_10_1_+disjointig_40_3316_4630 1 1311 1314 -1 -1 1113 0.0157379
Chain
	Aln	19	-bfb61b77-54e3-4ce1-a96b-5a566b9290c6 16 1322 2095 -edge_10_1_+disjointig_40_3316_4630 2 1312 1314 -1 -1 1113 0.0157379
Chain
	Aln	48	+72771b5f-8664-4480-8714-49c26c184a5f 41 10686 10691 +edge_25_0_+disjointig_22_0_10699 21 10675 10699 -1 -1 9447 0.012333
Chain
	Aln	49	-72771b5f-8664-4480-8714-49c26c184a5f 4 10649 10691 -edge_25_0_+disjointig_22_0_10699 23 10677 10699 -1 -1 9447 0.012333
Chain
	Aln	27	+85c43180-2132-4011-9091-4b59dc438b69 4488 5006 6625 -edge_14_0_+disjointig_17_30625_32948 1755 2273 2323 -1 -1 427 0.0201788
	Aln	23	+85c43180-2132-4011-9091-4b59dc438b69 5072 6586 6625 -edge_12_1_+disjointig_40_4630_6445 56 1644 1815 -1 -1 1252 0.0245004
Chain
	Aln	22	-85c43180-2132-4011-9091-4b59dc438b69 38 1552 6625 +edge_12_1_+disjointig_40_4630_6445 170 1758 1815 -1 -1 1252 0.0245004
	Aln	26	-85c43180-2132-4011-9091-4b59dc438b69 1618 2136 6625 +edge_14_0_+disjointig_17_30625_32948 49 567 2323 -1 -1 427 0.0201788
Chain
	Aln	49	+7c5511fd-e356-490e-921b-9f89f88c4e43 5 10663 10666 -edge_25_0_+disjointig_22_0_10699 4 10696 10699 -1 -1 8421 0.0229721
Chain
	Aln	48	-7c5511fd-e356-490e-921b-9f89f88c4e43 2 10660 10666 +edge_25_0_+disjointig_22_0_10699 2 10694 10699 -1 -1 8421 0.0229721
Chain
	Aln	124	+a358c568-091c-40d2-8950-e84bf9da7d8d 1047 4204 4230 +edge_63_0_+disjointig_56_0_3204 1 3158 3204 -1 -1 2820 0.0131885
Chain
	Aln	125	-a358c568-091c-40d2-8950-e84bf9da7d8d 25 3182 4230 -edge_63_0_+disjointig_56_0_3204 45 3202 3204 -1 -1 2820 0.0131885
Chain
	Aln	125	+97980a04-c023-4c22-a6da-3b1e9dcf9e5f 12 3129 3204 -edge_63_0_+disjointig_56_0_3204 11 3132 3204 -1 -1 1946 0.0460853
Chain
	Aln	124	-97980a04-c023-4c22-a6da-3b1e9dcf9e5f 74 3191 3204 +edge_63_0_+disjointig_56_0_3204 71 3192 3204 -1 -1 1946 0.0460853
Chain
	Aln	19	+4771cd43-8681-4282-baac-faeceba7c872 72 1113 2504 -edge_10_1_+disjointig_40_3316_4630 236 1300 1314 -1 -1 813 0.0235576
Chain
	Aln	18	-4771cd43-8681-4282-baac-faeceba7c872 1390 2431 2504 +edge_10_1_+disjointig_40_3316_4630 13 1077 1314 -1 -1 813 0.0235576
Chain
	Aln	142	+e28674df-b9af-4027-9403-1db7361fd8d2 43 2153 2156 +edge_72_0_+disjointig_60_0_2662 19 2119 2662 -1 -1 1751 0.0201441
Chain
	Aln	143	-e28674df-b9af-4027-9403-1db7361fd8d2 2 2112 2156 -edge_72_0_+disjointig_60_0_2662 542 2642 2662 -1 -1 1751 0.0201441
Chain
	Aln	143	+65a8bf5b-546a-4546-99c6-a9420c4ae13e 11 2580 2643 -edge_72_0_+disjointig_60_0_2662 10 2599 2662 -1 -1 1713 0.0348402
Chain
	Aln	142	-65a8bf5b-546a-4546-99c6-a9420c4ae13e 62 2631 2643 +edge_72_0_+disjointig_60_0_2662 62 2651 2662 -1 -1 1713 0.0348402
Chain
	Aln	56	+4fac1e41-68c8-4730-bdc2-cf8c51427d7e 25 3145 3150 +edge_29_0_+disjointig_26_0_3091 3 3065 3091 -1 -1 2339 0.0253431
Chain
	Aln	57	-4fac1e41-68c8-4730-bdc2-cf8c51427d7e 4 3124 3150 -edge_29_0_+disjointig_26_0_3091 25 3087 3091 -1 -1 2339 0.0253431
Chain
	Aln	57	+1a21e5f5-5532-4e31-8017-4749df7aa76a 11 3087 3115 -edge_29_0_+disjointig_26_0_3091 10 3062 3091 -1 -1 2353 0.0258146
Chain
	Aln	56	-1a21e5f5-5532-4e31-8017-4749df7aa76a 27 3103 3115 +edge_29_0_+disjointig_26_0_3091 28 3080 3091 -1 -1 2353 0.0258146
Chain
	Aln	27	+c34b5382-4eca-41c2-a4dc-08e1e9c1861f 31 1356 1475 -edge_14_1_+disjointig_51_4563_6866 969 2293 2303 -1 -1 983 0.0337674
Chain
	Aln	26	-c34b5382-4eca-41c2-a4dc-08e1e9c1861f 118 1443 1475 +edge_14_1_+disjointig_51_4563_6866 9 1333 2303 -1 -1 983 0.0337674
Chain
	Aln	27	+28cd83ae-0c0f-4429-a51f-b93e4d560ced 2882 4122 5971 -edge_14_0_+disjointig_17_30625_32948 1052 2292 2323 -1 -1 726 0.0526309
	Aln	23	+28cd83ae-0c0f-4429-a51f-b93e4d560ced 4235 5769 5971 -edge_12_0_+disjointig_17_29015_30625 81 1609 1610 -1 -1 931 0.0508684
Chain
	Aln	26	+28cd83ae-0c0f-4429-a51f-b93e4d560ced 79 2364 5971 +edge_14_1_+disjointig_51_4563_6866 19 2295 2303 -1 -1 1409 0.0440578
Chain
	Aln	22	-28cd83ae-0c0f-4429-a51f-b93e4d560ced 201 1735 5971 +edge_12_0_+disjointig_17_29015_30625 0 1528 1610 -1 -1 931 0.0508684
	Aln	26	-28cd83ae-0c0f-4429-a51f-b93e4d560ced 1848 3088 5971 +edge_14_0_+disjointig_17_30625_32948 30 1270 2323 -1 -1 726 0.0526309
Chain
	Aln	27	-28cd83ae-0c0f-4429-a51f-b93e4d560ced 3606 5891 5971 -edge_14_1_+disjointig_51_4563_6866 7 2283 2303 -1 -1 1409 0.0440578
Chain
	Aln	27	+fb70ac97-dd37-4be6-932f-682763284395 1568 3272 9514 -edge_14_1_+disjointig_51_4563_6866 541 2293 2303 -1 -1 816 0.0639878
	Aln	23	+fb70ac97-dd37-4be6-932f-682763284395 3289 5076 9514 -edge_12_1_+disjointig_40_4630_6445 14 1814 1815 -1 -1 1524 0.0175072
	Aln	19	+fb70ac97-dd37-4be6-932f-682763284395 5084 6368 9514 -edge_10_1_+disjointig_40_3316_4630 7 1300 1314 -1 -1 1059 0.0211672
Chain
	Aln	18	-fb70ac97-dd37-4be6-932f-682763284395 3145 4429 9514 +edge_10_1_+disjointig_40_3316_4630 13 1306 1314 -1 -1 1059 0.0211672
	Aln	22	-fb70ac97-dd37-4be6-932f-682763284395 4437 6224 9514 +edge_12_1_+disjointig_40_4630_6445 0 1800 1815 -1 -1 1524 0.0175072
	Aln	26	-fb70ac97-dd37-4be6-932f-682763284395 6241 7945 9514 +edge_14_1_+disjointig_51_4563_6866 9 1761 2303 -1 -1 816 0.0639878
Chain
	Aln	94	+c440031e-e900-4228-9288-47cebb48f4b5 19 6563 6568 +edge_48_0_+disjointig_41_0_6583 1 6558 6583 -1 -1 5047 0.0281154
Chain
	Aln	95	-c440031e-e900-4228-9288-47cebb48f4b5 4 6548 6568 -edge_48_0_+disjointig_41_0_6583 24 6581 6583 -1 -1 5047 0.0281154
Chain
	Aln	153	+f060e9e3-ee1f-4074-b985-e6e45a883bf7 2560 4369 4372 -edge_77_0_+disjointig_66_0_1815 8 1812 1815 -1 -1 1644 0.0117841
Chain
	Aln	153	+f060e9e3-ee1f-4074-b985-e6e45a883bf7 9 1807 4372 -edge_77_0_+disjointig_66_0_1815 8 1799 1815 -1 -1 1523 0.0171526
Chain
	Aln	152	-f060e9e3-ee1f-4074-b985-e6e45a883bf7 2 1811 4372 +edge_77_0_+disjointig_66_0_1815 2 1806 1815 -1 -1 1644 0.0117841
Chain
	Aln	152	-f060e9e3-ee1f-4074-b985-e6e45a883bf7 2564 4362 4372 +edge_77_0_+disjointig_66_0_1815 15 1806 1815 -1 -1 1523 0.0171526
Chain
	Aln	27	+111d7b74-dce8-4b0b-9a17-e22303dd7897 2021 3768 5363 -edge_14_1_+disjointig_51_4563_6866 542 2293 2303 -1 -1 1201 0.0354804
	Aln	23	+111d7b74-dce8-4b0b-9a17-e22303dd7897 3805 5360 5363 -edge_12_1_+disjointig_40_4630_6445 27 1583 1815 -1 -1 1319 0.0202544
Chain
	Aln	22	-111d7b74-dce8-4b0b-9a17-e22303dd7897 2 1557 5363 +edge_12_1_+disjointig_40_4630_6445 231 1787 1815 -1 -1 1319 0.0202544
	Aln	26	-111d7b74-dce8-4b0b-9a17-e22303dd7897 1594 3341 5363 +edge_14_1_+disjointig_51_4563_6866 9 1760 2303 -1 -1 1201 0.0354804
Chain
	Aln	19	+c69117c4-368d-4c29-b9cf-dc8e60499254 2236 3618 4833 -edge_10_0_+disjointig_17_27543_29015 61 1471 1472 -1 -1 755 0.0558292
Chain
	Aln	18	-c69117c4-368d-4c29-b9cf-dc8e60499254 1214 2596 4833 +edge_10_0_+disjointig_17_27543_29015 0 1410 1472 -1 -1 755 0.0558292
Chain
	Aln	42	+f8faf308-e84a-401a-a403-093f05c58cfd 874 3976 4023 +edge_22_0_+disjointig_2_0_6280 4 3100 6280 -1 -1 2110 0.0387977
Chain
	Aln	43	-f8faf308-e84a-401a-a403-093f05c58cfd 46 3148 4023 -edge_22_0_+disjointig_2_0_6280 3179 6275 6280 -1 -1 2110 0.0387977
Chain
	Aln	18	+f5036982-963b-480e-920f-fc6914aa65ea 814 2080 2093 +edge_10_1_+disjointig_40_3316_4630 1 1274 1314 -1 -1 901 0.0341071
Chain
	Aln	19	-f5036982-963b-480e-920f-fc6914aa65ea 12 1278 2093 -edge_10_1_+disjointig_40_3316_4630 39 1312 1314 -1 -1 901 0.0341071
Chain
	Aln	34	+23af793d-cc9a-4670-b41b-1cd43060e379 22 5647 5665 +edge_18_0_+disjointig_18_0_11475 5747 11380 11475 -1 -1 4868 0.0148329
Chain
	Aln	35	-23af793d-cc9a-4670-b41b-1cd43060e379 17 5642 5665 -edge_18_0_+disjointig_18_0_11475 94 5727 11475 -1 -1 4868 0.0148329
Chain
	Aln	26	+eb8a44bb-ac28-4e8b-9f73-cdd3f801785b 375 2133 2930 +edge_14_1_+disjointig_51_4563_6866 469 2230 2303 -1 -1 1145 0.0462672
Chain
	Aln	27	-eb8a44bb-ac28-4e8b-9f73-cdd3f801785b 796 2554 2930 -edge_14_1_+disjointig_51_4563_6866 72 1833 2303 -1 -1 1145 0.0462672
Chain
	Aln	55	+71ec16e8-fdd3-4b42-afb7-4b62d9f2f6c5 835 21771 21773 -edge_28_0_+disjointig_25_0_21126 190 21124 21126 -1 -1 17255 0.0130539
Chain
	Aln	54	-71ec16e8-fdd3-4b42-afb7-4b62d9f2f6c5 1 20937 21773 +edge_28_0_+disjointig_25_0_21126 1 20935 21126 -1 -1 17255 0.0130539
Chain
	Aln	18	+88af57fd-607d-4da8-99ae-c8505ff04b9b 4746 6107 7385 +edge_10_0_+disjointig_17_27543_29015 32 1397 1472 -1 -1 696 0.0644064
	Aln	22	+88af57fd-607d-4da8-99ae-c8505ff04b9b 6230 7320 7385 +edge_12_0_+disjointig_17_29015_30625 48 1133 1610 -1 -1 566 0.0630564
Chain
	Aln	23	-88af57fd-607d-4da8-99ae-c8505ff04b9b 64 1154 7385 -edge_12_0_+disjointig_17_29015_30625 476 1561 1610 -1 -1 566 0.0630564
	Aln	19	-88af57fd-607d-4da8-99ae-c8505ff04b9b 1277 2638 7385 -edge_10_0_+disjointig_17_27543_29015 74 1439 1472 -1 -1 696 0.0644064
Chain
	Aln	22	+7d882e34-9edf-4e08-95d7-9f3199d038c8 4 1599 5475 +edge_12_1_+disjointig_40_4630_6445 171 1771 1815 -1 -1 913 0.0484821
	Aln	26	+7d882e34-9edf-4e08-95d7-9f3199d038c8 1661 3943 5475 +edge_14_1_+disjointig_51_4563_6866 19 2295 2303 -1 -1 1241 0.0538623
Chain
	Aln	27	-7d882e34-9edf-4e08-95d7-9f3199d038c8 1531 3813 5475 -edge_14_1_+disjointig_51_4563_6866 7 2283 2303 -1 -1 1241 0.0538623
	Aln	23	-7d882e34-9edf-4e08-95d7-9f3199d038c8 3875 5470 5475 -edge_12_1_+disjointig_40_4630_6445 43 1643 1815 -1 -1 913 0.0484821
Chain
	Aln	140	+a8a517b5-a3ed-4aec-b80f-7fee2b292d23 53 409 2084 +edge_71_1_+disjointig_6_8852_9536 315 670 684 -1 -1 185 0.0601268
	Aln	138	+a8a517b5-a3ed-4aec-b80f-7fee2b292d23 380 1095 2084 +edge_70_2_+disjointig_6_8130_8852 6 718 722 -1 -1 389 0.0577883
	Aln	138	+a8a517b5-a3ed-4aec-b80f-7fee2b292d23 1061 1774 2084 +edge_70_2_+disjointig_6_8130_8852 6 718 722 -1 -1 352 0.0683481
	Aln	138	+a8a517b5-a3ed-4aec-b80f-7fee2b292d23 1751 2047 2084 +edge_70_2_+disjointig_6_8130_8852 17 311 722 -1 -1 153 0.0574909
Chain
	Aln	139	-a8a517b5-a3ed-4aec-b80f-7fee2b292d23 36 332 2084 -edge_70_2_+disjointig_6_8130_8852 410 704 722 -1 -1 153 0.0574909
	Aln	139	-a8a517b5-a3ed-4aec-b80f-7fee2b292d23 309 1022 2084 -edge_70_2_+disjointig_6_8130_8852 3 715 722 -1 -1 352 0.0683481
	Aln	139	-a8a517b5-a3ed-4aec-b80f-7fee2b292d23 988 1703 2084 -edge_70_2_+disjointig_6_8130_8852 3 715 722 -1 -1 389 0.0577883
	Aln	141	-a8a517b5-a3ed-4aec-b80f-7fee2b292d23 1674 2030 2084 -edge_71_1_+disjointig_6_8852_9536 13 368 684 -1 -1 185 0.0601268
Chain
	Aln	18	+6884c69a-9105-437d-b16f-9e2c92d19f6d 30 1327 6464 +edge_10_1_+disjointig_40_3316_4630 1 1311 1314 -1 -1 1010 0.0268562
	Aln	22	+6884c69a-9105-437d-b16f-9e2c92d19f6d 1358 3134 6464 +edge_12_1_+disjointig_40_4630_6445 32 1809 1815 -1 -1 1529 0.0208091
	Aln	26	+6884c69a-9105-437d-b16f-9e2c92d19f6d 3106 5309 6464 +edge_14_0_+disjointig_17_30625_32948 6 2315 2323 -1 -1 1206 0.055276
Chain
	Aln	27	-6884c69a-9105-437d-b16f-9e2c92d19f6d 1154 3357 6464 -edge_14_0_+disjointig_17_30625_32948 7 2316 2323 -1 -1 1206 0.055276
	Aln	23	-6884c69a-9105-437d-b16f-9e2c92d19f6d 3329 5105 6464 -edge_12_1_+disjointig_40_4630_6445 5 1782 1815 -1 -1 1529 0.0208091
	Aln	19	-6884c69a-9105-437d-b16f-9e2c92d19f6d 5136 6433 6464 -edge_10_1_+disjointig_40_3316_4630 2 1312 1314 -1 -1 1010 0.0268562
Chain
	Aln	132	+a6b91377-72b9-4719-b1a8-5e925ec63df7 196 464 8730 +edge_67_1_+disjointig_6_4796_5331 177 446 535 -1 -1 75 0.122686
	Aln	138	+a6b91377-72b9-4719-b1a8-5e925ec63df7 448 1031 8730 +edge_70_0_+disjointig_6_5867_6489 36 618 622 -1 -1 367 0.0523356
	Aln	132	+a6b91377-72b9-4719-b1a8-5e925ec63df7 1043 1483 8730 +edge_67_1_+disjointig_6_4796_5331 5 446 535 -1 -1 187 0.0871407
	Aln	138	+a6b91377-72b9-4719-b1a8-5e925ec63df7 1439 2050 8730 +edge_70_0_+disjointig_6_5867_6489 8 618 622 -1 -1 368 0.055095
	Aln	132	+a6b91377-72b9-4719-b1a8-5e925ec63df7 2084 2502 8730 +edge_67_1_+disjointig_6_4796_5331 27 446 535 -1 -1 151 0.0910589
	Aln	138	+a6b91377-72b9-4719-b1a8-5e925ec63df7 2486 3070 8730 +edge_70_0_+disjointig_6_5867_6489 36 618 622 -1 -1 373 0.0484693
	Aln	132	+a6b91377-72b9-4719-b1a8-5e925ec63df7 3104 3517 8730 +edge_67_1_+disjointig_6_4796_5331 27 446 535 -1 -1 157 0.0841305
	Aln	138	+a6b91377-72b9-4719-b1a8-5e925ec63df7 3498 4084 8730 +edge_70_0_+disjointig_6_5867_6489 33 618 622 -1 -1 368 0.0540217
	Aln	138	+a6b91377-72b9-4719-b1a8-5e925ec63df7 4050 4763 8730 +edge_70_2_+disjointig_6_8130_8852 6 718 722 -1 -1 335 0.0641765
	Aln	132	+a6b91377-72b9-4719-b1a8-5e925ec63df7 4797 5211 8730 +edge_67_1_+disjointig_6_4796_5331 27 446 535 -1 -1 147 0.0948552
	Aln	138	+a6b91377-72b9-4719-b1a8-5e925ec63df7 5195 5778 8730 +edge_70_0_+disjointig_6_5867_6489 36 618 622 -1 -1 389 0.0471034
	Aln	140	+a6b91377-72b9-4719-b1a8-5e925ec63df7 5782 6448 8730 +edge_71_0_+disjointig_6_6489_7170 0 669 681 -1 -1 298 0.0708814
	Aln	138	+a6b91377-72b9-4719-b1a8-5e925ec63df7 6419 7089 8730 +edge_70_2_+disjointig_6_8130_8852 6 674 722 -1 -1 371 0.0515576
	Aln	134	+a6b91377-72b9-4719-b1a8-5e925ec63df7 7040 7522 8730 +edge_68_0_+disjointig_6_1313_1845 44 522 532 -1 -1 263 0.0585251
	Aln	132	+a6b91377-72b9-4719-b1a8-5e925ec63df7 7484 7924 8730 +edge_67_1_+disjointig_6_4796_5331 5 446 535 -1 -1 171 0.0871407
	Aln	138	+a6b91377-72b9-4719-b1a8-5e925ec63df7 7908 8490 8730 +edge_70_0_+disjointig_6_5867_6489 36 618 622 -1 -1 346 0.0579781
	Aln	140	+a6b91377-72b9-4719-b1a8-5e925ec63df7 8494 8692 8730 +edge_71_0_+disjointig_6_6489_7170 0 200 681 -1 -1 115 0.0475557
Chain
	Aln	141	-a6b91377-72b9-4719-b1a8-5e925ec63df7 37 235 8730 -edge_71_0_+disjointig_6_6489_7170 480 680 681 -1 -1 115 0.0475557
	Aln	139	-a6b91377-72b9-4719-b1a8-5e925ec63df7 239 821 8730 -edge_70_0_+disjointig_6_5867_6489 3 585 622 -1 -1 346 0.0579781
	Aln	133	-a6b91377-72b9-4719-b1a8-5e925ec63df7 805 1245 8730 -edge_67_1_+disjointig_6_4796_5331 88 529 535 -1 -1 171 0.0871407
	Aln	135	-a6b91377-72b9-4719-b1a8-5e925ec63df7 1207 1689 8730 -edge_68_0_+disjointig_6_1313_1845 9 487 532 -1 -1 263 0.0585251
	Aln	139	-a6b91377-72b9-4719-b1a8-5e925ec63df7 1640 2310 8730 -edge_70_2_+disjointig_6_8130_8852 47 715 722 -1 -1 371 0.0515576
	Aln	141	-a6b91377-72b9-4719-b1a8-5e925ec63df7 2281 2947 8730 -edge_71_0_+disjointig_6_6489_7170 11 680 681 -1 -1 298 0.0708814
	Aln	139	-a6b91377-72b9-4719-b1a8-5e925ec63df7 2951 3534 8730 -edge_70_0_+disjointig_6_5867_6489 3 585 622 -1 -1 389 0.0471034
	Aln	133	-a6b91377-72b9-4719-b1a8-5e925ec63df7 3518 3932 8730 -edge_67_1_+disjointig_6_4796_5331 88 507 535 -1 -1 147 0.0948552
	Aln	139	-a6b91377-72b9-4719-b1a8-5e925ec63df7 3966 4679 8730 -edge_70_2_+disjointig_6_8130_8852 3 715 722 -1 -1 335 0.0641765
	Aln	139	-a6b91377-72b9-4719-b1a8-5e925ec63df7 4645 5231 8730 -edge_70_0_+disjointig_6_5867_6489 3 588 622 -1 -1 368 0.0540217
	Aln	133	-a6b91377-72b9-4719-b1a8-5e925ec63df7 5212 5625 8730 -edge_67_1_+disjointig_6_4796_5331 88 507 535 -1 -1 157 0.0841305
	Aln	139	-a6b91377-72b9-4719-b1a8-5e925ec63df7 5659 6243 8730 -edge_70_0_+disjointig_6_5867_6489 3 585 622 -1 -1 373 0.0484693
	Aln	133	-a6b91377-72b9-4719-b1a8-5e925ec63df7 6227 6645 8730 -edge_67_1_+disjointig_6_4796_5331 88 507 535 -1 -1 151 0.0910589
	Aln	139	-a6b91377-72b9-4719-b1a8-5e925ec63df7 6679 7290 8730 -edge_70_0_+disjointig_6_5867_6489 3 613 622 -1 -1 368 0.055095
	Aln	133	-a6b91377-72b9-4719-b1a8-5e925ec63df7 7246 7686 8730 -edge_67_1_+disjointig_6_4796_5331 88 529 535 -1 -1 187 0.0871407
	Aln	139	-a6b91377-72b9-4719-b1a8-5e925ec63df7 7698 8281 8730 -edge_70_0_+disjointig_6_5867_6489 3 585 622 -1 -1 367 0.0523356
	Aln	133	-a6b91377-72b9-4719-b1a8-5e925ec63df7 8265 8533 8730 -edge_67_1_+disjointig_6_4796_5331 88 357 535 -1 -1 75 0.122686
Chain
	Aln	23	+74fd1449-4e1f-40af-b5cb-6a6c99dd53eb 464 1628 2639 -edge_12_1_+disjointig_40_4630_6445 620 1784 1815 -1 -1 1031 0.0124963
	Aln	19	+74fd1449-4e1f-40af-b5cb-6a6c99dd53eb 1666 2634 2639 -edge_10_1_+disjointig_40_3316_4630 7 979 1314 -1 -1 798 0.0215461
Chain
	Aln	18	-74fd1449-4e1f-40af-b5cb-6a6c99dd53eb 4 972 2639 +edge_10_1_+disjointig_40_3316_4630 334 1306 1314 -1 -1 798 0.0215461
	Aln	22	-74fd1449-4e1f-40af-b5cb-6a6c99dd53eb 1010 2174 2639 +edge_12_1_+disjointig_40_4630_6445 30 1194 1815 -1 -1 1031 0.0124963
Chain
	Aln	92	+b6fb21b0-e5e0-4a5b-9ccf-526db1e04b7f 772 2268 2271 +edge_47_0_+disjointig_4_7140_9208 12 1513 2068 -1 -1 1075 0.0310412
Chain
	Aln	93	-b6fb21b0-e5e0-4a5b-9ccf-526db1e04b7f 2 1498 2271 -edge_47_0_+disjointig_4_7140_9208 554 2055 2068 -1 -1 1075 0.0310412
Chain
	Aln	18	+3fb51b1d-ec6d-4e2d-8e94-5534321e9453 30 1333 5373 +edge_10_1_+disjointig_40_3316_4630 1 1311 1314 -1 -1 1022 0.0226663
	Aln	22	+3fb51b1d-ec6d-4e2d-8e94-5534321e9453 1337 3135 5373 +edge_12_1_+disjointig_40_4630_6445 1 1802 1815 -1 -1 1512 0.0215982
	Aln	26	+3fb51b1d-ec6d-4e2d-8e94-5534321e9453 3187 5329 5373 +edge_14_1_+disjointig_51_4563_6866 39 2194 2303 -1 -1 1377 0.0409161
Chain
	Aln	27	-3fb51b1d-ec6d-4e2d-8e94-5534321e9453 43 2185 5373 -edge_14_1_+disjointig_51_4563_6866 108 2263 2303 -1 -1 1377 0.0409161
	Aln	23	-3fb51b1d-ec6d-4e2d-8e94-5534321e9453 2237 4035 5373 -edge_12_1_+disjointig_40_4630_6445 12 1813 1815 -1 -1 1512 0.0215982
	Aln	19	-3fb51b1d-ec6d-4e2d-8e94-5534321e9453 4039 5342 5373 -edge_10_1_+disjointig_40_3316_4630 2 1312 1314 -1 -1 1022 0.0226663
Chain
	Aln	11	+e5593a68-9b5a-4924-9aa9-b783f7ded6f1 1853 4711 4723 -edge_6_0_+disjointig_13_0_7542 3106 6013 7542 -1 -1 1749 0.0502893
Chain
	Aln	10	-e5593a68-9b5a-4924-9aa9-b783f7ded6f1 11 2869 4723 +edge_6_0_+disjointig_13_0_7542 1528 4435 7542 -1 -1 1749 0.0502893
Chain
	Aln	10	+eeb0dcac-cfd6-4127-842c-531a5ca4085e 1151 2853 2868 +edge_6_0_+disjointig_13_0_7542 3891 5599 7542 -1 -1 951 0.0500353
Chain
	Aln	11	-eeb0dcac-cfd6-4127-842c-531a5ca4085e 14 1716 2868 -edge_6_0_+disjointig_13_0_7542 1942 3650 7542 -1 -1 951 0.0500353
Chain
	Aln	167	+05d25f66-11a0-497a-8085-954388881809 16 2580 6033 -edge_84_0_+disjointig_72_0_2579 15 2566 2579 -1 -1 1919 0.028003
Chain
	Aln	167	+05d25f66-11a0-497a-8085-954388881809 3472 6031 6033 -edge_84_0_+disjointig_72_0_2579 26 2577 2579 -1 -1 1573 0.042789
Chain
	Aln	166	-05d25f66-11a0-497a-8085-954388881809 3452 6016 6033 +edge_84_0_+disjointig_72_0_2579 12 2563 2579 -1 -1 1919 0.028003
Chain
	Aln	166	-05d25f66-11a0-497a-8085-954388881809 1 2560 6033 +edge_84_0_+disjointig_72_0_2579 1 2552 2579 -1 -1 1573 0.042789
Chain
	Aln	19	+b8ca4334-a054-435b-8ee2-a8887ccb53ce 7784 8796 13582 -edge_10_1_+disjointig_40_3316_4630 310 1313 1314 -1 -1 805 0.0183561
Chain
	Aln	18	-b8ca4334-a054-435b-8ee2-a8887ccb53ce 4785 5797 13582 +edge_10_1_+disjointig_40_3316_4630 0 1003 1314 -1 -1 805 0.0183561
Chain
	Aln	172	+6039c189-46a7-4c15-870c-4d4d7b3acfb7 5 1650 1657 +edge_87_0_+disjointig_75_0_2433 734 2340 2433 -1 -1 1087 0.0368011
Chain
	Aln	173	-6039c189-46a7-4c15-870c-4d4d7b3acfb7 6 1651 1657 -edge_87_0_+disjointig_75_0_2433 92 1698 2433 -1 -1 1087 0.0368011
Chain
	Aln	173	+62a6e47f-4ce0-4685-8966-d3f7081cfc55 12 2454 2458 -edge_87_0_+disjointig_75_0_2433 11 2429 2433 -1 -1 1736 0.0304918
Chain
	Aln	172	-62a6e47f-4ce0-4685-8966-d3f7081cfc55 3 2445 2458 +edge_87_0_+disjointig_75_0_2433 3 2421 2433 -1 -1 1736 0.0304918
Chain
	Aln	27	+23273cc0-1f71-4fcc-8a59-84c067cc8130 3415 4622 5591 -edge_14_1_+disjointig_51_4563_6866 1077 2283 2303 -1 -1 958 0.0257041
	Aln	23	+23273cc0-1f71-4fcc-8a59-84c067cc8130 4677 5582 5591 -edge_12_2_+disjointig_51_2913_4563 26 932 1650 -1 -1 719 0.0322625
Chain
	Aln	22	-23273cc0-1f71-4fcc-8a59-84c067cc8130 8 913 5591 +edge_12_2_+disjointig_51_2913_4563 717 1623 1650 -1 -1 719 0.0322625
	Aln	26	-23273cc0-1f71-4fcc-8a59-84c067cc8130 968 2175 5591 +edge_14_1_+disjointig_51_4563_6866 19 1225 2303 -1 -1 958 0.0257041
Chain
	Aln	85	+029e67c9-d68a-4350-a256-29df76bf79b8 17 12946 17682 -edge_43_0_+disjointig_37_0_12859 16 12851 12859 -1 -1 10604 0.0141214
Chain
	Aln	84	-029e67c9-d68a-4350-a256-29df76bf79b8 4735 17664 17682 +edge_43_0_+disjointig_37_0_12859 7 12842 12859 -1 -1 10604 0.0141214
Chain
	Aln	18	+dfaaa649-25df-4c3d-9c21-59d6bd3f4db9 3879 4797 6409 +edge_10_0_+disjointig_17_27543_29015 540 1467 1472 -1 -1 604 0.0445861
	Aln	22	+dfaaa649-25df-4c3d-9c21-59d6bd3f4db9 4807 6385 6409 +edge_12_2_+disjointig_51_2913_4563 6 1609 1650 -1 -1 1042 0.0423946
Chain
	Aln	23	-dfaaa649-25df-4c3d-9c21-59d6bd3f4db9 23 1601 6409 -edge_12_2_+disjointig_51_2913_4563 40 1643 1650 -1 -1 1042 0.0423946
	Aln	19	-dfaaa649-25df-4c3d-9c21-59d6bd3f4db9 1611 2529 6409 -edge_10_0_+disjointig_17_27543_29015 4 931 1472 -1 -1 604 0.0445861
Chain
	Aln	112	+0bcacb57-f75b-469d-be30-c2af46fe8319 31 5598 5606 +edge_57_0_+disjointig_5_0_5574 8 5547 5574 -1 -1 4573 0.0201727
Chain
	Aln	113	-0bcacb57-f75b-469d-be30-c2af46fe8319 7 5574 5606 -edge_57_0_+disjointig_5_0_5574 26 5565 5574 -1 -1 4573 0.0201727
Chain
	Aln	113	+7b5dba34-5195-48f8-b249-772928324652 13 5596 5605 -edge_57_0_+disjointig_5_0_5574 12 5565 5574 -1 -1 4548 0.0229715
Chain
	Aln	112	-7b5dba34-5195-48f8-b249-772928324652 8 5591 5605 +edge_57_0_+disjointig_5_0_5574 8 5561 5574 -1 -1 4548 0.0229715
Chain
	Aln	22	+8f51c9a6-c125-43e1-9c11-114314bf3603 410 2180 6730 +edge_12_1_+disjointig_40_4630_6445 30 1802 1815 -1 -1 1289 0.0348293
	Aln	26	+8f51c9a6-c125-43e1-9c11-114314bf3603 2212 3950 6730 +edge_14_1_+disjointig_51_4563_6866 19 1761 2303 -1 -1 936 0.0573425
Chain
	Aln	27	-8f51c9a6-c125-43e1-9c11-114314bf3603 2779 4517 6730 -edge_14_1_+disjointig_51_4563_6866 541 2283 2303 -1 -1 936 0.0573425
	Aln	23	-8f51c9a6-c125-43e1-9c11-114314bf3603 4549 6319 6730 -edge_12_1_+disjointig_40_4630_6445 12 1784 1815 -1 -1 1289 0.0348293
Chain
	Aln	134	+fc9d8e4e-816e-4bea-ab4c-215367c93819 62 517 6350 +edge_68_0_+disjointig_6_1313_1845 64 522 532 -1 -1 220 0.0724432
	Aln	138	+fc9d8e4e-816e-4bea-ab4c-215367c93819 474 1491 6350 +edge_70_3_+disjointig_6_9536_10549 0 1009 1013 -1 -1 583 0.0538758
	Aln	138	+fc9d8e4e-816e-4bea-ab4c-215367c93819 1457 2169 6350 +edge_70_2_+disjointig_6_8130_8852 6 718 722 -1 -1 362 0.0640939
	Aln	138	+fc9d8e4e-816e-4bea-ab4c-215367c93819 2135 2840 6350 +edge_70_2_+disjointig_6_8130_8852 6 718 722 -1 -1 382 0.0539744
	Aln	138	+fc9d8e4e-816e-4bea-ab4c-215367c93819 2806 3517 6350 +edge_70_2_+disjointig_6_8130_8852 6 718 722 -1 -1 355 0.0668956
	Aln	138	+fc9d8e4e-816e-4bea-ab4c-215367c93819 3494 4194 6350 +edge_70_2_+disjointig_6_8130_8852 17 718 722 -1 -1 402 0.0507945
	Aln	138	+fc9d8e4e-816e-4bea-ab4c-215367c93819 4160 4874 6350 +edge_70_2_+disjointig_6_8130_8852 6 718 722 -1 -1 410 0.0519594
	Aln	138	+fc9d8e4e-816e-4bea-ab4c-215367c93819 4840 5551 6350 +edge_70_2_+disjointig_6_8130_8852 6 718 722 -1 -1 434 0.0415445
	Aln	134	+fc9d8e4e-816e-4bea-ab4c-215367c93819 5508 5860 6350 +edge_68_0_+disjointig_6_1313_1845 94 459 532 -1 -1 178 0.0642102
	Aln	138	+fc9d8e4e-816e-4bea-ab4c-215367c93819 5843 6322 6350 +edge_70_2_+disjointig_6_8130_8852 6 486 722 -1 -1 173 0.0859278
Chain
	Aln	139	-fc9d8e4e-816e-4bea-ab4c-215367c93819 27 506 6350 -edge_70_2_+disjointig_6_8130_8852 235 715 722 -1 -1 173 0.0859278
	Aln	135	-fc9d8e4e-816e-4bea-ab4c-215367c93819 489 841 6350 -edge_68_0_+disjointig_6_1313_1845 72 437 532 -1 -1 178 0.0642102
	Aln	139	-fc9d8e4e-816e-4bea-ab4c-215367c93819 798 1509 6350 -edge_70_2_+disjointig_6_8130_8852 3 715 722 -1 -1 434 0.0415445
	Aln	139	-fc9d8e4e-816e-4bea-ab4c-215367c93819 1475 2189 6350 -edge_70_2_+disjointig_6_8130_8852 3 715 722 -1 -1 410 0.0519594
	Aln	139	-fc9d8e4e-816e-4bea-ab4c-215367c93819 2155 2855 6350 -edge_70_2_+disjointig_6_8130_8852 3 704 722 -1 -1 402 0.0507945
	Aln	139	-fc9d8e4e-816e-4bea-ab4c-215367c93819 2832 3543 6350 -edge_70_2_+disjointig_6_8130_8852 3 715 722 -1 -1 355 0.0668956
	Aln	139	-fc9d8e4e-816e-4bea-ab4c-215367c93819 3509 4214 6350 -edge_70_2_+disjointig_6_8130_8852 3 715 722 -1 -1 382 0.0539744
	Aln	139	-fc9d8e4e-816e-4bea-ab4c-215367c93819 4180 4892 6350 -edge_70_2_+disjointig_6_8130_8852 3 715 722 -1 -1 362 0.0640939
	Aln	139	-fc9d8e4e-816e-4bea-ab4c-215367c93819 4858 5875 6350 -edge_70_3_+disjointig_6_9536_10549 3 1012 1013 -1 -1 583 0.0538758
	Aln	135	-fc9d8e4e-816e-4bea-ab4c-215367c93819 5832 6287 6350 -edge_68_0_+disjointig_6_1313_1845 9 467 532 -1 -1 220 0.0724432
Chain
	Aln	92	+445c4092-c472-4a75-9583-bd27ba052a0c 1 1117 1153 +edge_47_0_+disjointig_4_7140_9208 842 1956 2068 -1 -1 658 0.0477405
Chain
	Aln	93	-445c4092-c472-4a75-9583-bd27ba052a0c 35 1151 1153 -edge_47_0_+disjointig_4_7140_9208 111 1225 2068 -1 -1 658 0.0477405
Chain
	Aln	18	+3ad84413-068c-4e9b-b65c-8b485d6629d5 2591 3487 4562 +edge_10_0_+disjointig_17_27543_29015 541 1447 1472 -1 -1 387 0.0717975
	Aln	22	+3ad84413-068c-4e9b-b65c-8b485d6629d5 3560 4557 4562 +edge_12_0_+disjointig_17_29015_30625 48 1054 1610 -1 -1 577 0.0524936
Chain
	Aln	23	-3ad84413-068c-4e9b-b65c-8b485d6629d5 4 1001 4562 -edge_12_0_+disjointig_17_29015_30625 555 1561 1610 -1 -1 577 0.0524936
	Aln	19	-3ad84413-068c-4e9b-b65c-8b485d6629d5 1074 1970 4562 -edge_10_0_+disjointig_17_27543_29015 24 930 1472 -1 -1 387 0.0717975
Chain
	Aln	166	+aa667549-c23b-4634-aeba-f4d6cac8f897 6364 8927 10035 +edge_84_0_+disjointig_72_0_2579 12 2563 2579 -1 -1 2056 0.0222988
Chain
	Aln	166	+aa667549-c23b-4634-aeba-f4d6cac8f897 2945 5526 10035 +edge_84_0_+disjointig_72_0_2579 12 2573 2579 -1 -1 2031 0.0216006
Chain
	Aln	166	+aa667549-c23b-4634-aeba-f4d6cac8f897 10 2111 10035 +edge_84_0_+disjointig_72_0_2579 467 2573 2579 -1 -1 1697 0.0224885
Chain
	Aln	167	-aa667549-c23b-4634-aeba-f4d6cac8f897 1107 3670 10035 -edge_84_0_+disjointig_72_0_2579 15 2566 2579 -1 -1 2056 0.0222988
Chain
	Aln	167	-aa667549-c23b-4634-aeba-f4d6cac8f897 4508 7089 10035 -edge_84_0_+disjointig_72_0_2579 5 2566 2579 -1 -1 2031 0.0216006
Chain
	Aln	167	-aa667549-c23b-4634-aeba-f4d6cac8f897 7923 10024 10035 -edge_84_0_+disjointig_72_0_2579 5 2111 2579 -1 -1 1697 0.0224885
Chain
	Aln	18	+4cd2272f-0b10-4946-a803-bafc737b1555 13629 14638 17308 +edge_10_0_+disjointig_17_27543_29015 0 995 1472 -1 -1 613 0.0445166
Chain
	Aln	19	-4cd2272f-0b10-4946-a803-bafc737b1555 2669 3678 17308 -edge_10_0_+disjointig_17_27543_29015 476 1471 1472 -1 -1 613 0.0445166
Chain
	Aln	27	+40fbfdf7-e7d2-4685-86bf-6168ccc19b88 927 3163 6209 -edge_14_0_+disjointig_17_30625_32948 77 2278 2323 -1 -1 988 0.0725287
	Aln	23	+40fbfdf7-e7d2-4685-86bf-6168ccc19b88 3227 4813 6209 -edge_12_0_+disjointig_17_29015_30625 19 1586 1610 -1 -1 1117 0.0405203
	Aln	19	+40fbfdf7-e7d2-4685-86bf-6168ccc19b88 4850 6150 6209 -edge_10_0_+disjointig_17_27543_29015 13 1342 1472 -1 -1 794 0.0488535
Chain
	Aln	18	-40fbfdf7-e7d2-4685-86bf-6168ccc19b88 58 1358 6209 +edge_10_0_+disjointig_17_27543_29015 129 1458 1472 -1 -1 794 0.0488535
	Aln	22	-40fbfdf7-e7d2-4685-86bf-6168ccc19b88 1395 2981 6209 +edge_12_0_+disjointig_17_29015_30625 23 1590 1610 -1 -1 1117 0.0405203
	Aln	26	-40fbfdf7-e7d2-4685-86bf-6168ccc19b88 3045 5281 6209 +edge_14_0_+disjointig_17_30625_32948 44 2245 2323 -1 -1 988 0.0725287
Chain
	Aln	27	+ab728e3a-544b-4384-a88c-5ec81efb0305 163 2349 6047 -edge_14_0_+disjointig_17_30625_32948 37 2319 2323 -1 -1 1028 0.069836
	Aln	23	+ab728e3a-544b-4384-a88c-5ec81efb0305 2325 4126 6047 -edge_12_1_+disjointig_40_4630_6445 12 1814 1815 -1 -1 1511 0.021108
	Aln	19	+ab728e3a-544b-4384-a88c-5ec81efb0305 4166 5432 6047 -edge_10_1_+disjointig_40_3316_4630 39 1313 1314 -1 -1 927 0.0280476
Chain
	Aln	18	-ab728e3a-544b-4384-a88c-5ec81efb0305 614 1880 6047 +edge_10_1_+disjointig_40_3316_4630 0 1274 1314 -1 -1 927 0.0280476
	Aln	22	-ab728e3a-544b-4384-a88c-5ec81efb0305 1920 3721 6047 +edge_12_1_+disjointig_40_4630_6445 0 1802 1815 -1 -1 1511 0.021108
	Aln	26	-ab728e3a-544b-4384-a88c-5ec81efb0305 3697 5883 6047 +edge_14_0_+disjointig_17_30625_32948 3 2285 2323 -1 -1 1028 0.069836
Chain
	Aln	16	+1e8361dc-6b23-4252-97a9-c4ab8640581a 3 27596 30635 +edge_9_0_+disjointig_17_0_27543 3 27519 27543 -1 -1 25830 0.00463748
	Aln	18	+1e8361dc-6b23-4252-97a9-c4ab8640581a 27690 29077 30635 +edge_10_0_+disjointig_17_27543_29015 76 1467 1472 -1 -1 599 0.0782848
	Aln	22	+1e8361dc-6b23-4252-97a9-c4ab8640581a 29103 30464 30635 +edge_12_0_+disjointig_17_29015_30625 21 1381 1610 -1 -1 596 0.08068
Chain
	Aln	23	-1e8361dc-6b23-4252-97a9-c4ab8640581a 170 1531 30635 -edge_12_0_+disjointig_17_29015_30625 228 1588 1610 -1 -1 596 0.08068
	Aln	19	-1e8361dc-6b23-4252-97a9-c4ab8640581a 1557 2944 30635 -edge_10_0_+disjointig_17_27543_29015 4 1395 1472 -1 -1 599 0.0782848
	Aln	17	-1e8361dc-6b23-4252-97a9-c4ab8640581a 3038 30631 30635 -edge_9_0_+disjointig_17_0_27543 23 27539 27543 -1 -1 25830 0.00463748
Chain
	Aln	139	+2a745f9c-1151-4402-b7e6-106dac337a3d 4 637 11831 -edge_70_2_+disjointig_6_8130_8852 87 715 722 -1 -1 302 0.0744631
	Aln	139	+2a745f9c-1151-4402-b7e6-106dac337a3d 603 1563 11831 -edge_70_3_+disjointig_6_9536_10549 3 960 1013 -1 -1 519 0.0611046
	Aln	135	+2a745f9c-1151-4402-b7e6-106dac337a3d 1673 2067 11831 -edge_68_1_+disjointig_6_5331_5867 102 502 536 -1 -1 241 0.0457456
	Aln	133	+2a745f9c-1151-4402-b7e6-106dac337a3d 2213 2624 11831 -edge_67_1_+disjointig_6_4796_5331 116 522 535 -1 -1 207 0.066074
	Aln	135	+2a745f9c-1151-4402-b7e6-106dac337a3d 2593 3077 11831 -edge_68_1_+disjointig_6_5331_5867 10 491 536 -1 -1 178 0.103338
	Aln	139	+2a745f9c-1151-4402-b7e6-106dac337a3d 3061 3973 11831 -edge_70_1_+disjointig_6_7170_8130 35 937 960 -1 -1 438 0.0652573
	Aln	141	+2a745f9c-1151-4402-b7e6-106dac337a3d 4007 4674 11831 -edge_71_0_+disjointig_6_6489_7170 11 680 681 -1 -1 282 0.0759997
	Aln	139	+2a745f9c-1151-4402-b7e6-106dac337a3d 4678 5287 11831 -edge_70_0_+disjointig_6_5867_6489 3 613 622 -1 -1 417 0.0426992
	Aln	141	+2a745f9c-1151-4402-b7e6-106dac337a3d 5359 5973 11831 -edge_71_1_+disjointig_6_8852_9536 11 626 684 -1 -1 335 0.0612223
	Aln	133	+2a745f9c-1151-4402-b7e6-106dac337a3d 5949 6343 11831 -edge_67_1_+disjointig_6_4796_5331 116 512 535 -1 -1 197 0.0568099
	Aln	135	+2a745f9c-1151-4402-b7e6-106dac337a3d 6322 6802 11831 -edge_68_1_+disjointig_6_5331_5867 10 491 536 -1 -1 135 0.11139
	Aln	139	+2a745f9c-1151-4402-b7e6-106dac337a3d 6753 7695 11831 -edge_70_1_+disjointig_6_7170_8130 2 937 960 -1 -1 444 0.0671612
	Aln	141	+2a745f9c-1151-4402-b7e6-106dac337a3d 7729 8396 11831 -edge_71_0_+disjointig_6_6489_7170 11 680 681 -1 -1 273 0.0796774
	Aln	135	+2a745f9c-1151-4402-b7e6-106dac337a3d 8350 8820 11831 -edge_68_0_+disjointig_6_1313_1845 9 469 532 -1 -1 213 0.0692562
	Aln	139	+2a745f9c-1151-4402-b7e6-106dac337a3d 8779 9333 11831 -edge_70_0_+disjointig_6_5867_6489 37 588 622 -1 -1 323 0.0581744
	Aln	141	+2a745f9c-1151-4402-b7e6-106dac337a3d 9428 10078 11831 -edge_71_1_+disjointig_6_8852_9536 11 653 684 -1 -1 325 0.0644782
	Aln	139	+2a745f9c-1151-4402-b7e6-106dac337a3d 10144 10695 11831 -edge_70_0_+disjointig_6_5867_6489 37 585 622 -1 -1 256 0.0809163
	Aln	141	+2a745f9c-1151-4402-b7e6-106dac337a3d 10790 11406 11831 -edge_71_1_+disjointig_6_8852_9536 11 626 684 -1 -1 258 0.0787453
	Aln	139	+2a745f9c-1151-4402-b7e6-106dac337a3d 11467 11828 11831 -edge_70_0_+disjointig_6_5867_6489 3 363 622 -1 -1 213 0.0560424
Chain
	Aln	138	-2a745f9c-1151-4402-b7e6-106dac337a3d 2 363 11831 +edge_70_0_+disjointig_6_5867_6489 258 618 622 -1 -1 213 0.0560424
	Aln	140	-2a745f9c-1151-4402-b7e6-106dac337a3d 424 1040 11831 +edge_71_1_+disjointig_6_8852_9536 57 672 684 -1 -1 258 0.0787453
	Aln	138	-2a745f9c-1151-4402-b7e6-106dac337a3d 1135 1686 11831 +edge_70_0_+disjointig_6_5867_6489 36 584 622 -1 -1 256 0.0809163
	Aln	140	-2a745f9c-1151-4402-b7e6-106dac337a3d 1752 2402 11831 +edge_71_1_+disjointig_6_8852_9536 30 672 684 -1 -1 325 0.0644782
	Aln	138	-2a745f9c-1151-4402-b7e6-106dac337a3d 2497 3051 11831 +edge_70_0_+disjointig_6_5867_6489 33 584 622 -1 -1 323 0.0581744
	Aln	134	-2a745f9c-1151-4402-b7e6-106dac337a3d 3010 3480 11831 +edge_68_0_+disjointig_6_1313_1845 62 522 532 -1 -1 213 0.0692562
	Aln	140	-2a745f9c-1151-4402-b7e6-106dac337a3d 3434 4101 11831 +edge_71_0_+disjointig_6_6489_7170 0 669 681 -1 -1 273 0.0796774
	Aln	138	-2a745f9c-1151-4402-b7e6-106dac337a3d 4135 5077 11831 +edge_70_1_+disjointig_6_7170_8130 22 957 960 -1 -1 444 0.0671612
	Aln	134	-2a745f9c-1151-4402-b7e6-106dac337a3d 5028 5508 11831 +edge_68_1_+disjointig_6_5331_5867 44 525 536 -1 -1 135 0.11139
	Aln	132	-2a745f9c-1151-4402-b7e6-106dac337a3d 5487 5881 11831 +edge_67_1_+disjointig_6_4796_5331 22 418 535 -1 -1 197 0.0568099
	Aln	140	-2a745f9c-1151-4402-b7e6-106dac337a3d 5857 6471 11831 +edge_71_1_+disjointig_6_8852_9536 57 672 684 -1 -1 335 0.0612223
	Aln	138	-2a745f9c-1151-4402-b7e6-106dac337a3d 6543 7152 11831 +edge_70_0_+disjointig_6_5867_6489 8 618 622 -1 -1 417 0.0426992
	Aln	140	-2a745f9c-1151-4402-b7e6-106dac337a3d 7156 7823 11831 +edge_71_0_+disjointig_6_6489_7170 0 669 681 -1 -1 282 0.0759997
	Aln	138	-2a745f9c-1151-4402-b7e6-106dac337a3d 7857 8769 11831 +edge_70_1_+disjointig_6_7170_8130 22 924 960 -1 -1 438 0.0652573
	Aln	134	-2a745f9c-1151-4402-b7e6-106dac337a3d 8753 9237 11831 +edge_68_1_+disjointig_6_5331_5867 44 525 536 -1 -1 178 0.103338
	Aln	132	-2a745f9c-1151-4402-b7e6-106dac337a3d 9206 9617 11831 +edge_67_1_+disjointig_6_4796_5331 12 418 535 -1 -1 207 0.066074
	Aln	134	-2a745f9c-1151-4402-b7e6-106dac337a3d 9763 10157 11831 +edge_68_1_+disjointig_6_5331_5867 33 433 536 -1 -1 241 0.0457456
	Aln	138	-2a745f9c-1151-4402-b7e6-106dac337a3d 10267 11227 11831 +edge_70_3_+disjointig_6_9536_10549 52 1009 1013 -1 -1 519 0.0611046
	Aln	138	-2a745f9c-1151-4402-b7e6-106dac337a3d 11193 11826 11831 +edge_70_2_+disjointig_6_8130_8852 6 634 722 -1 -1 302 0.0744631
Chain
	Aln	6	+58e2a318-cb72-4bd6-a7cf-49e468bb610f 16 830 1617 +edge_4_2_+disjointig_11_4342_5789 618 1436 1447 -1 -1 727 0.0113275
	Aln	6	+58e2a318-cb72-4bd6-a7cf-49e468bb610f 981 1606 1617 +edge_4_3_+disjointig_11_6340_7531 0 625 1191 -1 -1 552 0.0162481
Chain
	Aln	7	-58e2a318-cb72-4bd6-a7cf-49e468bb610f 10 635 1617 -edge_4_3_+disjointig_11_6340_7531 565 1190 1191 -1 -1 552 0.0162481
	Aln	7	-58e2a318-cb72-4bd6-a7cf-49e468bb610f 786 1600 1617 -edge_4_2_+disjointig_11_4342_5789 10 828 1447 -1 -1 727 0.0113275
Chain
	Aln	5	+6459cb30-b0b0-4fb2-93ff-b9c3542a0f4c 2 202 3682 -edge_3_1_+disjointig_11_1807_2392 380 584 585 -1 -1 158 0.0327245
	Aln	7	+6459cb30-b0b0-4fb2-93ff-b9c3542a0f4c 209 1347 3682 -edge_4_3_+disjointig_11_6340_7531 6 1147 1191 -1 -1 975 0.0174555
	Aln	5	+6459cb30-b0b0-4fb2-93ff-b9c3542a0f4c 1324 1512 3682 -edge_3_1_+disjointig_11_1807_2392 177 359 585 -1 -1 32 0.142385
	Aln	7	+6459cb30-b0b0-4fb2-93ff-b9c3542a0f4c 1517 2701 3682 -edge_4_3_+disjointig_11_6340_7531 6 1190 1191 -1 -1 1106 0.00802821
	Aln	7	+6459cb30-b0b0-4fb2-93ff-b9c3542a0f4c 2852 3670 3682 -edge_4_2_+disjointig_11_4342_5789 10 828 1447 -1 -1 737 0.00887359
Chain
	Aln	6	-6459cb30-b0b0-4fb2-93ff-b9c3542a0f4c 11 829 3682 +edge_4_2_+disjointig_11_4342_5789 618 1436 1447 -1 -1 737 0.00887359
	Aln	6	-6459cb30-b0b0-4fb2-93ff-b9c3542a0f4c 980 2164 3682 +edge_4_3_+disjointig_11_6340_7531 0 1184 1191 -1 -1 1106 0.00802821
	Aln	4	-6459cb30-b0b0-4fb2-93ff-b9c3542a0f4c 2169 2357 3682 +edge_3_1_+disjointig_11_1807_2392 225 407 585 -1 -1 32 0.142385
	Aln	6	-6459cb30-b0b0-4fb2-93ff-b9c3542a0f4c 2334 3472 3682 +edge_4_3_+disjointig_11_6340_7531 43 1184 1191 -1 -1 975 0.0174555
	Aln	4	-6459cb30-b0b0-4fb2-93ff-b9c3542a0f4c 3479 3679 3682 +edge_3_1_+disjointig_11_1807_2392 0 204 585 -1 -1 158 0.0327245
Chain
	Aln	23	+ebc898c6-301c-4327-9198-4d98d7bde18a 207 1008 2694 -edge_12_0_+disjointig_17_29015_30625 807 1609 1610 -1 -1 530 0.0415969
	Aln	19	+ebc898c6-301c-4327-9198-4d98d7bde18a 1024 2459 2694 -edge_10_0_+disjointig_17_27543_29015 19 1458 1472 -1 -1 985 0.0408594
Chain
	Aln	18	-ebc898c6-301c-4327-9198-4d98d7bde18a 234 1669 2694 +edge_10_0_+disjointig_17_27543_29015 13 1452 1472 -1 -1 985 0.0408594
	Aln	22	-ebc898c6-301c-4327-9198-4d98d7bde18a 1685 2486 2694 +edge_12_0_+disjointig_17_29015_30625 0 802 1610 -1 -1 530 0.0415969
Chain
	Aln	19	+e9bbcb06-29a9-4b75-9c8e-2e4da1e97aec 553 1657 4737 -edge_10_0_+disjointig_17_27543_29015 176 1279 1472 -1 -1 480 0.0743566
Chain
	Aln	18	-e9bbcb06-29a9-4b75-9c8e-2e4da1e97aec 3079 4183 4737 +edge_10_0_+disjointig_17_27543_29015 192 1295 1472 -1 -1 480 0.0743566
Chain
	Aln	90	+dab5f866-5e0d-4c23-9ea8-03e972af25c2 1 3710 10482 +edge_46_0_+disjointig_4_1_3716 0 3709 3715 -1 -1 3478 0.00853697
	Aln	90	+dab5f866-5e0d-4c23-9ea8-03e972af25c2 4251 7960 10482 +edge_46_0_+disjointig_4_1_3716 0 3709 3715 -1 -1 3416 0.0115757
	Aln	90	+dab5f866-5e0d-4c23-9ea8-03e972af25c2 7966 10480 10482 +edge_46_1_+disjointig_4_3716_7140 0 2514 3424 -1 -1 2211 0.0149656
Chain
	Aln	91	-dab5f866-5e0d-4c23-9ea8-03e972af25c2 1 2515 10482 -edge_46_1_+disjointig_4_3716_7140 909 3423 3424 -1 -1 2211 0.0149656
	Aln	91	-dab5f866-5e0d-4c23-9ea8-03e972af25c2 2521 6230 10482 -edge_46_0_+disjointig_4_1_3716 5 3714 3715 -1 -1 3416 0.0115757
	Aln	91	-dab5f866-5e0d-4c23-9ea8-03e972af25c2 6771 10480 10482 -edge_46_0_+disjointig_4_1_3716 5 3714 3715 -1 -1 3478 0.00853697
Chain
	Aln	18	+3b778ee3-f813-4692-8564-c3562671262a 24 1029 8708 +edge_10_0_+disjointig_17_27543_29015 464 1467 1472 -1 -1 662 0.044283
	Aln	22	+3b778ee3-f813-4692-8564-c3562671262a 1057 2640 8708 +edge_12_0_+disjointig_17_29015_30625 23 1606 1610 -1 -1 1205 0.0341701
	Aln	26	+3b778ee3-f813-4692-8564-c3562671262a 2645 4956 8708 +edge_14_0_+disjointig_17_30625_32948 1 2285 2323 -1 -1 1367 0.0488034
Chain
	Aln	27	-3b778ee3-f813-4692-8564-c3562671262a 3751 6062 8708 -edge_14_0_+disjointig_17_30625_32948 37 2321 2323 -1 -1 1367 0.0488034
	Aln	23	-3b778ee3-f813-4692-8564-c3562671262a 6067 7650 8708 -edge_12_0_+disjointig_17_29015_30625 3 1586 1610 -1 -1 1205 0.0341701
	Aln	19	-3b778ee3-f813-4692-8564-c3562671262a 7678 8683 8708 -edge_10_0_+disjointig_17_27543_29015 4 1007 1472 -1 -1 662 0.044283
Chain
	Aln	6	+b4e05556-7159-4ead-b21f-daaa48d11eac 23 682 5961 +edge_4_1_+disjointig_11_2392_3568 487 1169 1176 -1 -1 567 0.0148473
	Aln	6	+b4e05556-7159-4ead-b21f-daaa48d11eac 852 1990 5961 +edge_4_3_+disjointig_11_6340_7531 43 1184 1191 -1 -1 1024 0.0112192
	Aln	4	+b4e05556-7159-4ead-b21f-daaa48d11eac 1997 2760 5961 +edge_3_2_+disjointig_11_3568_4342 0 763 774 -1 -1 723 0.00476883
	Aln	6	+b4e05556-7159-4ead-b21f-daaa48d11eac 2771 4077 5961 +edge_4_2_+disjointig_11_4342_5789 0 1333 1447 -1 -1 1181 0.012877
	Aln	6	+b4e05556-7159-4ead-b21f-daaa48d11eac 4070 5282 5961 +edge_4_2_+disjointig_11_4342_5789 187 1399 1447 -1 -1 1113 0.00727052
	Aln	6	+b4e05556-7159-4ead-b21f-daaa48d11eac 5323 5958 5961 +edge_4_3_+disjointig_11_6340_7531 0 635 1191 -1 -1 537 0.0185839
Chain
	Aln	7	-b4e05556-7159-4ead-b21f-daaa48d11eac 2 637 5961 -edge_4_3_+disjointig_11_6340_7531 555 1190 1191 -1 -1 537 0.0185839
	Aln	7	-b4e05556-7159-4ead-b21f-daaa48d11eac 678 1890 5961 -edge_4_2_+disjointig_11_4342_5789 47 1259 1447 -1 -1 1113 0.00727052
	Aln	7	-b4e05556-7159-4ead-b21f-daaa48d11eac 1883 3189 5961 -edge_4_2_+disjointig_11_4342_5789 113 1446 1447 -1 -1 1181 0.012877
	Aln	5	-b4e05556-7159-4ead-b21f-daaa48d11eac 3200 3963 5961 -edge_3_2_+disjointig_11_3568_4342 10 773 774 -1 -1 723 0.00476883
	Aln	7	-b4e05556-7159-4ead-b21f-daaa48d11eac 3970 5108 5961 -edge_4_3_+disjointig_11_6340_7531 6 1147 1191 -1 -1 1024 0.0112192
	Aln	7	-b4e05556-7159-4ead-b21f-daaa48d11eac 5278 5937 5961 -edge_4_1_+disjointig_11_2392_3568 6 688 1176 -1 -1 567 0.0148473
Chain
	Aln	196	+d0dc2784-a371-4812-98f5-ed668c040e04 187 2746 10696 +edge_99_0_+disjointig_19_4140_8546 1856 4404 4406 -1 -1 1782 0.0355439
	Aln	196	+d0dc2784-a371-4812-98f5-ed668c040e04 2780 7144 10696 +edge_99_0_+disjointig_19_4140_8546 30 4404 4406 -1 -1 3092 0.0341879
	Aln	196	+d0dc2784-a371-4812-98f5-ed668c040e04 7180 10644 10696 +edge_99_0_+disjointig_19_4140_8546 30 3484 4406 -1 -1 2205 0.0440266
Chain
	Aln	197	-d0dc2784-a371-4812-98f5-ed668c040e04 51 3515 10696 -edge_99_0_+disjointig_19_4140_8546 921 4375 4406 -1 -1 2205 0.0440266
	Aln	197	-d0dc2784-a371-4812-98f5-ed668c040e04 3551 7915 10696 -edge_99_0_+disjointig_19_4140_8546 1 4375 4406 -1 -1 3092 0.0341879
	Aln	197	-d0dc2784-a371-4812-98f5-ed668c040e04 7949 10508 10696 -edge_99_0_+disjointig_19_4140_8546 1 2549 4406 -1 -1 1782 0.0355439
Chain
	Aln	18	+0da41e9f-c17c-4847-a27b-8682d9f0eff1 6129 7560 12092 +edge_10_0_+disjointig_17_27543_29015 15 1441 1472 -1 -1 980 0.0387352
Chain
	Aln	19	-0da41e9f-c17c-4847-a27b-8682d9f0eff1 4531 5962 12092 -edge_10_0_+disjointig_17_27543_29015 30 1456 1472 -1 -1 980 0.0387352
Chain
	Aln	26	+ecf10792-e74b-4dd1-b863-e87348013153 26 1442 3957 +edge_14_1_+disjointig_51_4563_6866 841 2295 2303 -1 -1 749 0.0564484
Chain
	Aln	27	-ecf10792-e74b-4dd1-b863-e87348013153 2514 3930 3957 -edge_14_1_+disjointig_51_4563_6866 7 1461 2303 -1 -1 749 0.0564484
Chain
	Aln	109	+81844cb9-c4a4-4c61-95f0-f74668227977 4 9291 9293 -edge_55_0_+disjointig_48_0_9164 3 9162 9164 -1 -1 6446 0.0372648
Chain
	Aln	108	-81844cb9-c4a4-4c61-95f0-f74668227977 1 9288 9293 +edge_55_0_+disjointig_48_0_9164 1 9160 9164 -1 -1 6446 0.0372648
Chain
	Aln	108	+c30eb90f-04db-4cf4-8778-13ef6d0abc07 21 9163 9167 +edge_55_0_+disjointig_48_0_9164 1 9141 9164 -1 -1 8177 0.0138102
Chain
	Aln	109	-c30eb90f-04db-4cf4-8778-13ef6d0abc07 3 9145 9167 -edge_55_0_+disjointig_48_0_9164 22 9162 9164 -1 -1 8177 0.0138102
Chain
	Aln	18	+bd150e67-cf6b-4ffa-bcd2-bef342b049d0 876 2166 5424 +edge_10_1_+disjointig_40_3316_4630 15 1311 1314 -1 -1 962 0.0290547
Chain
	Aln	19	-bd150e67-cf6b-4ffa-bcd2-bef342b049d0 3257 4547 5424 -edge_10_1_+disjointig_40_3316_4630 2 1298 1314 -1 -1 962 0.0290547
Chain
	Aln	176	+38911a8e-ab5a-49af-a528-b68f020451c3 620 2584 3523 +edge_89_0_+disjointig_77_0_2837 23 1987 2837 -1 -1 1123 0.0539234
Chain
	Aln	177	-38911a8e-ab5a-49af-a528-b68f020451c3 938 2902 3523 -edge_89_0_+disjointig_77_0_2837 849 2813 2837 -1 -1 1123 0.0539234
Chain
	Aln	12	+12bf01be-665f-448a-bf06-b0902bda7b6b 29 4729 6219 +edge_7_0_+disjointig_14_0_4710 6 4699 4710 -1 -1 4276 0.00998504
Chain
	Aln	13	-12bf01be-665f-448a-bf06-b0902bda7b6b 1489 6189 6219 -edge_7_0_+disjointig_14_0_4710 10 4703 4710 -1 -1 4276 0.00998504
Chain
	Aln	7	+739c3464-436b-4604-8681-7f27ffe85727 5 732 15720 -edge_4_3_+disjointig_11_6340_7531 417 1147 1191 -1 -1 582 0.0226108
	Aln	7	+739c3464-436b-4604-8681-7f27ffe85727 902 2040 15720 -edge_4_3_+disjointig_11_6340_7531 6 1147 1191 -1 -1 942 0.0166866
	Aln	7	+739c3464-436b-4604-8681-7f27ffe85727 2210 3202 15720 -edge_4_0_+disjointig_11_805_1807 6 999 1002 -1 -1 780 0.0252266
	Aln	5	+739c3464-436b-4604-8681-7f27ffe85727 3211 3961 15720 -edge_3_4_+disjointig_11_7531_8306 7 757 775 -1 -1 660 0.0101608
	Aln	7	+739c3464-436b-4604-8681-7f27ffe85727 3985 4954 15720 -edge_4_0_+disjointig_11_805_1807 6 1001 1002 -1 -1 899 0.00977467
	Aln	5	+739c3464-436b-4604-8681-7f27ffe85727 4961 5711 15720 -edge_3_4_+disjointig_11_7531_8306 7 757 775 -1 -1 692 0.00517278
	Aln	7	+739c3464-436b-4604-8681-7f27ffe85727 5735 6704 15720 -edge_4_0_+disjointig_11_805_1807 6 1001 1002 -1 -1 881 0.0117555
	Aln	5	+739c3464-436b-4604-8681-7f27ffe85727 6711 7461 15720 -edge_3_4_+disjointig_11_7531_8306 7 757 775 -1 -1 713 0.00237113
	Aln	7	+739c3464-436b-4604-8681-7f27ffe85727 7485 8552 15720 -edge_4_3_+disjointig_11_6340_7531 6 1073 1191 -1 -1 952 0.0109108
	Aln	7	+739c3464-436b-4604-8681-7f27ffe85727 8793 9758 15720 -edge_4_0_+disjointig_11_805_1807 6 971 1002 -1 -1 856 0.0120618
	Aln	5	+739c3464-436b-4604-8681-7f27ffe85727 9795 10545 15720 -edge_3_4_+disjointig_11_7531_8306 7 757 775 -1 -1 628 0.012823
	Aln	7	+739c3464-436b-4604-8681-7f27ffe85727 10584 11613 15720 -edge_4_3_+disjointig_11_6340_7531 21 1050 1191 -1 -1 929 0.0129355
	Aln	7	+739c3464-436b-4604-8681-7f27ffe85727 11802 12576 15720 -edge_4_0_+disjointig_11_805_1807 6 803 1002 -1 -1 712 0.00595578
	Aln	5	+739c3464-436b-4604-8681-7f27ffe85727 12638 12863 15720 -edge_3_3_+disjointig_11_5789_6340 287 506 551 -1 -1 182 0.0213035
	Aln	5	+739c3464-436b-4604-8681-7f27ffe85727 12881 13577 15720 -edge_3_0_+disjointig_11_34_805 48 770 771 -1 -1 635 0.00941762
	Aln	5	+739c3464-436b-4604-8681-7f27ffe85727 13568 13722 15720 -edge_3_1_+disjointig_11_1807_2392 247 359 585 -1 -1 14 0.130267
	Aln	5	+739c3464-436b-4604-8681-7f27ffe85727 13749 14486 15720 -edge_3_4_+disjointig_11_7531_8306 7 769 775 -1 -1 645 0.010065
	Aln	7	+739c3464-436b-4604-8681-7f27ffe85727 14498 15540 15720 -edge_4_1_+disjointig_11_2392_3568 6 1175 1176 -1 -1 825 0.0193228
Chain
	Aln	6	-739c3464-436b-4604-8681-7f27ffe85727 179 1221 15720 +edge_4_1_+disjointig_11_2392_3568 0 1169 1176 -1 -1 825 0.0193228
	Aln	4	-739c3464-436b-4604-8681-7f27ffe85727 1233 1970 15720 +edge_3_4_+disjointig_11_7531_8306 5 767 775 -1 -1 645 0.010065
	Aln	4	-739c3464-436b-4604-8681-7f27ffe85727 1997 2151 15720 +edge_3_1_+disjointig_11_1807_2392 225 337 585 -1 -1 14 0.130267
	Aln	4	-739c3464-436b-4604-8681-7f27ffe85727 2142 2838 15720 +edge_3_0_+disjointig_11_34_805 0 722 771 -1 -1 635 0.00941762
	Aln	4	-739c3464-436b-4604-8681-7f27ffe85727 2856 3081 15720 +edge_3_3_+disjointig_11_5789_6340 44 263 551 -1 -1 182 0.0213035
	Aln	6	-739c3464-436b-4604-8681-7f27ffe85727 3143 3917 15720 +edge_4_0_+disjointig_11_805_1807 198 995 1002 -1 -1 712 0.00595578
	Aln	6	-739c3464-436b-4604-8681-7f27ffe85727 4106 5135 15720 +edge_4_3_+disjointig_11_6340_7531 140 1169 1191 -1 -1 929 0.0129355
	Aln	4	-739c3464-436b-4604-8681-7f27ffe85727 5174 5924 15720 +edge_3_4_+disjointig_11_7531_8306 17 767 775 -1 -1 628 0.012823
	Aln	6	-739c3464-436b-4604-8681-7f27ffe85727 5961 6926 15720 +edge_4_0_+disjointig_11_805_1807 30 995 1002 -1 -1 856 0.0120618
	Aln	6	-739c3464-436b-4604-8681-7f27ffe85727 7167 8234 15720 +edge_4_3_+disjointig_11_6340_7531 117 1184 1191 -1 -1 952 0.0109108
	Aln	4	-739c3464-436b-4604-8681-7f27ffe85727 8258 9008 15720 +edge_3_4_+disjointig_11_7531_8306 17 767 775 -1 -1 713 0.00237113
	Aln	6	-739c3464-436b-4604-8681-7f27ffe85727 9015 9984 15720 +edge_4_0_+disjointig_11_805_1807 0 995 1002 -1 -1 881 0.0117555
	Aln	4	-739c3464-436b-4604-8681-7f27ffe85727 10008 10758 15720 +edge_3_4_+disjointig_11_7531_8306 17 767 775 -1 -1 692 0.00517278
	Aln	6	-739c3464-436b-4604-8681-7f27ffe85727 10765 11734 15720 +edge_4_0_+disjointig_11_805_1807 0 995 1002 -1 -1 899 0.00977467
	Aln	4	-739c3464-436b-4604-8681-7f27ffe85727 11758 12508 15720 +edge_3_4_+disjointig_11_7531_8306 17 767 775 -1 -1 660 0.0101608
	Aln	6	-739c3464-436b-4604-8681-7f27ffe85727 12517 13509 15720 +edge_4_0_+disjointig_11_805_1807 2 995 1002 -1 -1 780 0.0252266
	Aln	6	-739c3464-436b-4604-8681-7f27ffe85727 13679 14817 15720 +edge_4_3_+disjointig_11_6340_7531 43 1184 1191 -1 -1 942 0.0166866
	Aln	6	-739c3464-436b-4604-8681-7f27ffe85727 14987 15714 15720 +edge_4_3_+disjointig_11_6340_7531 43 773 1191 -1 -1 582 0.0226108
Chain
	Aln	13	+3cf35a14-627b-402c-8d68-b5ed5b87fe1f 63 4696 4703 -edge_7_0_+disjointig_14_0_4710 63 4703 4710 -1 -1 3517 0.0257126
Chain
	Aln	12	-3cf35a14-627b-402c-8d68-b5ed5b87fe1f 6 4639 4703 +edge_7_0_+disjointig_14_0_4710 6 4646 4710 -1 -1 3517 0.0257126
Chain
	Aln	4	+c8b11a11-0f44-4e84-86d6-0557fa0a1cd8 14 652 8259 +edge_3_2_+disjointig_11_3568_4342 103 741 774 -1 -1 618 0.00220216
	Aln	6	+c8b11a11-0f44-4e84-86d6-0557fa0a1cd8 685 1675 8259 +edge_4_0_+disjointig_11_805_1807 0 995 1002 -1 -1 973 0.00251719
	Aln	4	+c8b11a11-0f44-4e84-86d6-0557fa0a1cd8 1682 2261 8259 +edge_3_1_+disjointig_11_1807_2392 0 579 585 -1 -1 552 0.00582339
	Aln	6	+c8b11a11-0f44-4e84-86d6-0557fa0a1cd8 2270 3451 8259 +edge_4_1_+disjointig_11_2392_3568 3 1169 1176 -1 -1 1041 0.0111973
	Aln	4	+c8b11a11-0f44-4e84-86d6-0557fa0a1cd8 3482 4225 8259 +edge_3_4_+disjointig_11_7531_8306 24 767 775 -1 -1 709 0.00375024
	Aln	6	+c8b11a11-0f44-4e84-86d6-0557fa0a1cd8 4232 5663 8259 +edge_4_2_+disjointig_11_4342_5789 0 1431 1447 -1 -1 1381 0.00388881
	Aln	4	+c8b11a11-0f44-4e84-86d6-0557fa0a1cd8 5705 6465 8259 +edge_3_0_+disjointig_11_34_805 0 760 771 -1 -1 669 0.0125248
	Aln	6	+c8b11a11-0f44-4e84-86d6-0557fa0a1cd8 6476 7471 8259 +edge_4_0_+disjointig_11_805_1807 0 995 1002 -1 -1 942 0.00785843
	Aln	4	+c8b11a11-0f44-4e84-86d6-0557fa0a1cd8 7495 8245 8259 +edge_3_4_+disjointig_11_7531_8306 17 767 775 -1 -1 709 0.00375527
Chain
	Aln	5	-c8b11a11-0f44-4e84-86d6-0557fa0a1cd8 13 763 8259 -edge_3_4_+disjointig_11_7531_8306 7 757 775 -1 -1 709 0.00375527
	Aln	7	-c8b11a11-0f44-4e84-86d6-0557fa0a1cd8 787 1782 8259 -edge_4_0_+disjointig_11_805_1807 6 1001 1002 -1 -1 942 0.00785843
	Aln	5	-c8b11a11-0f44-4e84-86d6-0557fa0a1cd8 1793 2553 8259 -edge_3_0_+disjointig_11_34_805 10 770 771 -1 -1 669 0.0125248
	Aln	7	-c8b11a11-0f44-4e84-86d6-0557fa0a1cd8 2595 4026 8259 -edge_4_2_+disjointig_11_4342_5789 15 1446 1447 -1 -1 1381 0.00388881
	Aln	5	-c8b11a11-0f44-4e84-86d6-0557fa0a1cd8 4033 4776 8259 -edge_3_4_+disjointig_11_7531_8306 7 750 775 -1 -1 709 0.00375024
	Aln	7	-c8b11a11-0f44-4e84-86d6-0557fa0a1cd8 4807 5988 8259 -edge_4_1_+disjointig_11_2392_3568 6 1172 1176 -1 -1 1041 0.0111973
	Aln	5	-c8b11a11-0f44-4e84-86d6-0557fa0a1cd8 5997 6576 8259 -edge_3_1_+disjointig_11_1807_2392 5 584 585 -1 -1 552 0.00582339
	Aln	7	-c8b11a11-0f44-4e84-86d6-0557fa0a1cd8 6583 7573 8259 -edge_4_0_+disjointig_11_805_1807 6 1001 1002 -1 -1 973 0.00251719
	Aln	5	-c8b11a11-0f44-4e84-86d6-0557fa0a1cd8 7606 8244 8259 -edge_3_2_+disjointig_11_3568_4342 32 670 774 -1 -1 618 0.00220216
Chain
	Aln	197	+092b86cf-0417-4c4a-9b6b-053151120f02 18 4005 7086 -edge_99_0_+disjointig_19_4140_8546 410 4375 4406 -1 -1 2755 0.0383343
	Aln	197	+092b86cf-0417-4c4a-9b6b-053151120f02 4042 7044 7086 -edge_99_0_+disjointig_19_4140_8546 1 2994 4406 -1 -1 2094 0.0352192
Chain
	Aln	196	-092b86cf-0417-4c4a-9b6b-053151120f02 41 3043 7086 +edge_99_0_+disjointig_19_4140_8546 1411 4404 4406 -1 -1 2094 0.0352192
	Aln	196	-092b86cf-0417-4c4a-9b6b-053151120f02 3080 7067 7086 +edge_99_0_+disjointig_19_4140_8546 30 3995 4406 -1 -1 2755 0.0383343
Chain
	Aln	139	+4d2b1237-c334-4b57-934f-9a4281b3f8b4 0 123 3838 -edge_70_2_+disjointig_6_8130_8852 594 715 722 -1 -1 83 0.0358821
	Aln	141	+4d2b1237-c334-4b57-934f-9a4281b3f8b4 94 764 3838 -edge_71_0_+disjointig_6_6489_7170 11 680 681 -1 -1 292 0.0726264
	Aln	139	+4d2b1237-c334-4b57-934f-9a4281b3f8b4 768 1351 3838 -edge_70_0_+disjointig_6_5867_6489 3 585 622 -1 -1 335 0.059607
	Aln	133	+4d2b1237-c334-4b57-934f-9a4281b3f8b4 1328 1776 3838 -edge_67_1_+disjointig_6_4796_5331 81 529 535 -1 -1 155 0.10285
	Aln	139	+4d2b1237-c334-4b57-934f-9a4281b3f8b4 1788 2369 3838 -edge_70_0_+disjointig_6_5867_6489 3 585 622 -1 -1 323 0.0696149
	Aln	133	+4d2b1237-c334-4b57-934f-9a4281b3f8b4 2353 2791 3838 -edge_67_1_+disjointig_6_4796_5331 88 529 535 -1 -1 148 0.0978655
	Aln	135	+4d2b1237-c334-4b57-934f-9a4281b3f8b4 2753 3203 3838 -edge_68_1_+disjointig_6_5331_5867 10 462 536 -1 -1 116 0.112441
	Aln	139	+4d2b1237-c334-4b57-934f-9a4281b3f8b4 3173 3722 3838 -edge_70_0_+disjointig_6_5867_6489 37 585 622 -1 -1 271 0.0719718
Chain
	Aln	138	-4d2b1237-c334-4b57-934f-9a4281b3f8b4 115 664 3838 +edge_70_0_+disjointig_6_5867_6489 36 584 622 -1 -1 271 0.0719718
	Aln	134	-4d2b1237-c334-4b57-934f-9a4281b3f8b4 634 1084 3838 +edge_68_1_+disjointig_6_5331_5867 73 525 536 -1 -1 116 0.112441
	Aln	132	-4d2b1237-c334-4b57-934f-9a4281b3f8b4 1046 1484 3838 +edge_67_1_+disjointig_6_4796_5331 5 446 535 -1 -1 148 0.0978655
	Aln	138	-4d2b1237-c334-4b57-934f-9a4281b3f8b4 1468 2049 3838 +edge_70_0_+disjointig_6_5867_6489 36 618 622 -1 -1 323 0.0696149
	Aln	132	-4d2b1237-c334-4b57-934f-9a4281b3f8b4 2061 2509 3838 +edge_67_1_+disjointig_6_4796_5331 5 453 535 -1 -1 155 0.10285
	Aln	138	-4d2b1237-c334-4b57-934f-9a4281b3f8b4 2486 3069 3838 +edge_70_0_+disjointig_6_5867_6489 36 618 622 -1 -1 335 0.059607
	Aln	140	-4d2b1237-c334-4b57-934f-9a4281b3f8b4 3073 3743 3838 +edge_71_0_+disjointig_6_6489_7170 0 669 681 -1 -1 292 0.0726264
	Aln	138	-4d2b1237-c334-4b57-934f-9a4281b3f8b4 3714 3837 3838 +edge_70_2_+disjointig_6_8130_8852 6 127 722 -1 -1 83 0.0358821
Chain
	Aln	18	+5370b715-1eab-4806-be7a-9b25630293a7 2422 3730 25982 +edge_10_1_+disjointig_40_3316_4630 1 1311 1314 -1 -1 1085 0.0184122
	Aln	22	+5370b715-1eab-4806-be7a-9b25630293a7 3782 5536 25982 +edge_12_1_+disjointig_40_4630_6445 49 1809 1815 -1 -1 1407 0.0215715
	Aln	26	+5370b715-1eab-4806-be7a-9b25630293a7 5503 7532 25982 +edge_14_0_+disjointig_17_30625_32948 1 2120 2323 -1 -1 1070 0.0600845
Chain
	Aln	27	-5370b715-1eab-4806-be7a-9b25630293a7 18449 20478 25982 -edge_14_0_+disjointig_17_30625_32948 202 2321 2323 -1 -1 1070 0.0600845
	Aln	23	-5370b715-1eab-4806-be7a-9b25630293a7 20445 22199 25982 -edge_12_1_+disjointig_40_4630_6445 5 1765 1815 -1 -1 1407 0.0215715
	Aln	19	-5370b715-1eab-4806-be7a-9b25630293a7 22251 23559 25982 -edge_10_1_+disjointig_40_3316_4630 2 1312 1314 -1 -1 1085 0.0184122
Chain
	Aln	23	+e6e90923-f4c0-454f-a668-20dee797c778 455 2221 2564 -edge_12_1_+disjointig_40_4630_6445 12 1784 1815 -1 -1 1302 0.030327
Chain
	Aln	22	-e6e90923-f4c0-454f-a668-20dee797c778 342 2108 2564 +edge_12_1_+disjointig_40_4630_6445 30 1802 1815 -1 -1 1302 0.030327
Chain
	Aln	18	+1707d6c6-29da-4923-8831-714206c972f6 1893 3185 5617 +edge_10_1_+disjointig_40_3316_4630 15 1311 1314 -1 -1 1106 0.0205818
	Aln	22	+1707d6c6-29da-4923-8831-714206c972f6 3218 4995 5617 +edge_12_1_+disjointig_40_4630_6445 30 1809 1815 -1 -1 1448 0.0230145
Chain
	Aln	23	-1707d6c6-29da-4923-8831-714206c972f6 621 2398 5617 -edge_12_1_+disjointig_40_4630_6445 5 1784 1815 -1 -1 1448 0.0230145
	Aln	19	-1707d6c6-29da-4923-8831-714206c972f6 2431 3723 5617 -edge_10_1_+disjointig_40_3316_4630 2 1298 1314 -1 -1 1106 0.0205818
Chain
	Aln	139	+967f25c0-eaec-46ac-9977-74361f441ded 17 753 3028 -edge_70_1_+disjointig_6_7170_8130 229 954 960 -1 -1 399 0.0559273
	Aln	141	+967f25c0-eaec-46ac-9977-74361f441ded 765 1435 3028 -edge_71_0_+disjointig_6_6489_7170 6 680 681 -1 -1 338 0.0593404
	Aln	135	+967f25c0-eaec-46ac-9977-74361f441ded 1422 1915 3028 -edge_68_0_+disjointig_6_1313_1845 38 531 532 -1 -1 227 0.0719471
	Aln	139	+967f25c0-eaec-46ac-9977-74361f441ded 1866 2788 3028 -edge_70_1_+disjointig_6_7170_8130 46 954 960 -1 -1 469 0.0657711
	Aln	135	+967f25c0-eaec-46ac-9977-74361f441ded 2769 2961 3028 -edge_68_1_+disjointig_6_5331_5867 29 219 536 -1 -1 113 0.0786922
Chain
	Aln	134	-967f25c0-eaec-46ac-9977-74361f441ded 66 258 3028 +edge_68_1_+disjointig_6_5331_5867 316 506 536 -1 -1 113 0.0786922
	Aln	138	-967f25c0-eaec-46ac-9977-74361f441ded 239 1161 3028 +edge_70_1_+disjointig_6_7170_8130 5 913 960 -1 -1 469 0.0657711
	Aln	134	-967f25c0-eaec-46ac-9977-74361f441ded 1112 1605 3028 +edge_68_0_+disjointig_6_1313_1845 0 493 532 -1 -1 227 0.0719471
	Aln	140	-967f25c0-eaec-46ac-9977-74361f441ded 1592 2262 3028 +edge_71_0_+disjointig_6_6489_7170 0 674 681 -1 -1 338 0.0593404
	Aln	138	-967f25c0-eaec-46ac-9977-74361f441ded 2274 3010 3028 +edge_70_1_+disjointig_6_7170_8130 5 730 960 -1 -1 399 0.0559273
Chain
	Aln	5	+8ab171bc-c99a-43df-b367-d6d71edb23c5 71 533 4255 -edge_3_0_+disjointig_11_34_805 281 770 771 -1 -1 380 0.0251724
	Aln	7	+8ab171bc-c99a-43df-b367-d6d71edb23c5 602 1962 4255 -edge_4_2_+disjointig_11_4342_5789 47 1440 1447 -1 -1 875 0.0436102
	Aln	5	+8ab171bc-c99a-43df-b367-d6d71edb23c5 1979 2733 4255 -edge_3_2_+disjointig_11_3568_4342 10 773 774 -1 -1 555 0.0331334
	Aln	7	+8ab171bc-c99a-43df-b367-d6d71edb23c5 2740 3723 4255 -edge_4_0_+disjointig_11_805_1807 6 1001 1002 -1 -1 743 0.0296077
	Aln	5	+8ab171bc-c99a-43df-b367-d6d71edb23c5 3734 4253 4255 -edge_3_0_+disjointig_11_34_805 10 558 771 -1 -1 394 0.0289896
Chain
	Aln	4	-8ab171bc-c99a-43df-b367-d6d71edb23c5 1 520 4255 +edge_3_0_+disjointig_11_34_805 212 760 771 -1 -1 394 0.0289896
	Aln	6	-8ab171bc-c99a-43df-b367-d6d71edb23c5 531 1514 4255 +edge_4_0_+disjointig_11_805_1807 0 995 1002 -1 -1 743 0.0296077
	Aln	4	-8ab171bc-c99a-43df-b367-d6d71edb23c5 1521 2275 4255 +edge_3_2_+disjointig_11_3568_4342 0 763 774 -1 -1 555 0.0331334
	Aln	6	-8ab171bc-c99a-43df-b367-d6d71edb23c5 2292 3652 4255 +edge_4_2_+disjointig_11_4342_5789 6 1399 1447 -1 -1 875 0.0436102
	Aln	4	-8ab171bc-c99a-43df-b367-d6d71edb23c5 3721 4183 4255 +edge_3_0_+disjointig_11_34_805 0 489 771 -1 -1 380 0.0251724
Chain
	Aln	134	+dccc473f-39b1-493b-a636-cf7b6ac07783 26 382 1349 +edge_68_1_+disjointig_6_5331_5867 116 471 536 -1 -1 195 0.055222
	Aln	138	+dccc473f-39b1-493b-a636-cf7b6ac07783 483 1066 1349 +edge_70_0_+disjointig_6_5867_6489 36 618 622 -1 -1 360 0.0509833
	Aln	140	+dccc473f-39b1-493b-a636-cf7b6ac07783 1070 1329 1349 +edge_71_0_+disjointig_6_6489_7170 0 259 681 -1 -1 107 0.070617
Chain
	Aln	141	-dccc473f-39b1-493b-a636-cf7b6ac07783 19 278 1349 -edge_71_0_+disjointig_6_6489_7170 421 680 681 -1 -1 107 0.070617
	Aln	139	-dccc473f-39b1-493b-a636-cf7b6ac07783 282 865 1349 -edge_70_0_+disjointig_6_5867_6489 3 585 622 -1 -1 360 0.0509833
	Aln	135	-dccc473f-39b1-493b-a636-cf7b6ac07783 966 1322 1349 -edge_68_1_+disjointig_6_5331_5867 64 419 536 -1 -1 195 0.055222
Chain
	Aln	27	+509dd270-7f6b-4e0c-8227-088481e7e3d9 4783 7019 11962 -edge_14_0_+disjointig_17_30625_32948 101 2322 2323 -1 -1 1267 0.0495218
	Aln	23	+509dd270-7f6b-4e0c-8227-088481e7e3d9 7066 8564 11962 -edge_12_0_+disjointig_17_29015_30625 46 1543 1610 -1 -1 1048 0.0388312
	Aln	19	+509dd270-7f6b-4e0c-8227-088481e7e3d9 8690 10061 11962 -edge_10_0_+disjointig_17_27543_29015 61 1439 1472 -1 -1 865 0.0509833
Chain
	Aln	18	-509dd270-7f6b-4e0c-8227-088481e7e3d9 1900 3271 11962 +edge_10_0_+disjointig_17_27543_29015 32 1410 1472 -1 -1 865 0.0509833
	Aln	22	-509dd270-7f6b-4e0c-8227-088481e7e3d9 3397 4895 11962 +edge_12_0_+disjointig_17_29015_30625 66 1563 1610 -1 -1 1048 0.0388312
	Aln	26	-509dd270-7f6b-4e0c-8227-088481e7e3d9 4942 7178 11962 +edge_14_0_+disjointig_17_30625_32948 0 2221 2323 -1 -1 1267 0.0495218
Chain
	Aln	8	+b3d5c3e9-7239-4de1-b3cf-31ce8c1392cd 43 19675 19678 +edge_5_0_+disjointig_12_0_19310 26 19288 19310 -1 -1 14234 0.0278376
Chain
	Aln	9	-b3d5c3e9-7239-4de1-b3cf-31ce8c1392cd 2 19634 19678 -edge_5_0_+disjointig_12_0_19310 21 19283 19310 -1 -1 14234 0.0278376
Chain
	Aln	18	+7f0513b8-2c32-4c20-a888-0abd5762c1d4 44 1140 2283 +edge_10_1_+disjointig_40_3316_4630 184 1291 1314 -1 -1 681 0.0392444
	Aln	22	+7f0513b8-2c32-4c20-a888-0abd5762c1d4 1188 2254 2283 +edge_12_1_+disjointig_40_4630_6445 25 1121 1815 -1 -1 525 0.0698704
Chain
	Aln	23	-7f0513b8-2c32-4c20-a888-0abd5762c1d4 28 1094 2283 -edge_12_1_+disjointig_40_4630_6445 693 1789 1815 -1 -1 525 0.0698704
	Aln	19	-7f0513b8-2c32-4c20-a888-0abd5762c1d4 1142 2238 2283 -edge_10_1_+disjointig_40_3316_4630 22 1129 1314 -1 -1 681 0.0392444
Chain
	Aln	9	+a9c0e89b-e3eb-42a8-8971-f023ca73ac0b 14 19659 19689 -edge_5_0_+disjointig_12_0_19310 13 19283 19310 -1 -1 12020 0.0452384
Chain
	Aln	8	-a9c0e89b-e3eb-42a8-8971-f023ca73ac0b 29 19674 19689 +edge_5_0_+disjointig_12_0_19310 26 19296 19310 -1 -1 12020 0.0452384
Chain
	Aln	23	+ee4208ae-0e77-4005-aeba-0104596a0fa3 3057 4505 4513 -edge_12_0_+disjointig_17_29015_30625 8 1458 1610 -1 -1 1034 0.0373402
Chain
	Aln	22	-ee4208ae-0e77-4005-aeba-0104596a0fa3 7 1455 4513 +edge_12_0_+disjointig_17_29015_30625 151 1601 1610 -1 -1 1034 0.0373402
Chain
	Aln	23	+7d286a10-1ec0-4bce-8193-196bda37b504 12 896 1549 -edge_12_1_+disjointig_40_4630_6445 931 1814 1815 -1 -1 688 0.0289685
	Aln	19	+7d286a10-1ec0-4bce-8193-196bda37b504 904 1538 1549 -edge_10_1_+disjointig_40_3316_4630 7 644 1314 -1 -1 561 0.0195746
Chain
	Aln	18	-7d286a10-1ec0-4bce-8193-196bda37b504 10 644 1549 +edge_10_1_+disjointig_40_3316_4630 669 1306 1314 -1 -1 561 0.0195746
	Aln	22	-7d286a10-1ec0-4bce-8193-196bda37b504 652 1536 1549 +edge_12_1_+disjointig_40_4630_6445 0 883 1815 -1 -1 688 0.0289685
Chain
	Aln	23	+bbe50318-da88-447b-a524-462c52ddec7a 35 1796 2060 -edge_12_1_+disjointig_40_4630_6445 43 1804 1815 -1 -1 1450 0.0260676
Chain
	Aln	22	-bbe50318-da88-447b-a524-462c52ddec7a 263 2024 2060 +edge_12_1_+disjointig_40_4630_6445 10 1771 1815 -1 -1 1450 0.0260676
Chain
	Aln	18	+833e705c-977d-457d-8bd7-682894ac3413 7035 8102 8937 +edge_10_0_+disjointig_17_27543_29015 1 1063 1472 -1 -1 524 0.0626865
Chain
	Aln	19	-833e705c-977d-457d-8bd7-682894ac3413 834 1901 8937 -edge_10_0_+disjointig_17_27543_29015 408 1470 1472 -1 -1 524 0.0626865
Chain
	Aln	139	+ac17f0b6-dcb1-4eb7-908b-d5220f45d68d 5 398 3739 -edge_70_2_+disjointig_6_8130_8852 326 715 722 -1 -1 176 0.0741645
	Aln	141	+ac17f0b6-dcb1-4eb7-908b-d5220f45d68d 369 1040 3739 -edge_71_0_+disjointig_6_6489_7170 11 680 681 -1 -1 367 0.0564624
	Aln	135	+ac17f0b6-dcb1-4eb7-908b-d5220f45d68d 1027 1523 3739 -edge_68_0_+disjointig_6_1313_1845 38 531 532 -1 -1 210 0.0795166
	Aln	139	+ac17f0b6-dcb1-4eb7-908b-d5220f45d68d 1474 2356 3739 -edge_70_1_+disjointig_6_7170_8130 46 914 960 -1 -1 466 0.061017
	Aln	141	+ac17f0b6-dcb1-4eb7-908b-d5220f45d68d 2413 3084 3739 -edge_71_0_+disjointig_6_6489_7170 11 680 681 -1 -1 370 0.0539589
	Aln	135	+ac17f0b6-dcb1-4eb7-908b-d5220f45d68d 3071 3567 3739 -edge_68_0_+disjointig_6_1313_1845 38 531 532 -1 -1 225 0.0723047
	Aln	133	+ac17f0b6-dcb1-4eb7-908b-d5220f45d68d 3575 3736 3739 -edge_67_1_+disjointig_6_4796_5331 7 167 535 -1 -1 71 0.0834243
Chain
	Aln	132	-ac17f0b6-dcb1-4eb7-908b-d5220f45d68d 2 163 3739 +edge_67_1_+disjointig_6_4796_5331 367 527 535 -1 -1 71 0.0834243
	Aln	134	-ac17f0b6-dcb1-4eb7-908b-d5220f45d68d 171 667 3739 +edge_68_0_+disjointig_6_1313_1845 0 493 532 -1 -1 225 0.0723047
	Aln	140	-ac17f0b6-dcb1-4eb7-908b-d5220f45d68d 654 1325 3739 +edge_71_0_+disjointig_6_6489_7170 0 669 681 -1 -1 370 0.0539589
	Aln	138	-ac17f0b6-dcb1-4eb7-908b-d5220f45d68d 1382 2264 3739 +edge_70_1_+disjointig_6_7170_8130 45 913 960 -1 -1 466 0.061017
	Aln	134	-ac17f0b6-dcb1-4eb7-908b-d5220f45d68d 2215 2711 3739 +edge_68_0_+disjointig_6_1313_1845 0 493 532 -1 -1 210 0.0795166
	Aln	140	-ac17f0b6-dcb1-4eb7-908b-d5220f45d68d 2698 3369 3739 +edge_71_0_+disjointig_6_6489_7170 0 669 681 -1 -1 367 0.0564624
	Aln	138	-ac17f0b6-dcb1-4eb7-908b-d5220f45d68d 3340 3733 3739 +edge_70_2_+disjointig_6_8130_8852 6 395 722 -1 -1 176 0.0741645
Chain
	Aln	43	+5862b254-9b7f-4601-a1d3-54d9e1f6f70a 1222 7367 7500 -edge_22_0_+disjointig_2_0_6280 28 6143 6280 -1 -1 2889 0.0642712
Chain
	Aln	42	-5862b254-9b7f-4601-a1d3-54d9e1f6f70a 132 6277 7500 +edge_22_0_+disjointig_2_0_6280 136 6251 6280 -1 -1 2889 0.0642712
Chain
	Aln	64	+f5d54384-7e4c-4ae2-a598-595d28a38dec 10 1355 2754 +edge_33_2_+disjointig_3_7268_8869 172 1529 1601 -1 -1 736 0.0627814
	Aln	64	+f5d54384-7e4c-4ae2-a598-595d28a38dec 1440 2718 2754 +edge_33_3_+disjointig_3_8869_10420 17 1288 1551 -1 -1 741 0.0500026
Chain
	Aln	65	-f5d54384-7e4c-4ae2-a598-595d28a38dec 35 1313 2754 -edge_33_3_+disjointig_3_8869_10420 262 1533 1551 -1 -1 741 0.0500026
	Aln	65	-f5d54384-7e4c-4ae2-a598-595d28a38dec 1398 2743 2754 -edge_33_2_+disjointig_3_7268_8869 71 1428 1601 -1 -1 736 0.0627814
Chain
	Aln	18	+7cf6407d-05e6-4861-be6d-41fb74f52de1 1245 2195 12763 +edge_10_0_+disjointig_17_27543_29015 515 1467 1472 -1 -1 690 0.035805
	Aln	22	+7cf6407d-05e6-4861-be6d-41fb74f52de1 3585 4532 12763 +edge_12_1_+disjointig_40_4630_6445 862 1809 1815 -1 -1 838 0.0153424
Chain
	Aln	23	-7cf6407d-05e6-4861-be6d-41fb74f52de1 8230 9177 12763 -edge_12_1_+disjointig_40_4630_6445 5 952 1815 -1 -1 838 0.0153424
	Aln	19	-7cf6407d-05e6-4861-be6d-41fb74f52de1 10567 11517 12763 -edge_10_0_+disjointig_17_27543_29015 4 956 1472 -1 -1 690 0.035805
Chain
	Aln	19	+99647174-6f1c-4efb-9322-fa42e4391c5e 539 1677 1679 -edge_10_1_+disjointig_40_3316_4630 7 1147 1314 -1 -1 913 0.0240498
Chain
	Aln	18	-99647174-6f1c-4efb-9322-fa42e4391c5e 1 1139 1679 +edge_10_1_+disjointig_40_3316_4630 166 1306 1314 -1 -1 913 0.0240498
Chain
	Aln	27	+43b7f994-ef71-4d09-a6e1-104d65280408 3115 4439 5717 -edge_14_1_+disjointig_51_4563_6866 969 2293 2303 -1 -1 1030 0.0263089
	Aln	23	+43b7f994-ef71-4d09-a6e1-104d65280408 4461 5680 5717 -edge_12_1_+disjointig_40_4630_6445 12 1231 1815 -1 -1 1030 0.0195446
Chain
	Aln	22	-43b7f994-ef71-4d09-a6e1-104d65280408 36 1255 5717 +edge_12_1_+disjointig_40_4630_6445 583 1802 1815 -1 -1 1030 0.0195446
	Aln	26	-43b7f994-ef71-4d09-a6e1-104d65280408 1277 2601 5717 +edge_14_1_+disjointig_51_4563_6866 9 1333 2303 -1 -1 1030 0.0263089
Chain
	Aln	52	+efa831fb-1e84-41a3-bdca-5cfd745dc65d 4 9511 9693 +edge_27_0_+disjointig_24_0_9752 4 9465 9752 -1 -1 5953 0.0334843
Chain
	Aln	53	-efa831fb-1e84-41a3-bdca-5cfd745dc65d 181 9688 9693 -edge_27_0_+disjointig_24_0_9752 286 9747 9752 -1 -1 5953 0.0334843
Chain
	Aln	18	+4afdd014-f21c-4836-b7bb-0edb9be6c785 1238 2545 5349 +edge_10_1_+disjointig_40_3316_4630 1 1311 1314 -1 -1 1013 0.0264627
	Aln	22	+4afdd014-f21c-4836-b7bb-0edb9be6c785 2549 4351 5349 +edge_12_1_+disjointig_40_4630_6445 1 1802 1815 -1 -1 1460 0.0259902
	Aln	26	+4afdd014-f21c-4836-b7bb-0edb9be6c785 4325 5346 5349 +edge_14_0_+disjointig_17_30625_32948 1 1022 2323 -1 -1 758 0.0305829
Chain
	Aln	27	-4afdd014-f21c-4836-b7bb-0edb9be6c785 2 1023 5349 -edge_14_0_+disjointig_17_30625_32948 1300 2321 2323 -1 -1 758 0.0305829
	Aln	23	-4afdd014-f21c-4836-b7bb-0edb9be6c785 997 2799 5349 -edge_12_1_+disjointig_40_4630_6445 12 1813 1815 -1 -1 1460 0.0259902
	Aln	19	-4afdd014-f21c-4836-b7bb-0edb9be6c785 2803 4110 5349 -edge_10_1_+disjointig_40_3316_4630 2 1312 1314 -1 -1 1013 0.0264627
Chain
	Aln	146	+c65674d2-7b9c-441a-ac39-cb0b631b8eaf 4 30595 30603 +edge_74_0_+disjointig_62_0_31089 515 31082 31089 -1 -1 29290 0.00317051
Chain
	Aln	147	-c65674d2-7b9c-441a-ac39-cb0b631b8eaf 7 30598 30603 -edge_74_0_+disjointig_62_0_31089 6 30573 31089 -1 -1 29290 0.00317051
Chain
	Aln	5	+891f0a00-4ce4-4889-811e-f37a24c57753 8 484 8907 -edge_3_2_+disjointig_11_3568_4342 297 773 774 -1 -1 440 0.00915141
	Aln	7	+891f0a00-4ce4-4889-811e-f37a24c57753 491 1629 8907 -edge_4_3_+disjointig_11_6340_7531 6 1147 1191 -1 -1 1027 0.0115683
	Aln	5	+891f0a00-4ce4-4889-811e-f37a24c57753 1606 1794 8907 -edge_3_1_+disjointig_11_1807_2392 177 359 585 -1 -1 32 0.142385
	Aln	7	+891f0a00-4ce4-4889-811e-f37a24c57753 1799 2794 8907 -edge_4_0_+disjointig_11_805_1807 6 1001 1002 -1 -1 969 0.00320924
	Aln	5	+891f0a00-4ce4-4889-811e-f37a24c57753 2805 3568 8907 -edge_3_2_+disjointig_11_3568_4342 10 773 774 -1 -1 738 0.00438107
	Aln	7	+891f0a00-4ce4-4889-811e-f37a24c57753 3575 4570 8907 -edge_4_0_+disjointig_11_805_1807 6 1001 1002 -1 -1 915 0.0129767
	Aln	5	+891f0a00-4ce4-4889-811e-f37a24c57753 4581 5344 8907 -edge_3_2_+disjointig_11_3568_4342 10 773 774 -1 -1 702 0.00722792
	Aln	7	+891f0a00-4ce4-4889-811e-f37a24c57753 5351 6489 8907 -edge_4_3_+disjointig_11_6340_7531 6 1147 1191 -1 -1 958 0.0151782
	Aln	7	+891f0a00-4ce4-4889-811e-f37a24c57753 6659 7797 8907 -edge_4_3_+disjointig_11_6340_7531 6 1147 1191 -1 -1 935 0.0210459
	Aln	7	+891f0a00-4ce4-4889-811e-f37a24c57753 7967 8902 8907 -edge_4_0_+disjointig_11_805_1807 6 940 1002 -1 -1 857 0.0114041
Chain
	Aln	6	-891f0a00-4ce4-4889-811e-f37a24c57753 4 939 8907 +edge_4_0_+disjointig_11_805_1807 61 995 1002 -1 -1 857 0.0114041
	Aln	6	-891f0a00-4ce4-4889-811e-f37a24c57753 1109 2247 8907 +edge_4_3_+disjointig_11_6340_7531 43 1184 1191 -1 -1 935 0.0210459
	Aln	6	-891f0a00-4ce4-4889-811e-f37a24c57753 2417 3555 8907 +edge_4_3_+disjointig_11_6340_7531 43 1184 1191 -1 -1 958 0.0151782
	Aln	4	-891f0a00-4ce4-4889-811e-f37a24c57753 3562 4325 8907 +edge_3_2_+disjointig_11_3568_4342 0 763 774 -1 -1 702 0.00722792
	Aln	6	-891f0a00-4ce4-4889-811e-f37a24c57753 4336 5331 8907 +edge_4_0_+disjointig_11_805_1807 0 995 1002 -1 -1 915 0.0129767
	Aln	4	-891f0a00-4ce4-4889-811e-f37a24c57753 5338 6101 8907 +edge_3_2_+disjointig_11_3568_4342 0 763 774 -1 -1 738 0.00438107
	Aln	6	-891f0a00-4ce4-4889-811e-f37a24c57753 6112 7107 8907 +edge_4_0_+disjointig_11_805_1807 0 995 1002 -1 -1 969 0.00320924
	Aln	4	-891f0a00-4ce4-4889-811e-f37a24c57753 7112 7300 8907 +edge_3_1_+disjointig_11_1807_2392 225 407 585 -1 -1 32 0.142385
	Aln	6	-891f0a00-4ce4-4889-811e-f37a24c57753 7277 8415 8907 +edge_4_3_+disjointig_11_6340_7531 43 1184 1191 -1 -1 1027 0.0115683
	Aln	4	-891f0a00-4ce4-4889-811e-f37a24c57753 8422 8898 8907 +edge_3_2_+disjointig_11_3568_4342 0 476 774 -1 -1 440 0.00915141
Chain
	Aln	27	+1446344a-63b9-4c54-a26f-7c21246e01ea 105 1472 3824 -edge_14_1_+disjointig_51_4563_6866 299 1681 2303 -1 -1 865 0.0442254
	Aln	23	+1446344a-63b9-4c54-a26f-7c21246e01ea 2527 3822 3824 -edge_12_2_+disjointig_51_2913_4563 26 1324 1650 -1 -1 928 0.0385593
Chain
	Aln	22	-1446344a-63b9-4c54-a26f-7c21246e01ea 1 1296 3824 +edge_12_2_+disjointig_51_2913_4563 325 1623 1650 -1 -1 928 0.0385593
	Aln	26	-1446344a-63b9-4c54-a26f-7c21246e01ea 2351 3718 3824 +edge_14_1_+disjointig_51_4563_6866 621 2003 2303 -1 -1 865 0.0442254
Chain
	Aln	11	+04274f72-b448-497c-ae3f-f57c0bd0653a 230 4665 4670 -edge_6_0_+disjointig_13_0_7542 3083 7537 7542 -1 -1 2221 0.0649733
Chain
	Aln	10	-04274f72-b448-497c-ae3f-f57c0bd0653a 4 4439 4670 +edge_6_0_+disjointig_13_0_7542 4 4458 7542 -1 -1 2221 0.0649733
Chain
	Aln	103	+c89d25b8-fb3e-4279-b183-468050d8281d 16872 18602 19304 -edge_52_0_+disjointig_45_0_6163 4147 5893 6163 -1 -1 95 0.220136
Chain
	Aln	102	-c89d25b8-fb3e-4279-b183-468050d8281d 701 2431 19304 +edge_52_0_+disjointig_45_0_6163 269 2015 6163 -1 -1 95 0.220136
Chain
	Aln	27	+c4b29022-b070-4747-97b8-addef979a1aa 4292 6511 8397 -edge_14_1_+disjointig_51_4563_6866 77 2302 2303 -1 -1 1636 0.029976
	Aln	23	+c4b29022-b070-4747-97b8-addef979a1aa 6524 8306 8397 -edge_12_1_+disjointig_40_4630_6445 12 1795 1815 -1 -1 1292 0.0328991
Chain
	Aln	22	-c4b29022-b070-4747-97b8-addef979a1aa 90 1872 8397 +edge_12_1_+disjointig_40_4630_6445 19 1802 1815 -1 -1 1292 0.0328991
	Aln	26	-c4b29022-b070-4747-97b8-addef979a1aa 1885 4104 8397 +edge_14_1_+disjointig_51_4563_6866 0 2225 2303 -1 -1 1636 0.029976
Chain
	Aln	18	+9f5e7930-7815-4e1e-947b-06fb32566477 3207 4514 8325 +edge_10_1_+disjointig_40_3316_4630 0 1311 1314 -1 -1 1036 0.0238246
	Aln	22	+9f5e7930-7815-4e1e-947b-06fb32566477 4547 6277 8325 +edge_12_1_+disjointig_40_4630_6445 30 1758 1815 -1 -1 1249 0.036506
	Aln	26	+9f5e7930-7815-4e1e-947b-06fb32566477 6343 8323 8325 +edge_14_1_+disjointig_51_4563_6866 9 1986 2303 -1 -1 1380 0.0377919
Chain
	Aln	27	-9f5e7930-7815-4e1e-947b-06fb32566477 1 1981 8325 -edge_14_1_+disjointig_51_4563_6866 316 2293 2303 -1 -1 1380 0.0377919
	Aln	23	-9f5e7930-7815-4e1e-947b-06fb32566477 2047 3777 8325 -edge_12_1_+disjointig_40_4630_6445 56 1784 1815 -1 -1 1249 0.036506
	Aln	19	-9f5e7930-7815-4e1e-947b-06fb32566477 3810 5117 8325 -edge_10_1_+disjointig_40_3316_4630 2 1313 1314 -1 -1 1036 0.0238246
Chain
	Aln	27	+4e394924-b608-49f1-ae98-b3e4ebb6e300 19508 21770 26058 -edge_14_0_+disjointig_17_30625_32948 62 2306 2323 -1 -1 1354 0.051927
	Aln	23	+4e394924-b608-49f1-ae98-b3e4ebb6e300 21795 23363 26058 -edge_12_0_+disjointig_17_29015_30625 8 1580 1610 -1 -1 1174 0.0345045
	Aln	19	+4e394924-b608-49f1-ae98-b3e4ebb6e300 23417 24856 26058 -edge_10_0_+disjointig_17_27543_29015 24 1458 1472 -1 -1 1034 0.0364676
Chain
	Aln	18	-4e394924-b608-49f1-ae98-b3e4ebb6e300 1201 2640 26058 +edge_10_0_+disjointig_17_27543_29015 13 1447 1472 -1 -1 1034 0.0364676
	Aln	22	-4e394924-b608-49f1-ae98-b3e4ebb6e300 2694 4262 26058 +edge_12_0_+disjointig_17_29015_30625 29 1601 1610 -1 -1 1174 0.0345045
	Aln	26	-4e394924-b608-49f1-ae98-b3e4ebb6e300 4287 6549 26058 +edge_14_0_+disjointig_17_30625_32948 16 2260 2323 -1 -1 1354 0.051927
Chain
	Aln	27	+bc740b1f-afef-4d8f-931a-4cfab5d3cafc 207 1280 6836 -edge_14_0_+disjointig_17_30625_32948 1195 2292 2323 -1 -1 716 0.0398755
	Aln	23	+bc740b1f-afef-4d8f-931a-4cfab5d3cafc 1330 2909 6836 -edge_12_0_+disjointig_17_29015_30625 19 1601 1610 -1 -1 1202 0.0308941
	Aln	19	+bc740b1f-afef-4d8f-931a-4cfab5d3cafc 2979 4394 6836 -edge_10_0_+disjointig_17_27543_29015 61 1471 1472 -1 -1 1022 0.0359029
Chain
	Aln	18	-bc740b1f-afef-4d8f-931a-4cfab5d3cafc 2441 3856 6836 +edge_10_0_+disjointig_17_27543_29015 0 1410 1472 -1 -1 1022 0.0359029
	Aln	22	-bc740b1f-afef-4d8f-931a-4cfab5d3cafc 3926 5505 6836 +edge_12_0_+disjointig_17_29015_30625 8 1590 1610 -1 -1 1202 0.0308941
	Aln	26	-bc740b1f-afef-4d8f-931a-4cfab5d3cafc 5555 6628 6836 +edge_14_0_+disjointig_17_30625_32948 30 1127 2323 -1 -1 716 0.0398755
Chain
	Aln	23	+08c6fad9-abd4-4dc3-86ba-8cec48653b53 7728 9534 11433 -edge_12_1_+disjointig_40_4630_6445 12 1814 1815 -1 -1 1560 0.0148329
	Aln	19	+08c6fad9-abd4-4dc3-86ba-8cec48653b53 9574 10839 11433 -edge_10_1_+disjointig_40_3316_4630 39 1313 1314 -1 -1 1051 0.021396
Chain
	Aln	18	-08c6fad9-abd4-4dc3-86ba-8cec48653b53 593 1858 11433 +edge_10_1_+disjointig_40_3316_4630 0 1274 1314 -1 -1 1051 0.021396
	Aln	22	-08c6fad9-abd4-4dc3-86ba-8cec48653b53 1898 3704 11433 +edge_12_1_+disjointig_40_4630_6445 0 1802 1815 -1 -1 1560 0.0148329
Chain
	Aln	189	+5d5c32e4-7bbe-47b4-8bfe-29594fcacb28 263 673 11672 -edge_95_0_+disjointig_8_19501_20073 9 417 572 -1 -1 241 0.0451544
	Aln	190	+5d5c32e4-7bbe-47b4-8bfe-29594fcacb28 1336 2626 11672 +edge_96_1_-disjointig_8_1317_2618 0 1290 1301 -1 -1 1244 0.00342899
	Aln	189	+5d5c32e4-7bbe-47b4-8bfe-29594fcacb28 2647 3209 11672 -edge_95_0_+disjointig_8_19501_20073 9 571 572 -1 -1 559 0
	Aln	190	+5d5c32e4-7bbe-47b4-8bfe-29594fcacb28 3209 4499 11672 +edge_96_0_-disjointig_8_3190_4488 0 1290 1298 -1 -1 1242 0.00647465
Chain
	Aln	199	+5d5c32e4-7bbe-47b4-8bfe-29594fcacb28 4517 11399 11672 -edge_100_0_+disjointig_8_11316_18203 9 6886 6887 -1 -1 5825 0.0171527
Chain
	Aln	198	-5d5c32e4-7bbe-47b4-8bfe-29594fcacb28 272 7154 11672 +edge_100_0_+disjointig_8_11316_18203 0 6877 6887 -1 -1 5825 0.0171527
Chain
	Aln	191	-5d5c32e4-7bbe-47b4-8bfe-29594fcacb28 7172 8462 11672 -edge_96_0_-disjointig_8_3190_4488 7 1297 1298 -1 -1 1242 0.00647465
	Aln	188	-5d5c32e4-7bbe-47b4-8bfe-29594fcacb28 8462 9024 11672 +edge_95_0_+disjointig_8_19501_20073 0 562 572 -1 -1 559 0
	Aln	191	-5d5c32e4-7bbe-47b4-8bfe-29594fcacb28 9045 10335 11672 -edge_96_1_-disjointig_8_1317_2618 10 1300 1301 -1 -1 1244 0.00342899
	Aln	188	-5d5c32e4-7bbe-47b4-8bfe-29594fcacb28 10998 11408 11672 +edge_95_0_+disjointig_8_19501_20073 154 562 572 -1 -1 241 0.0451544
Chain
	Aln	198	+66c77a8d-8e0f-441c-8c86-ceaefa4055df 294 7173 11669 +edge_100_0_+disjointig_8_11316_18203 0 6877 6887 -1 -1 5964 0.0151179
Chain
	Aln	191	+66c77a8d-8e0f-441c-8c86-ceaefa4055df 7191 8482 11669 -edge_96_0_-disjointig_8_3190_4488 7 1297 1298 -1 -1 1271 0.00511636
	Aln	188	+66c77a8d-8e0f-441c-8c86-ceaefa4055df 8482 9045 11669 +edge_95_0_+disjointig_8_19501_20073 0 562 572 -1 -1 551 0.00232409
	Aln	191	+66c77a8d-8e0f-441c-8c86-ceaefa4055df 9066 10351 11669 -edge_96_1_-disjointig_8_1317_2618 10 1300 1301 -1 -1 1240 0.00479386
	Aln	188	+66c77a8d-8e0f-441c-8c86-ceaefa4055df 11015 11425 11669 +edge_95_0_+disjointig_8_19501_20073 154 562 572 -1 -1 241 0.0452984
Chain
	Aln	189	-66c77a8d-8e0f-441c-8c86-ceaefa4055df 243 653 11669 -edge_95_0_+disjointig_8_19501_20073 9 417 572 -1 -1 241 0.0452984
	Aln	190	-66c77a8d-8e0f-441c-8c86-ceaefa4055df 1317 2602 11669 +edge_96_1_-disjointig_8_1317_2618 0 1290 1301 -1 -1 1240 0.00479386
	Aln	189	-66c77a8d-8e0f-441c-8c86-ceaefa4055df 2623 3186 11669 -edge_95_0_+disjointig_8_19501_20073 9 571 572 -1 -1 551 0.00232409
	Aln	190	-66c77a8d-8e0f-441c-8c86-ceaefa4055df 3186 4477 11669 +edge_96_0_-disjointig_8_3190_4488 0 1290 1298 -1 -1 1271 0.00511636
Chain
	Aln	199	-66c77a8d-8e0f-441c-8c86-ceaefa4055df 4495 11374 11669 -edge_100_0_+disjointig_8_11316_18203 9 6886 6887 -1 -1 5964 0.0151179
Chain
	Aln	198	+e31d584f-221e-43a6-a3f3-7d0c8a992dd7 24 949 1509 +edge_100_0_+disjointig_8_11316_18203 5651 6572 6887 -1 -1 530 0.0482924
Chain
	Aln	191	+e31d584f-221e-43a6-a3f3-7d0c8a992dd7 958 1464 1509 -edge_96_0_-disjointig_8_3190_4488 33 537 1298 -1 -1 325 0.052727
Chain
	Aln	190	-e31d584f-221e-43a6-a3f3-7d0c8a992dd7 44 550 1509 +edge_96_0_-disjointig_8_3190_4488 760 1264 1298 -1 -1 325 0.052727
Chain
	Aln	199	-e31d584f-221e-43a6-a3f3-7d0c8a992dd7 559 1484 1509 -edge_100_0_+disjointig_8_11316_18203 314 1235 6887 -1 -1 530 0.0482924
Chain
	Aln	90	+69c54a74-7acf-48a0-b0be-e689ce4ad73c 1785 2928 5530 +edge_46_1_+disjointig_4_3716_7140 2079 3220 3424 -1 -1 391 0.0976805
Chain
	Aln	92	+69c54a74-7acf-48a0-b0be-e689ce4ad73c 3474 5527 5530 +edge_47_0_+disjointig_4_7140_9208 12 2066 2068 -1 -1 1338 0.0393245
Chain
	Aln	93	-69c54a74-7acf-48a0-b0be-e689ce4ad73c 2 2055 5530 -edge_47_0_+disjointig_4_7140_9208 1 2055 2068 -1 -1 1338 0.0393245
Chain
	Aln	91	-69c54a74-7acf-48a0-b0be-e689ce4ad73c 2601 3744 5530 -edge_46_1_+disjointig_4_3716_7140 203 1344 3424 -1 -1 391 0.0976805
Chain
	Aln	182	+4ba771e1-c1f0-44c6-b3de-d00814687235 132 3496 6134 +edge_92_0_-disjointig_8_16838_20340 51 3406 3502 -1 -1 1786 0.0578607
	Aln	181	+4ba771e1-c1f0-44c6-b3de-d00814687235 3599 4836 6134 -edge_91_0_+disjointig_8_1107_2351 5 1243 1244 -1 -1 594 0.0668967
Chain
	Aln	179	+4ba771e1-c1f0-44c6-b3de-d00814687235 4847 5938 6134 -edge_90_0_+disjointig_8_0_1107 10 1103 1107 -1 -1 596 0.0579573
Chain
	Aln	178	-4ba771e1-c1f0-44c6-b3de-d00814687235 195 1286 6134 +edge_90_0_+disjointig_8_0_1107 3 1096 1107 -1 -1 596 0.0579573
Chain
	Aln	180	-4ba771e1-c1f0-44c6-b3de-d00814687235 1297 2534 6134 +edge_91_0_+disjointig_8_1107_2351 0 1238 1244 -1 -1 594 0.0668967
	Aln	183	-4ba771e1-c1f0-44c6-b3de-d00814687235 2637 6001 6134 -edge_92_0_-disjointig_8_16838_20340 95 3450 3502 -1 -1 1786 0.0578607
Chain
	Aln	182	+425ffb21-7f19-44c0-aa20-ec1ba837df2e 68 3436 16220 +edge_92_0_-disjointig_8_16838_20340 107 3468 3502 -1 -1 1475 0.0727141
	Aln	181	+425ffb21-7f19-44c0-aa20-ec1ba837df2e 3509 4701 16220 -edge_91_1_+disjointig_8_5853_7099 38 1231 1246 -1 -1 603 0.0623742
	Aln	182	+425ffb21-7f19-44c0-aa20-ec1ba837df2e 4765 8132 16220 +edge_92_0_-disjointig_8_16838_20340 51 3406 3502 -1 -1 1881 0.0548394
	Aln	181	+425ffb21-7f19-44c0-aa20-ec1ba837df2e 8948 10138 16220 -edge_91_1_+disjointig_8_5853_7099 38 1231 1246 -1 -1 654 0.0542221
	Aln	182	+425ffb21-7f19-44c0-aa20-ec1ba837df2e 10204 13565 16220 +edge_92_0_-disjointig_8_16838_20340 51 3406 3502 -1 -1 1788 0.0580525
	Aln	181	+425ffb21-7f19-44c0-aa20-ec1ba837df2e 13668 14902 16220 -edge_91_0_+disjointig_8_1107_2351 5 1243 1244 -1 -1 603 0.0644623
Chain
	Aln	179	+425ffb21-7f19-44c0-aa20-ec1ba837df2e 14913 16004 16220 -edge_90_0_+disjointig_8_0_1107 10 1103 1107 -1 -1 608 0.0563674
Chain
	Aln	178	-425ffb21-7f19-44c0-aa20-ec1ba837df2e 215 1306 16220 +edge_90_0_+disjointig_8_0_1107 3 1096 1107 -1 -1 608 0.0563674
Chain
	Aln	180	-425ffb21-7f19-44c0-aa20-ec1ba837df2e 1317 2551 16220 +edge_91_0_+disjointig_8_1107_2351 0 1238 1244 -1 -1 603 0.0644623
	Aln	183	-425ffb21-7f19-44c0-aa20-ec1ba837df2e 2654 6015 16220 -edge_92_0_-disjointig_8_16838_20340 95 3450 3502 -1 -1 1788 0.0580525
	Aln	180	-425ffb21-7f19-44c0-aa20-ec1ba837df2e 6081 7271 16220 +edge_91_1_+disjointig_8_5853_7099 14 1207 1246 -1 -1 654 0.0542221
	Aln	183	-425ffb21-7f19-44c0-aa20-ec1ba837df2e 8087 11454 16220 -edge_92_0_-disjointig_8_16838_20340 95 3450 3502 -1 -1 1881 0.0548394
	Aln	180	-425ffb21-7f19-44c0-aa20-ec1ba837df2e 11518 12710 16220 +edge_91_1_+disjointig_8_5853_7099 14 1207 1246 -1 -1 603 0.0623742
	Aln	183	-425ffb21-7f19-44c0-aa20-ec1ba837df2e 12783 16151 16220 -edge_92_0_-disjointig_8_16838_20340 33 3394 3502 -1 -1 1475 0.0727141
Chain
	Aln	65	+7b23f84f-15a9-4449-ba7f-08fef8dec835 171 1707 5674 -edge_33_3_+disjointig_3_8869_10420 9 1550 1551 -1 -1 1359 0.0173731
	Aln	65	+7b23f84f-15a9-4449-ba7f-08fef8dec835 1711 3302 5674 -edge_33_2_+disjointig_3_7268_8869 3 1600 1601 -1 -1 1397 0.0159024
Chain
	Aln	67	+7b23f84f-15a9-4449-ba7f-08fef8dec835 3342 5666 5674 -edge_34_0_+disjointig_3_3309_7268 39 2373 3959 -1 -1 1911 0.024128
Chain
	Aln	66	-7b23f84f-15a9-4449-ba7f-08fef8dec835 7 2331 5674 +edge_34_0_+disjointig_3_3309_7268 1585 3919 3959 -1 -1 1911 0.024128
Chain
	Aln	64	-7b23f84f-15a9-4449-ba7f-08fef8dec835 2371 3962 5674 +edge_33_2_+disjointig_3_7268_8869 0 1597 1601 -1 -1 1397 0.0159024
	Aln	64	-7b23f84f-15a9-4449-ba7f-08fef8dec835 3966 5502 5674 +edge_33_3_+disjointig_3_8869_10420 0 1541 1551 -1 -1 1359 0.0173731
