Chain
	Aln	2	+2c7bf6da-920e-48f9-822c-14d2f313ed36 95 3146 3171 +edge_2_0_+disjointig_10_0_35069 19985 23027 35069 -1 -1 1758 0.0551146
Chain
	Aln	3	-2c7bf6da-920e-48f9-822c-14d2f313ed36 24 3075 3171 -edge_2_0_+disjointig_10_0_35069 12041 15083 35069 -1 -1 1758 0.0551146
Chain
	Aln	3	+ae10c491-f0cf-41d5-a547-3894d6eb0b6e 42 1781 1785 -edge_2_0_+disjointig_10_0_35069 10414 12156 35069 -1 -1 1302 0.0320499
Chain
	Aln	2	-ae10c491-f0cf-41d5-a547-3894d6eb0b6e 3 1742 1785 +edge_2_0_+disjointig_10_0_35069 22912 24654 35069 -1 -1 1302 0.0320499
Chain
	Aln	2	+317c390c-f3ef-4772-8dac-88e81511365a 3794 4952 7991 +edge_2_0_+disjointig_10_0_35069 22996 24166 35069 -1 -1 663 0.0527719
Chain
	Aln	3	-317c390c-f3ef-4772-8dac-88e81511365a 3038 4196 7991 -edge_2_0_+disjointig_10_0_35069 10902 12072 35069 -1 -1 663 0.0527719
Chain
	Aln	69	+60a20fc0-9578-48ba-a35c-a7f80d66da83 2524 7591 7601 -edge_35_0_+disjointig_19_0_5222 8 5074 5222 -1 -1 3862 0.031443
Chain
	Aln	68	-60a20fc0-9578-48ba-a35c-a7f80d66da83 9 5076 7601 +edge_35_0_+disjointig_19_0_5222 147 5213 5222 -1 -1 3862 0.031443
Chain
	Aln	3	+189fb5b4-ec3e-4777-b220-8bdfc67bfd72 52 4015 7531 -edge_2_0_+disjointig_10_0_35069 10199 14269 35069 -1 -1 2242 0.0515286
Chain
	Aln	2	-189fb5b4-ec3e-4777-b220-8bdfc67bfd72 3515 7478 7531 +edge_2_0_+disjointig_10_0_35069 20799 24869 35069 -1 -1 2242 0.0515286
Chain
	Aln	75	+b467bf79-f59a-47db-ae8c-b60e9674051a 8 5538 5540 -edge_38_0_+disjointig_2_0_8429 2892 8427 8429 -1 -1 5355 0.00244821
Chain
	Aln	74	-b467bf79-f59a-47db-ae8c-b60e9674051a 1 5531 5540 +edge_38_0_+disjointig_2_0_8429 1 5536 8429 -1 -1 5355 0.00244821
Chain
	Aln	74	+dd3aaabd-631a-41eb-96ea-a9dd18b6700f 19 8464 8467 +edge_38_0_+disjointig_2_0_8429 1 8427 8429 -1 -1 8052 0.00403251
Chain
	Aln	75	-dd3aaabd-631a-41eb-96ea-a9dd18b6700f 2 8447 8467 -edge_38_0_+disjointig_2_0_8429 1 8427 8429 -1 -1 8052 0.00403251
Chain
	Aln	66	+189c7acf-803b-4c12-b0c3-b5817ceded9b 7808 22076 22087 +edge_34_0_+disjointig_18_0_14178 25 14168 14178 -1 -1 11516 0.0163305
Chain
	Aln	67	-189c7acf-803b-4c12-b0c3-b5817ceded9b 10 14278 22087 -edge_34_0_+disjointig_18_0_14178 9 14152 14178 -1 -1 11516 0.0163305
Chain
	Aln	2	+5b3f1feb-e305-4608-bdb5-e9e5f5322e27 611 1635 1640 +edge_2_0_+disjointig_10_0_35069 23637 24671 35069 -1 -1 650 0.0469038
Chain
	Aln	3	-5b3f1feb-e305-4608-bdb5-e9e5f5322e27 4 1028 1640 -edge_2_0_+disjointig_10_0_35069 10397 11431 35069 -1 -1 650 0.0469038
Chain
	Aln	214	+413a0c2f-eb30-4c66-b1a1-585316fa9ef6 85 3715 3722 +edge_108_0_+disjointig_7_0_3710 53 3682 3710 -1 -1 2330 0.0371065
Chain
	Aln	215	-413a0c2f-eb30-4c66-b1a1-585316fa9ef6 6 3636 3722 -edge_108_0_+disjointig_7_0_3710 27 3656 3710 -1 -1 2330 0.0371065
Chain
	Aln	3	+62f8d2eb-6e40-48db-a0ee-daf4e1c7da83 9 1197 1199 -edge_2_0_+disjointig_10_0_35069 12211 13398 35069 -1 -1 777 0.0452985
Chain
	Aln	2	-62f8d2eb-6e40-48db-a0ee-daf4e1c7da83 1 1189 1199 +edge_2_0_+disjointig_10_0_35069 21670 22857 35069 -1 -1 777 0.0452985
Chain
	Aln	139	+4e175438-bf9a-44aa-8562-72727bd27612 49 4650 4683 -edge_70_0_+disjointig_42_0_4536 48 4502 4536 -1 -1 2314 0.0624237
Chain
	Aln	138	-4e175438-bf9a-44aa-8562-72727bd27612 32 4633 4683 +edge_70_0_+disjointig_42_0_4536 33 4487 4536 -1 -1 2314 0.0624237
Chain
	Aln	3	+e4fae9b9-065f-45af-a218-9bee22ac1df8 23 5247 5353 -edge_2_0_+disjointig_10_0_35069 10449 15716 35069 -1 -1 3528 0.0405514
Chain
	Aln	2	-e4fae9b9-065f-45af-a218-9bee22ac1df8 105 5329 5353 +edge_2_0_+disjointig_10_0_35069 19352 24619 35069 -1 -1 3528 0.0405514
Chain
	Aln	265	+b7d703e9-167d-465f-a274-6602331a719f 40 5350 5356 -edge_133_0_+disjointig_87_0_10343 5027 10337 10343 -1 -1 4055 0.0265944
Chain
	Aln	264	-b7d703e9-167d-465f-a274-6602331a719f 5 5315 5356 +edge_133_0_+disjointig_87_0_10343 5 5315 10343 -1 -1 4055 0.0265944
Chain
	Aln	264	+7558c19f-c6bd-444c-bf7c-9af255dd4849 37 10300 10304 +edge_133_0_+disjointig_87_0_10343 15 10340 10343 -1 -1 8056 0.0208675
Chain
	Aln	265	-7558c19f-c6bd-444c-bf7c-9af255dd4849 3 10266 10304 -edge_133_0_+disjointig_87_0_10343 2 10327 10343 -1 -1 8056 0.0208675
Chain
	Aln	69	+9d899f43-6228-4930-8296-789c63e61ae3 6 1557 1562 -edge_35_0_+disjointig_19_0_5222 2894 4432 5222 -1 -1 1209 0.029628
Chain
	Aln	68	-9d899f43-6228-4930-8296-789c63e61ae3 4 1555 1562 +edge_35_0_+disjointig_19_0_5222 789 2327 5222 -1 -1 1209 0.029628
Chain
	Aln	122	+851e966e-9beb-4a5a-9b72-7055c1f6709d 44 2729 2733 +edge_62_0_+disjointig_35_0_2740 27 2717 2740 -1 -1 2308 0.0163476
Chain
	Aln	123	-851e966e-9beb-4a5a-9b72-7055c1f6709d 3 2688 2733 -edge_62_0_+disjointig_35_0_2740 22 2712 2740 -1 -1 2308 0.0163476
Chain
	Aln	123	+ae9b79b8-0db9-4781-87be-58222f7bf468 12 2717 2743 -edge_62_0_+disjointig_35_0_2740 11 2714 2740 -1 -1 2115 0.0248312
Chain
	Aln	122	-ae9b79b8-0db9-4781-87be-58222f7bf468 25 2730 2743 +edge_62_0_+disjointig_35_0_2740 25 2728 2740 -1 -1 2115 0.0248312
Chain
	Aln	135	+87b25d32-7d6f-4a8a-9ca2-269a414b5bc3 9 414 3797 -edge_68_1_+disjointig_40_961_1474 107 512 513 -1 -1 349 0.0188367
	Aln	135	+87b25d32-7d6f-4a8a-9ca2-269a414b5bc3 381 1079 3797 -edge_68_30_+disjointig_41_12413_13120 8 706 707 -1 -1 634 0.0106657
	Aln	135	+87b25d32-7d6f-4a8a-9ca2-269a414b5bc3 1060 1929 3797 -edge_68_6_+disjointig_40_4545_5436 21 890 891 -1 -1 784 0.0167463
	Aln	135	+87b25d32-7d6f-4a8a-9ca2-269a414b5bc3 1892 2779 3797 -edge_68_6_+disjointig_40_4545_5436 3 890 891 -1 -1 771 0.0170875
	Aln	135	+87b25d32-7d6f-4a8a-9ca2-269a414b5bc3 2760 3629 3797 -edge_68_6_+disjointig_40_4545_5436 21 890 891 -1 -1 802 0.0109763
	Aln	135	+87b25d32-7d6f-4a8a-9ca2-269a414b5bc3 3610 3793 3797 -edge_68_11_+disjointig_40_8063_8650 21 204 587 -1 -1 143 0.0376646
Chain
	Aln	134	-87b25d32-7d6f-4a8a-9ca2-269a414b5bc3 3 186 3797 +edge_68_11_+disjointig_40_8063_8650 382 565 587 -1 -1 143 0.0376646
	Aln	134	-87b25d32-7d6f-4a8a-9ca2-269a414b5bc3 167 1036 3797 +edge_68_6_+disjointig_40_4545_5436 0 869 891 -1 -1 802 0.0109763
	Aln	134	-87b25d32-7d6f-4a8a-9ca2-269a414b5bc3 1017 1904 3797 +edge_68_6_+disjointig_40_4545_5436 0 887 891 -1 -1 771 0.0170875
	Aln	134	-87b25d32-7d6f-4a8a-9ca2-269a414b5bc3 1867 2736 3797 +edge_68_6_+disjointig_40_4545_5436 0 869 891 -1 -1 784 0.0167463
	Aln	134	-87b25d32-7d6f-4a8a-9ca2-269a414b5bc3 2717 3415 3797 +edge_68_30_+disjointig_41_12413_13120 0 698 707 -1 -1 634 0.0106657
	Aln	134	-87b25d32-7d6f-4a8a-9ca2-269a414b5bc3 3382 3787 3797 +edge_68_1_+disjointig_40_961_1474 0 405 513 -1 -1 349 0.0188367
Chain
	Aln	6	+1b05aa78-46a1-42f3-af48-1feb962967e5 67 5537 5539 +edge_4_0_+disjointig_101_0_5562 66 5540 5562 -1 -1 5231 0.00719797
Chain
	Aln	7	-1b05aa78-46a1-42f3-af48-1feb962967e5 1 5471 5539 -edge_4_0_+disjointig_101_0_5562 21 5495 5562 -1 -1 5231 0.00719797
Chain
	Aln	7	+672cd386-f945-43a9-a5f7-516401585fc8 10 5548 5550 -edge_4_0_+disjointig_101_0_5562 9 5560 5562 -1 -1 4664 0.0197481
Chain
	Aln	6	-672cd386-f945-43a9-a5f7-516401585fc8 1 5539 5550 +edge_4_0_+disjointig_101_0_5562 1 5552 5562 -1 -1 4664 0.0197481
Chain
	Aln	282	+d33485a1-6c9d-4f74-8a73-608f70a6dd45 21 5538 5558 +edge_142_0_+disjointig_95_0_5558 3 5520 5558 -1 -1 4364 0.0245126
Chain
	Aln	283	-d33485a1-6c9d-4f74-8a73-608f70a6dd45 19 5536 5558 -edge_142_0_+disjointig_95_0_5558 37 5554 5558 -1 -1 4364 0.0245126
Chain
	Aln	3	+2ca2b1ed-c6b4-4f76-86e9-df9a260a04da 26 1509 1518 -edge_2_0_+disjointig_10_0_35069 11791 13273 35069 -1 -1 1054 0.0369457
Chain
	Aln	2	-2ca2b1ed-c6b4-4f76-86e9-df9a260a04da 8 1491 1518 +edge_2_0_+disjointig_10_0_35069 21795 23277 35069 -1 -1 1054 0.0369457
Chain
	Aln	79	+575a3b05-8c91-46cf-835c-5c6ac6fa8e33 13 2291 2319 -edge_40_0_+disjointig_21_0_2322 12 2295 2322 -1 -1 1681 0.0305484
Chain
	Aln	78	-575a3b05-8c91-46cf-835c-5c6ac6fa8e33 27 2305 2319 +edge_40_0_+disjointig_21_0_2322 26 2309 2322 -1 -1 1681 0.0305484
Chain
	Aln	78	+36f47cd7-299e-4418-931b-c439427d76b4 49 2322 2328 +edge_40_0_+disjointig_21_0_2322 26 2299 2322 -1 -1 2079 0.00808254
Chain
	Aln	79	-36f47cd7-299e-4418-931b-c439427d76b4 5 2278 2328 -edge_40_0_+disjointig_21_0_2322 22 2295 2322 -1 -1 2079 0.00808254
Chain
	Aln	3	+445b0b10-1565-4589-8138-46a2f228be36 29 4556 6098 -edge_2_0_+disjointig_10_0_35069 11374 15888 35069 -1 -1 2722 0.0482772
Chain
	Aln	2	-445b0b10-1565-4589-8138-46a2f228be36 1541 6068 6098 +edge_2_0_+disjointig_10_0_35069 19180 23694 35069 -1 -1 2722 0.0482772
Chain
	Aln	92	+fc1b2900-45bc-4f03-8497-6c7fb2fc2500 70 9394 9398 +edge_47_0_+disjointig_29_0_9266 25 9263 9266 -1 -1 6291 0.0337938
Chain
	Aln	93	-fc1b2900-45bc-4f03-8497-6c7fb2fc2500 3 9327 9398 -edge_47_0_+disjointig_29_0_9266 2 9240 9266 -1 -1 6291 0.0337938
Chain
	Aln	192	+55ef8bfb-ae6f-4300-84cc-788f17eb86f3 55 2163 2170 +edge_97_0_+disjointig_62_0_2167 39 2146 2167 -1 -1 1845 0.0131634
Chain
	Aln	193	-55ef8bfb-ae6f-4300-84cc-788f17eb86f3 6 2114 2170 -edge_97_0_+disjointig_62_0_2167 20 2127 2167 -1 -1 1845 0.0131634
Chain
	Aln	193	+cb620395-9bea-4afa-a922-89c098712cde 8 2202 2204 -edge_97_0_+disjointig_62_0_2167 7 2165 2167 -1 -1 1711 0.0248475
Chain
	Aln	192	-cb620395-9bea-4afa-a922-89c098712cde 1 2195 2204 +edge_97_0_+disjointig_62_0_2167 1 2159 2167 -1 -1 1711 0.0248475
Chain
	Aln	190	+8bb83700-e528-4b6e-b062-cebdfdbc67c6 77 3506 3512 +edge_96_0_+disjointig_61_0_3513 57 3486 3513 -1 -1 2970 0.0165671
Chain
	Aln	191	-8bb83700-e528-4b6e-b062-cebdfdbc67c6 5 3434 3512 -edge_96_0_+disjointig_61_0_3513 26 3455 3513 -1 -1 2970 0.0165671
Chain
	Aln	135	+90b29ac1-33fb-48be-9d97-c2320b92e0c2 30 861 19602 -edge_68_21_+disjointig_40_15298_16148 18 849 850 -1 -1 726 0.0190901
	Aln	135	+90b29ac1-33fb-48be-9d97-c2320b92e0c2 824 1711 19602 -edge_68_6_+disjointig_40_4545_5436 3 890 891 -1 -1 804 0.0161575
	Aln	135	+90b29ac1-33fb-48be-9d97-c2320b92e0c2 1674 2561 19602 -edge_68_6_+disjointig_40_4545_5436 3 890 891 -1 -1 818 0.0141457
	Aln	135	+90b29ac1-33fb-48be-9d97-c2320b92e0c2 2560 3099 19602 -edge_68_18_+disjointig_40_13052_13605 5 544 553 -1 -1 521 0.00594493
	Aln	135	+90b29ac1-33fb-48be-9d97-c2320b92e0c2 3127 3596 19602 -edge_68_1_+disjointig_40_961_1474 43 512 513 -1 -1 461 0.00610921
	Aln	135	+90b29ac1-33fb-48be-9d97-c2320b92e0c2 3563 4259 19602 -edge_68_30_+disjointig_41_12413_13120 8 706 707 -1 -1 643 0.0126551
	Aln	135	+90b29ac1-33fb-48be-9d97-c2320b92e0c2 4269 5109 19602 -edge_68_21_+disjointig_40_15298_16148 9 849 850 -1 -1 716 0.02156
	Aln	135	+90b29ac1-33fb-48be-9d97-c2320b92e0c2 5072 5650 19602 -edge_68_11_+disjointig_40_8063_8650 3 581 587 -1 -1 530 0.0146734
	Aln	135	+90b29ac1-33fb-48be-9d97-c2320b92e0c2 5657 6226 19602 -edge_68_10_+disjointig_40_7389_8063 1 629 674 -1 -1 451 0.0296982
	Aln	135	+90b29ac1-33fb-48be-9d97-c2320b92e0c2 6190 6707 19602 -edge_68_7_+disjointig_40_5436_5962 8 525 526 -1 -1 479 0.0109709
	Aln	135	+90b29ac1-33fb-48be-9d97-c2320b92e0c2 6667 7183 19602 -edge_68_15_+disjointig_40_10667_11186 2 518 519 -1 -1 412 0.0373115
	Aln	135	+90b29ac1-33fb-48be-9d97-c2320b92e0c2 7146 7783 19602 -edge_68_25_+disjointig_41_8828_9487 21 658 659 -1 -1 552 0.018658
	Aln	135	+90b29ac1-33fb-48be-9d97-c2320b92e0c2 7750 8448 19602 -edge_68_30_+disjointig_41_12413_13120 8 706 707 -1 -1 619 0.0128256
	Aln	135	+90b29ac1-33fb-48be-9d97-c2320b92e0c2 8458 9298 19602 -edge_68_21_+disjointig_40_15298_16148 9 849 850 -1 -1 716 0.0214188
	Aln	135	+90b29ac1-33fb-48be-9d97-c2320b92e0c2 9261 10147 19602 -edge_68_6_+disjointig_40_4545_5436 3 890 891 -1 -1 815 0.015177
	Aln	135	+90b29ac1-33fb-48be-9d97-c2320b92e0c2 10110 10693 19602 -edge_68_11_+disjointig_40_8063_8650 3 586 587 -1 -1 532 0.013922
	Aln	135	+90b29ac1-33fb-48be-9d97-c2320b92e0c2 10695 11325 19602 -edge_68_10_+disjointig_40_7389_8063 1 629 674 -1 -1 585 0.0149181
	Aln	135	+90b29ac1-33fb-48be-9d97-c2320b92e0c2 11289 11806 19602 -edge_68_7_+disjointig_40_5436_5962 8 525 526 -1 -1 506 0.00567356
	Aln	135	+90b29ac1-33fb-48be-9d97-c2320b92e0c2 11766 12282 19602 -edge_68_15_+disjointig_40_10667_11186 2 518 519 -1 -1 383 0.0455127
	Aln	135	+90b29ac1-33fb-48be-9d97-c2320b92e0c2 12245 12882 19602 -edge_68_25_+disjointig_41_8828_9487 21 658 659 -1 -1 513 0.0202963
	Aln	135	+90b29ac1-33fb-48be-9d97-c2320b92e0c2 12849 13547 19602 -edge_68_30_+disjointig_41_12413_13120 8 706 707 -1 -1 633 0.0121492
	Aln	135	+90b29ac1-33fb-48be-9d97-c2320b92e0c2 13546 14093 19602 -edge_68_27_+disjointig_41_10167_10720 5 552 553 -1 -1 482 0.0239824
	Aln	135	+90b29ac1-33fb-48be-9d97-c2320b92e0c2 14095 14918 19602 -edge_68_2_+disjointig_40_1474_2299 1 824 825 -1 -1 819 0.00524003
	Aln	135	+90b29ac1-33fb-48be-9d97-c2320b92e0c2 14921 15431 19602 -edge_68_1_+disjointig_40_961_1474 2 512 513 -1 -1 504 0.00427703
	Aln	135	+90b29ac1-33fb-48be-9d97-c2320b92e0c2 15398 16096 19602 -edge_68_30_+disjointig_41_12413_13120 8 706 707 -1 -1 659 0.00872164
	Aln	135	+90b29ac1-33fb-48be-9d97-c2320b92e0c2 16077 16946 19602 -edge_68_6_+disjointig_40_4545_5436 21 890 891 -1 -1 765 0.0153
	Aln	135	+90b29ac1-33fb-48be-9d97-c2320b92e0c2 16909 17796 19602 -edge_68_6_+disjointig_40_4545_5436 3 890 891 -1 -1 805 0.0146259
	Aln	135	+90b29ac1-33fb-48be-9d97-c2320b92e0c2 17777 18341 19602 -edge_68_11_+disjointig_40_8063_8650 21 586 587 -1 -1 449 0.0223451
	Aln	135	+90b29ac1-33fb-48be-9d97-c2320b92e0c2 18339 18834 19602 -edge_68_1_+disjointig_40_961_1474 21 512 513 -1 -1 453 0.0132352
	Aln	135	+90b29ac1-33fb-48be-9d97-c2320b92e0c2 18801 19499 19602 -edge_68_30_+disjointig_41_12413_13120 8 706 707 -1 -1 635 0.0138556
	Aln	135	+90b29ac1-33fb-48be-9d97-c2320b92e0c2 19462 19598 19602 -edge_68_6_+disjointig_40_4545_5436 3 139 891 -1 -1 134 0.0134362
Chain
	Aln	134	-90b29ac1-33fb-48be-9d97-c2320b92e0c2 3 139 19602 +edge_68_6_+disjointig_40_4545_5436 751 887 891 -1 -1 134 0.0134362
	Aln	134	-90b29ac1-33fb-48be-9d97-c2320b92e0c2 102 800 19602 +edge_68_30_+disjointig_41_12413_13120 0 698 707 -1 -1 635 0.0138556
	Aln	134	-90b29ac1-33fb-48be-9d97-c2320b92e0c2 767 1262 19602 +edge_68_1_+disjointig_40_961_1474 0 491 513 -1 -1 453 0.0132352
	Aln	134	-90b29ac1-33fb-48be-9d97-c2320b92e0c2 1260 1824 19602 +edge_68_11_+disjointig_40_8063_8650 0 565 587 -1 -1 449 0.0223451
	Aln	134	-90b29ac1-33fb-48be-9d97-c2320b92e0c2 1805 2692 19602 +edge_68_6_+disjointig_40_4545_5436 0 887 891 -1 -1 805 0.0146259
	Aln	134	-90b29ac1-33fb-48be-9d97-c2320b92e0c2 2655 3524 19602 +edge_68_6_+disjointig_40_4545_5436 0 869 891 -1 -1 765 0.0153
	Aln	134	-90b29ac1-33fb-48be-9d97-c2320b92e0c2 3505 4203 19602 +edge_68_30_+disjointig_41_12413_13120 0 698 707 -1 -1 659 0.00872164
	Aln	134	-90b29ac1-33fb-48be-9d97-c2320b92e0c2 4170 4680 19602 +edge_68_1_+disjointig_40_961_1474 0 510 513 -1 -1 504 0.00427703
	Aln	134	-90b29ac1-33fb-48be-9d97-c2320b92e0c2 4683 5506 19602 +edge_68_2_+disjointig_40_1474_2299 0 823 825 -1 -1 819 0.00524003
	Aln	134	-90b29ac1-33fb-48be-9d97-c2320b92e0c2 5508 6055 19602 +edge_68_27_+disjointig_41_10167_10720 0 547 553 -1 -1 482 0.0239824
	Aln	134	-90b29ac1-33fb-48be-9d97-c2320b92e0c2 6054 6752 19602 +edge_68_30_+disjointig_41_12413_13120 0 698 707 -1 -1 633 0.0121492
	Aln	134	-90b29ac1-33fb-48be-9d97-c2320b92e0c2 6719 7356 19602 +edge_68_25_+disjointig_41_8828_9487 0 637 659 -1 -1 513 0.0202963
	Aln	134	-90b29ac1-33fb-48be-9d97-c2320b92e0c2 7319 7835 19602 +edge_68_15_+disjointig_40_10667_11186 0 516 519 -1 -1 383 0.0455127
	Aln	134	-90b29ac1-33fb-48be-9d97-c2320b92e0c2 7795 8312 19602 +edge_68_7_+disjointig_40_5436_5962 0 517 526 -1 -1 506 0.00567356
	Aln	134	-90b29ac1-33fb-48be-9d97-c2320b92e0c2 8276 8906 19602 +edge_68_10_+disjointig_40_7389_8063 44 672 674 -1 -1 585 0.0149181
	Aln	134	-90b29ac1-33fb-48be-9d97-c2320b92e0c2 8908 9491 19602 +edge_68_11_+disjointig_40_8063_8650 0 583 587 -1 -1 532 0.013922
	Aln	134	-90b29ac1-33fb-48be-9d97-c2320b92e0c2 9454 10340 19602 +edge_68_6_+disjointig_40_4545_5436 0 887 891 -1 -1 815 0.015177
	Aln	134	-90b29ac1-33fb-48be-9d97-c2320b92e0c2 10303 11143 19602 +edge_68_21_+disjointig_40_15298_16148 0 840 850 -1 -1 716 0.0214188
	Aln	134	-90b29ac1-33fb-48be-9d97-c2320b92e0c2 11153 11851 19602 +edge_68_30_+disjointig_41_12413_13120 0 698 707 -1 -1 619 0.0128256
	Aln	134	-90b29ac1-33fb-48be-9d97-c2320b92e0c2 11818 12455 19602 +edge_68_25_+disjointig_41_8828_9487 0 637 659 -1 -1 552 0.018658
	Aln	134	-90b29ac1-33fb-48be-9d97-c2320b92e0c2 12418 12934 19602 +edge_68_15_+disjointig_40_10667_11186 0 516 519 -1 -1 412 0.0373115
	Aln	134	-90b29ac1-33fb-48be-9d97-c2320b92e0c2 12894 13411 19602 +edge_68_7_+disjointig_40_5436_5962 0 517 526 -1 -1 479 0.0109709
	Aln	134	-90b29ac1-33fb-48be-9d97-c2320b92e0c2 13375 13944 19602 +edge_68_10_+disjointig_40_7389_8063 44 672 674 -1 -1 451 0.0296982
	Aln	134	-90b29ac1-33fb-48be-9d97-c2320b92e0c2 13951 14529 19602 +edge_68_11_+disjointig_40_8063_8650 5 583 587 -1 -1 530 0.0146734
	Aln	134	-90b29ac1-33fb-48be-9d97-c2320b92e0c2 14492 15332 19602 +edge_68_21_+disjointig_40_15298_16148 0 840 850 -1 -1 716 0.02156
	Aln	134	-90b29ac1-33fb-48be-9d97-c2320b92e0c2 15342 16038 19602 +edge_68_30_+disjointig_41_12413_13120 0 698 707 -1 -1 643 0.0126551
	Aln	134	-90b29ac1-33fb-48be-9d97-c2320b92e0c2 16005 16474 19602 +edge_68_1_+disjointig_40_961_1474 0 469 513 -1 -1 461 0.00610921
	Aln	134	-90b29ac1-33fb-48be-9d97-c2320b92e0c2 16502 17041 19602 +edge_68_18_+disjointig_40_13052_13605 8 547 553 -1 -1 521 0.00594493
	Aln	134	-90b29ac1-33fb-48be-9d97-c2320b92e0c2 17040 17927 19602 +edge_68_6_+disjointig_40_4545_5436 0 887 891 -1 -1 818 0.0141457
	Aln	134	-90b29ac1-33fb-48be-9d97-c2320b92e0c2 17890 18777 19602 +edge_68_6_+disjointig_40_4545_5436 0 887 891 -1 -1 804 0.0161575
	Aln	134	-90b29ac1-33fb-48be-9d97-c2320b92e0c2 18740 19571 19602 +edge_68_21_+disjointig_40_15298_16148 0 831 850 -1 -1 726 0.0190901
Chain
	Aln	191	+5b01de23-5329-4963-9db5-777cef4cb561 11 3452 3463 -edge_96_0_+disjointig_61_0_3513 10 3502 3513 -1 -1 1995 0.0471784
Chain
	Aln	190	-5b01de23-5329-4963-9db5-777cef4cb561 10 3451 3463 +edge_96_0_+disjointig_61_0_3513 10 3502 3513 -1 -1 1995 0.0471784
Chain
	Aln	68	+144c1dd1-aa3f-4ed9-b5c9-92391cbcfb9f 14 1687 1774 +edge_35_0_+disjointig_19_0_5222 3538 5213 5222 -1 -1 1098 0.0444908
Chain
	Aln	69	-144c1dd1-aa3f-4ed9-b5c9-92391cbcfb9f 86 1759 1774 -edge_35_0_+disjointig_19_0_5222 8 1683 5222 -1 -1 1098 0.0444908
Chain
	Aln	2	+8d7b55d2-c49c-426d-a479-b62952cf2917 24 5549 5891 +edge_2_0_+disjointig_10_0_35069 19568 25087 35069 -1 -1 3105 0.0540144
Chain
	Aln	3	-8d7b55d2-c49c-426d-a479-b62952cf2917 341 5866 5891 -edge_2_0_+disjointig_10_0_35069 9981 15500 35069 -1 -1 3105 0.0540144
Chain
	Aln	93	+31c7a649-e143-4c67-bb17-ad6e78fa9b81 116 5926 5990 -edge_47_0_+disjointig_29_0_9266 3397 9198 9266 -1 -1 4962 0.014941
Chain
	Aln	92	-31c7a649-e143-4c67-bb17-ad6e78fa9b81 63 5873 5990 +edge_47_0_+disjointig_29_0_9266 67 5868 9266 -1 -1 4962 0.014941
Chain
	Aln	247	+b82b6e2a-0a42-4571-bb39-138c117877b0 12 2554 2557 -edge_124_0_+disjointig_79_0_6938 4395 6935 6938 -1 -1 2315 0.00790045
Chain
	Aln	246	-b82b6e2a-0a42-4571-bb39-138c117877b0 2 2544 2557 +edge_124_0_+disjointig_79_0_6938 2 2542 6938 -1 -1 2315 0.00790045
Chain
	Aln	3	+26417445-d442-4cc2-8020-99ff512d0b09 340 5979 12494 -edge_2_0_+disjointig_10_0_35069 10069 15719 35069 -1 -1 3225 0.0545867
Chain
	Aln	2	-26417445-d442-4cc2-8020-99ff512d0b09 6514 12153 12494 +edge_2_0_+disjointig_10_0_35069 19349 24999 35069 -1 -1 3225 0.0545867
Chain
	Aln	68	+11c0ddd8-135d-4c0d-9502-56de8306844d 125 3590 3671 +edge_35_0_+disjointig_19_0_5222 1393 4866 5222 -1 -1 2083 0.0480346
Chain
	Aln	69	-11c0ddd8-135d-4c0d-9502-56de8306844d 80 3545 3671 -edge_35_0_+disjointig_19_0_5222 355 3828 5222 -1 -1 2083 0.0480346
Chain
	Aln	158	+86e7a3ea-87a4-49f7-b975-286c3a500d24 53 624 1976 +edge_80_1_+disjointig_5_10123_11040 347 915 917 -1 -1 375 0.0386501
	Aln	156	+86e7a3ea-87a4-49f7-b975-286c3a500d24 631 1208 1976 +edge_79_8_+disjointig_5_11040_11642 5 582 602 -1 -1 431 0.0369502
	Aln	156	+86e7a3ea-87a4-49f7-b975-286c3a500d24 1346 1874 1976 +edge_79_8_+disjointig_5_11040_11642 41 569 602 -1 -1 376 0.0373588
Chain
	Aln	157	-86e7a3ea-87a4-49f7-b975-286c3a500d24 101 629 1976 -edge_79_8_+disjointig_5_11040_11642 32 560 602 -1 -1 376 0.0373588
	Aln	157	-86e7a3ea-87a4-49f7-b975-286c3a500d24 767 1344 1976 -edge_79_8_+disjointig_5_11040_11642 19 596 602 -1 -1 431 0.0369502
	Aln	159	-86e7a3ea-87a4-49f7-b975-286c3a500d24 1351 1922 1976 -edge_80_1_+disjointig_5_10123_11040 1 569 917 -1 -1 375 0.0386501
Chain
	Aln	2	+9fc99c6e-730e-4e72-85eb-91e64839e81e 6134 19030 19035 +edge_2_0_+disjointig_10_0_35069 22184 35065 35069 -1 -1 10895 0.0105912
Chain
	Aln	3	-9fc99c6e-730e-4e72-85eb-91e64839e81e 4 12900 19035 -edge_2_0_+disjointig_10_0_35069 3 12884 35069 -1 -1 10895 0.0105912
Chain
	Aln	270	+38e025b3-a349-4b11-ba7f-6935881ddf78 181 5324 5344 +edge_136_0_+disjointig_9_0_5226 44 5187 5226 -1 -1 4072 0.0231717
Chain
	Aln	271	-38e025b3-a349-4b11-ba7f-6935881ddf78 19 5162 5344 -edge_136_0_+disjointig_9_0_5226 38 5181 5226 -1 -1 4072 0.0231717
Chain
	Aln	3	+35c93f44-c545-438a-b97c-c21d3de52729 1574 2640 2661 -edge_2_0_+disjointig_10_0_35069 10862 11927 35069 -1 -1 817 0.0300286
Chain
	Aln	2	-35c93f44-c545-438a-b97c-c21d3de52729 20 1086 2661 +edge_2_0_+disjointig_10_0_35069 23141 24206 35069 -1 -1 817 0.0300286
Chain
	Aln	3	+1089cb92-4a23-4920-a7f6-3f8fdf9d8568 423 3081 3102 -edge_2_0_+disjointig_10_0_35069 9915 12578 35069 -1 -1 1589 0.0473904
Chain
	Aln	2	-1089cb92-4a23-4920-a7f6-3f8fdf9d8568 20 2678 3102 +edge_2_0_+disjointig_10_0_35069 22490 25153 35069 -1 -1 1589 0.0473904
Chain
	Aln	157	+80ea9d1f-6785-4957-ae32-34969075c7a4 51 645 6070 -edge_79_9_+disjointig_5_11642_12366 10 604 724 -1 -1 371 0.0532666
	Aln	157	+80ea9d1f-6785-4957-ae32-34969075c7a4 784 1346 6070 -edge_79_8_+disjointig_5_11040_11642 19 596 602 -1 -1 428 0.0361807
	Aln	159	+80ea9d1f-6785-4957-ae32-34969075c7a4 1353 2208 6070 -edge_80_1_+disjointig_5_10123_11040 1 867 917 -1 -1 517 0.0481123
	Aln	157	+80ea9d1f-6785-4957-ae32-34969075c7a4 2309 3168 6070 -edge_79_5_+disjointig_5_7223_8256 54 913 1033 -1 -1 448 0.0685522
	Aln	157	+80ea9d1f-6785-4957-ae32-34969075c7a4 3307 3884 6070 -edge_79_8_+disjointig_5_11040_11642 19 596 602 -1 -1 431 0.0369502
	Aln	159	+80ea9d1f-6785-4957-ae32-34969075c7a4 3891 4759 6070 -edge_80_1_+disjointig_5_10123_11040 1 867 917 -1 -1 507 0.0500329
	Aln	157	+80ea9d1f-6785-4957-ae32-34969075c7a4 4737 5303 6070 -edge_79_6_+disjointig_5_8256_8869 32 598 613 -1 -1 302 0.0616238
	Aln	157	+80ea9d1f-6785-4957-ae32-34969075c7a4 5290 5450 6070 -edge_79_6_+disjointig_5_8256_8869 243 403 613 -1 -1 50 0.131332
	Aln	157	+80ea9d1f-6785-4957-ae32-34969075c7a4 5417 5997 6070 -edge_79_6_+disjointig_5_8256_8869 32 612 613 -1 -1 443 0.0355314
Chain
	Aln	156	-80ea9d1f-6785-4957-ae32-34969075c7a4 72 652 6070 +edge_79_6_+disjointig_5_8256_8869 0 580 613 -1 -1 443 0.0355314
	Aln	156	-80ea9d1f-6785-4957-ae32-34969075c7a4 619 779 6070 +edge_79_6_+disjointig_5_8256_8869 209 369 613 -1 -1 50 0.131332
	Aln	156	-80ea9d1f-6785-4957-ae32-34969075c7a4 766 1332 6070 +edge_79_6_+disjointig_5_8256_8869 14 580 613 -1 -1 302 0.0616238
	Aln	158	-80ea9d1f-6785-4957-ae32-34969075c7a4 1310 2178 6070 +edge_80_1_+disjointig_5_10123_11040 49 915 917 -1 -1 507 0.0500329
	Aln	156	-80ea9d1f-6785-4957-ae32-34969075c7a4 2185 2762 6070 +edge_79_8_+disjointig_5_11040_11642 5 582 602 -1 -1 431 0.0369502
	Aln	156	-80ea9d1f-6785-4957-ae32-34969075c7a4 2901 3760 6070 +edge_79_5_+disjointig_5_7223_8256 119 978 1033 -1 -1 448 0.0685522
	Aln	158	-80ea9d1f-6785-4957-ae32-34969075c7a4 3861 4716 6070 +edge_80_1_+disjointig_5_10123_11040 49 915 917 -1 -1 517 0.0481123
	Aln	156	-80ea9d1f-6785-4957-ae32-34969075c7a4 4723 5285 6070 +edge_79_8_+disjointig_5_11040_11642 5 582 602 -1 -1 428 0.0361807
	Aln	156	-80ea9d1f-6785-4957-ae32-34969075c7a4 5424 6018 6070 +edge_79_9_+disjointig_5_11642_12366 119 713 724 -1 -1 371 0.0532666
Chain
	Aln	9	+b37d2d7a-06f3-44ba-8a38-405699d53364 15 4457 4460 -edge_5_0_+disjointig_102_0_4441 14 4438 4441 -1 -1 2527 0.0481649
Chain
	Aln	8	-b37d2d7a-06f3-44ba-8a38-405699d53364 2 4444 4460 +edge_5_0_+disjointig_102_0_4441 2 4426 4441 -1 -1 2527 0.0481649
Chain
	Aln	8	+26c2731a-da26-40cd-8cbd-7f4029e6d5e8 62 4374 4384 +edge_5_0_+disjointig_102_0_4441 44 4406 4441 -1 -1 2840 0.0345456
Chain
	Aln	9	-26c2731a-da26-40cd-8cbd-7f4029e6d5e8 9 4321 4384 -edge_5_0_+disjointig_102_0_4441 34 4396 4441 -1 -1 2840 0.0345456
Chain
	Aln	222	+19fc69e9-7765-4f09-a3ec-73ee22cac10a 645 6846 6856 +edge_112_0_+disjointig_73_0_6252 1 6243 6252 -1 -1 4054 0.0334324
Chain
	Aln	223	-19fc69e9-7765-4f09-a3ec-73ee22cac10a 9 6210 6856 -edge_112_0_+disjointig_73_0_6252 8 6250 6252 -1 -1 4054 0.0334324
Chain
	Aln	294	+e4250c30-09f0-470e-bf32-561f921bcb30 234 4289 4307 +edge_148_0_+disjointig_19_5222_9979 1 4096 4757 -1 -1 1936 0.0662794
Chain
	Aln	295	-e4250c30-09f0-470e-bf32-561f921bcb30 17 4072 4307 -edge_148_0_+disjointig_19_5222_9979 660 4755 4757 -1 -1 1936 0.0662794
Chain
	Aln	2	+a2010ea8-dca0-45f4-b945-cd615dc56c40 10592 16372 24102 +edge_2_0_+disjointig_10_0_35069 19356 25153 35069 -1 -1 3234 0.0549269
Chain
	Aln	3	-a2010ea8-dca0-45f4-b945-cd615dc56c40 7729 13509 24102 -edge_2_0_+disjointig_10_0_35069 9915 15712 35069 -1 -1 3234 0.0549269
Chain
	Aln	2	+3219bcb2-92fe-46a7-a140-95e266136ab8 54 1175 1192 +edge_2_0_+disjointig_10_0_35069 23474 24593 35069 -1 -1 814 0.0356261
Chain
	Aln	3	-3219bcb2-92fe-46a7-a140-95e266136ab8 16 1137 1192 -edge_2_0_+disjointig_10_0_35069 10475 11594 35069 -1 -1 814 0.0356261
Chain
	Aln	134	+012b0051-fac1-4430-bf27-a5d73bacad32 14 205 10400 +edge_68_11_+disjointig_40_8063_8650 374 565 587 -1 -1 167 0.0306488
	Aln	134	+012b0051-fac1-4430-bf27-a5d73bacad32 186 884 10400 +edge_68_30_+disjointig_41_12413_13120 0 698 707 -1 -1 619 0.0164181
	Aln	134	+012b0051-fac1-4430-bf27-a5d73bacad32 851 1488 10400 +edge_68_25_+disjointig_41_8828_9487 0 637 659 -1 -1 560 0.018751
	Aln	134	+012b0051-fac1-4430-bf27-a5d73bacad32 1465 1967 10400 +edge_68_15_+disjointig_40_10667_11186 14 516 519 -1 -1 411 0.0322204
	Aln	134	+012b0051-fac1-4430-bf27-a5d73bacad32 1927 2444 10400 +edge_68_7_+disjointig_40_5436_5962 0 517 526 -1 -1 502 0.00687857
	Aln	134	+012b0051-fac1-4430-bf27-a5d73bacad32 2413 3038 10400 +edge_68_10_+disjointig_40_7389_8063 49 672 674 -1 -1 583 0.0136679
	Aln	134	+012b0051-fac1-4430-bf27-a5d73bacad32 3058 3623 10400 +edge_68_11_+disjointig_40_8063_8650 18 583 587 -1 -1 460 0.0305908
	Aln	134	+012b0051-fac1-4430-bf27-a5d73bacad32 3586 4284 10400 +edge_68_30_+disjointig_41_12413_13120 0 698 707 -1 -1 659 0.0121492
	Aln	134	+012b0051-fac1-4430-bf27-a5d73bacad32 4251 4742 10400 +edge_68_1_+disjointig_40_961_1474 0 491 513 -1 -1 456 0.00936555
	Aln	134	+012b0051-fac1-4430-bf27-a5d73bacad32 4759 5288 10400 +edge_68_18_+disjointig_40_13052_13605 18 547 553 -1 -1 488 0.0118794
	Aln	134	+012b0051-fac1-4430-bf27-a5d73bacad32 5287 6174 10400 +edge_68_6_+disjointig_40_4545_5436 0 887 891 -1 -1 813 0.0127282
	Aln	134	+012b0051-fac1-4430-bf27-a5d73bacad32 6137 7024 10400 +edge_68_6_+disjointig_40_4545_5436 0 887 891 -1 -1 823 0.0135353
	Aln	134	+012b0051-fac1-4430-bf27-a5d73bacad32 6987 7685 10400 +edge_68_30_+disjointig_41_12413_13120 0 698 707 -1 -1 582 0.0190042
	Aln	134	+012b0051-fac1-4430-bf27-a5d73bacad32 7652 8143 10400 +edge_68_1_+disjointig_40_961_1474 0 491 513 -1 -1 456 0.00936555
	Aln	134	+012b0051-fac1-4430-bf27-a5d73bacad32 8146 8989 10400 +edge_68_33_+disjointig_41_14414_15265 6 849 851 -1 -1 795 0.0115311
	Aln	134	+012b0051-fac1-4430-bf27-a5d73bacad32 8991 9528 10400 +edge_68_34_+disjointig_41_15265_15811 0 536 546 -1 -1 468 0.0236982
	Aln	134	+012b0051-fac1-4430-bf27-a5d73bacad32 9538 10236 10400 +edge_68_30_+disjointig_41_12413_13120 0 698 707 -1 -1 664 0.0091939
	Aln	134	+012b0051-fac1-4430-bf27-a5d73bacad32 10203 10396 10400 +edge_68_25_+disjointig_41_8828_9487 0 193 659 -1 -1 172 0.0259687
Chain
	Aln	135	-012b0051-fac1-4430-bf27-a5d73bacad32 3 196 10400 -edge_68_25_+disjointig_41_8828_9487 465 658 659 -1 -1 172 0.0259687
	Aln	135	-012b0051-fac1-4430-bf27-a5d73bacad32 163 861 10400 -edge_68_30_+disjointig_41_12413_13120 8 706 707 -1 -1 664 0.0091939
	Aln	135	-012b0051-fac1-4430-bf27-a5d73bacad32 871 1408 10400 -edge_68_34_+disjointig_41_15265_15811 9 545 546 -1 -1 468 0.0236982
	Aln	135	-012b0051-fac1-4430-bf27-a5d73bacad32 1410 2253 10400 -edge_68_33_+disjointig_41_14414_15265 1 844 851 -1 -1 795 0.0115311
	Aln	135	-012b0051-fac1-4430-bf27-a5d73bacad32 2256 2747 10400 -edge_68_1_+disjointig_40_961_1474 21 512 513 -1 -1 456 0.00936555
	Aln	135	-012b0051-fac1-4430-bf27-a5d73bacad32 2714 3412 10400 -edge_68_30_+disjointig_41_12413_13120 8 706 707 -1 -1 582 0.0190042
	Aln	135	-012b0051-fac1-4430-bf27-a5d73bacad32 3375 4262 10400 -edge_68_6_+disjointig_40_4545_5436 3 890 891 -1 -1 823 0.0135353
	Aln	135	-012b0051-fac1-4430-bf27-a5d73bacad32 4225 5112 10400 -edge_68_6_+disjointig_40_4545_5436 3 890 891 -1 -1 813 0.0127282
	Aln	135	-012b0051-fac1-4430-bf27-a5d73bacad32 5111 5640 10400 -edge_68_18_+disjointig_40_13052_13605 5 534 553 -1 -1 488 0.0118794
	Aln	135	-012b0051-fac1-4430-bf27-a5d73bacad32 5657 6148 10400 -edge_68_1_+disjointig_40_961_1474 21 512 513 -1 -1 456 0.00936555
	Aln	135	-012b0051-fac1-4430-bf27-a5d73bacad32 6115 6813 10400 -edge_68_30_+disjointig_41_12413_13120 8 706 707 -1 -1 659 0.0121492
	Aln	135	-012b0051-fac1-4430-bf27-a5d73bacad32 6776 7341 10400 -edge_68_11_+disjointig_40_8063_8650 3 568 587 -1 -1 460 0.0305908
	Aln	135	-012b0051-fac1-4430-bf27-a5d73bacad32 7361 7986 10400 -edge_68_10_+disjointig_40_7389_8063 1 624 674 -1 -1 583 0.0136679
	Aln	135	-012b0051-fac1-4430-bf27-a5d73bacad32 7955 8472 10400 -edge_68_7_+disjointig_40_5436_5962 8 525 526 -1 -1 502 0.00687857
	Aln	135	-012b0051-fac1-4430-bf27-a5d73bacad32 8432 8934 10400 -edge_68_15_+disjointig_40_10667_11186 2 504 519 -1 -1 411 0.0322204
	Aln	135	-012b0051-fac1-4430-bf27-a5d73bacad32 8911 9548 10400 -edge_68_25_+disjointig_41_8828_9487 21 658 659 -1 -1 560 0.018751
	Aln	135	-012b0051-fac1-4430-bf27-a5d73bacad32 9515 10213 10400 -edge_68_30_+disjointig_41_12413_13120 8 706 707 -1 -1 619 0.0164181
	Aln	135	-012b0051-fac1-4430-bf27-a5d73bacad32 10194 10385 10400 -edge_68_11_+disjointig_40_8063_8650 21 212 587 -1 -1 167 0.0306488
Chain
	Aln	49	+6ef94712-ae82-4d62-a1ef-db6d008eaec9 12 3606 3608 -edge_25_0_+disjointig_120_0_5726 11 3596 5726 -1 -1 2720 0.0265917
Chain
	Aln	48	-6ef94712-ae82-4d62-a1ef-db6d008eaec9 1 3595 3608 +edge_25_0_+disjointig_120_0_5726 2129 5714 5726 -1 -1 2720 0.0265917
Chain
	Aln	225	+5e04c9b4-2343-4447-8278-aba729c22a0d 4 2192 2335 -edge_113_0_+disjointig_74_0_10335 4556 6664 10335 -1 -1 1463 0.0335741
Chain
	Aln	224	-5e04c9b4-2343-4447-8278-aba729c22a0d 142 2330 2335 +edge_113_0_+disjointig_74_0_10335 3670 5778 10335 -1 -1 1463 0.0335741
Chain
	Aln	3	+45cb6a17-bf2c-441d-a9ff-3f53ee9e08da 24 1371 1444 -edge_2_0_+disjointig_10_0_35069 10199 11550 35069 -1 -1 1016 0.0282158
Chain
	Aln	2	-45cb6a17-bf2c-441d-a9ff-3f53ee9e08da 72 1419 1444 +edge_2_0_+disjointig_10_0_35069 23518 24869 35069 -1 -1 1016 0.0282158
Chain
	Aln	267	+8d491a2c-d734-4e35-b739-e0845a012d3f 14 12213 12232 -edge_134_0_+disjointig_88_0_26283 13 12385 26283 -1 -1 10530 0.0137758
Chain
	Aln	266	-8d491a2c-d734-4e35-b739-e0845a012d3f 18 12217 12232 +edge_134_0_+disjointig_88_0_26283 13897 26269 26283 -1 -1 10530 0.0137758
Chain
	Aln	224	+642706db-1d0a-4f48-bf27-e34f00b72b6e 6 5827 5857 +edge_113_0_+disjointig_74_0_10335 6 5735 10335 -1 -1 4464 0.0219118
Chain
	Aln	225	-642706db-1d0a-4f48-bf27-e34f00b72b6e 29 5850 5857 -edge_113_0_+disjointig_74_0_10335 4599 10328 10335 -1 -1 4464 0.0219118
Chain
	Aln	266	+be895480-0418-40b2-81a2-7d0e35f38954 1 1172 1179 +edge_134_0_+disjointig_88_0_26283 24565 25736 26283 -1 -1 1058 0.0133992
Chain
	Aln	267	-be895480-0418-40b2-81a2-7d0e35f38954 6 1177 1179 -edge_134_0_+disjointig_88_0_26283 546 1717 26283 -1 -1 1058 0.0133992
Chain
	Aln	2	+5d0a1f34-8cf5-4fe2-8ae8-0df2cd614c27 12493 13590 14286 +edge_2_0_+disjointig_10_0_35069 24055 25153 35069 -1 -1 711 0.0456736
Chain
	Aln	3	-5d0a1f34-8cf5-4fe2-8ae8-0df2cd614c27 695 1792 14286 -edge_2_0_+disjointig_10_0_35069 9915 11013 35069 -1 -1 711 0.0456736
Chain
	Aln	102	+0d9cfa69-5dda-4094-9539-4e6457f48e35 4 995 1876 +edge_52_0_-disjointig_3_10297_12171 878 1870 1874 -1 -1 863 0.0156922
	Aln	97	+0d9cfa69-5dda-4094-9539-4e6457f48e35 1004 1870 1876 -edge_49_0_+disjointig_3_529_1824 4 870 1295 -1 -1 844 0.00658629
Chain
	Aln	96	-0d9cfa69-5dda-4094-9539-4e6457f48e35 5 871 1876 +edge_49_0_+disjointig_3_529_1824 424 1290 1295 -1 -1 844 0.00658629
	Aln	103	-0d9cfa69-5dda-4094-9539-4e6457f48e35 880 1871 1876 -edge_52_0_-disjointig_3_10297_12171 3 995 1874 -1 -1 863 0.0156922
Chain
	Aln	0	+66cf2677-b961-4404-b8d6-987b21394bd4 1 7930 7933 +edge_1_0_+disjointig_1_0_7746 1 7724 7746 -1 -1 5684 0.0238036
Chain
	Aln	1	-66cf2677-b961-4404-b8d6-987b21394bd4 2 7931 7933 -edge_1_0_+disjointig_1_0_7746 21 7744 7746 -1 -1 5684 0.0238036
Chain
	Aln	1	+e419a3bb-afc1-476e-b54a-df99a6d69a17 17 3943 3951 -edge_1_0_+disjointig_1_0_7746 16 3809 7746 -1 -1 2305 0.0459292
Chain
	Aln	0	-e419a3bb-afc1-476e-b54a-df99a6d69a17 7 3933 3951 +edge_1_0_+disjointig_1_0_7746 3936 7729 7746 -1 -1 2305 0.0459292
Chain
	Aln	2	+7b754d4e-408b-45d3-beb3-7f71da7ffff7 7 2015 2035 +edge_2_0_+disjointig_10_0_35069 21887 23894 35069 -1 -1 1512 0.0305069
Chain
	Aln	3	-7b754d4e-408b-45d3-beb3-7f71da7ffff7 19 2027 2035 -edge_2_0_+disjointig_10_0_35069 11174 13181 35069 -1 -1 1512 0.0305069
Chain
	Aln	2	+59e459c8-2bf5-40ba-b7fa-5c03a884a73a 38 1418 1424 +edge_2_0_+disjointig_10_0_35069 21864 23250 35069 -1 -1 993 0.0342317
Chain
	Aln	3	-59e459c8-2bf5-40ba-b7fa-5c03a884a73a 5 1385 1424 -edge_2_0_+disjointig_10_0_35069 11818 13204 35069 -1 -1 993 0.0342317
Chain
	Aln	24	+a1bef64e-10c8-4b13-bbb7-db4fb1781b8c 18 2210 2219 +edge_13_0_+disjointig_11_0_2231 3 2199 2231 -1 -1 1952 0.0112262
Chain
	Aln	25	-a1bef64e-10c8-4b13-bbb7-db4fb1781b8c 8 2200 2219 -edge_13_0_+disjointig_11_0_2231 31 2227 2231 -1 -1 1952 0.0112262
Chain
	Aln	25	+883bdf88-766d-4937-b767-feccde477fde 14 2247 2251 -edge_13_0_+disjointig_11_0_2231 13 2227 2231 -1 -1 1834 0.0231902
Chain
	Aln	24	-883bdf88-766d-4937-b767-feccde477fde 3 2236 2251 +edge_13_0_+disjointig_11_0_2231 3 2217 2231 -1 -1 1834 0.0231902
Chain
	Aln	67	+726a5e51-b73f-4af1-9c08-4f783d0feeaa 25 3808 3813 -edge_34_0_+disjointig_18_0_14178 10395 14173 14178 -1 -1 3060 0.0210374
Chain
	Aln	66	-726a5e51-b73f-4af1-9c08-4f783d0feeaa 4 3787 3813 +edge_34_0_+disjointig_18_0_14178 4 3782 14178 -1 -1 3060 0.0210374
Chain
	Aln	42	+a9a29c59-ba33-4d47-8951-6a9388315b0e 6 1938 1945 +edge_22_0_+disjointig_118_0_2344 391 2320 2344 -1 -1 1826 0.00356369
Chain
	Aln	43	-a9a29c59-ba33-4d47-8951-6a9388315b0e 6 1938 1945 -edge_22_0_+disjointig_118_0_2344 23 1952 2344 -1 -1 1826 0.00356369
Chain
	Aln	4	+cfd3f7d1-55e6-4b99-9c21-3867b56eaeb2 22 2509 2514 +edge_3_0_+disjointig_100_0_2512 2 2489 2512 -1 -1 2199 0.0154097
Chain
	Aln	5	-cfd3f7d1-55e6-4b99-9c21-3867b56eaeb2 4 2491 2514 -edge_3_0_+disjointig_100_0_2512 22 2509 2512 -1 -1 2199 0.0154097
Chain
	Aln	5	+0567a21b-b041-4457-b218-373ed234f43f 9 2482 2485 -edge_3_0_+disjointig_100_0_2512 8 2509 2512 -1 -1 1494 0.0453874
Chain
	Aln	4	-0567a21b-b041-4457-b218-373ed234f43f 2 2475 2485 +edge_3_0_+disjointig_100_0_2512 2 2503 2512 -1 -1 1494 0.0453874
Chain
	Aln	68	+332c7db5-86f2-4de7-bcf8-78c867ec6371 5 2589 2593 +edge_35_0_+disjointig_19_0_5222 194 2764 5222 -1 -1 2022 0.0288354
Chain
	Aln	69	-332c7db5-86f2-4de7-bcf8-78c867ec6371 3 2587 2593 -edge_35_0_+disjointig_19_0_5222 2457 5027 5222 -1 -1 2022 0.0288354
Chain
	Aln	3	+cf8562f6-79ca-427f-b134-1b599fab8685 4 1134 1138 -edge_2_0_+disjointig_10_0_35069 10400 11537 35069 -1 -1 814 0.0317929
Chain
	Aln	2	-cf8562f6-79ca-427f-b134-1b599fab8685 3 1133 1138 +edge_2_0_+disjointig_10_0_35069 23531 24668 35069 -1 -1 814 0.0317929
Chain
	Aln	2	+f46b23ed-6e24-4c06-81c1-93069a24d4b4 1 22522 22541 +edge_2_0_+disjointig_10_0_35069 1 22406 35069 -1 -1 19023 0.0122428
Chain
	Aln	3	-f46b23ed-6e24-4c06-81c1-93069a24d4b4 18 22539 22541 -edge_2_0_+disjointig_10_0_35069 12662 35067 35069 -1 -1 19023 0.0122428
Chain
	Aln	43	+3ce812f8-2176-4e1a-95fe-fef2cde164c6 23 2337 2340 -edge_22_0_+disjointig_118_0_2344 23 2341 2344 -1 -1 2053 0.0102188
Chain
	Aln	42	-3ce812f8-2176-4e1a-95fe-fef2cde164c6 2 2316 2340 +edge_22_0_+disjointig_118_0_2344 2 2320 2344 -1 -1 2053 0.0102188
Chain
	Aln	3	+25320e7f-ee73-41b9-bc39-b12afe0ceacf 9 2191 2197 -edge_2_0_+disjointig_10_0_35069 11534 13720 35069 -1 -1 1566 0.0389141
Chain
	Aln	2	-25320e7f-ee73-41b9-bc39-b12afe0ceacf 5 2187 2197 +edge_2_0_+disjointig_10_0_35069 21348 23534 35069 -1 -1 1566 0.0389141
Chain
	Aln	2	+02b1e7fe-42de-406d-b486-05546a37d425 6 1291 1303 +edge_2_0_+disjointig_10_0_35069 21586 22872 35069 -1 -1 943 0.0324415
Chain
	Aln	3	-02b1e7fe-42de-406d-b486-05546a37d425 11 1296 1303 -edge_2_0_+disjointig_10_0_35069 12196 13482 35069 -1 -1 943 0.0324415
Chain
	Aln	158	+7dd05245-ee77-405b-a833-456cc21e87ce 17 585 2792 +edge_80_1_+disjointig_5_10123_11040 350 915 917 -1 -1 372 0.0372153
	Aln	156	+7dd05245-ee77-405b-a833-456cc21e87ce 592 1168 2792 +edge_79_8_+disjointig_5_11040_11642 5 582 602 -1 -1 439 0.0348109
	Aln	156	+7dd05245-ee77-405b-a833-456cc21e87ce 1307 1836 2792 +edge_79_8_+disjointig_5_11040_11642 41 569 602 -1 -1 419 0.029504
	Aln	156	+7dd05245-ee77-405b-a833-456cc21e87ce 1999 2516 2792 +edge_79_8_+disjointig_5_11040_11642 52 569 602 -1 -1 439 0.0291878
	Aln	156	+7dd05245-ee77-405b-a833-456cc21e87ce 2469 2684 2792 +edge_79_1_+disjointig_5_3174_3773 65 280 599 -1 -1 75 0.108226
Chain
	Aln	157	-7dd05245-ee77-405b-a833-456cc21e87ce 107 322 2792 -edge_79_1_+disjointig_5_3174_3773 318 533 599 -1 -1 75 0.108226
	Aln	157	-7dd05245-ee77-405b-a833-456cc21e87ce 275 792 2792 -edge_79_8_+disjointig_5_11040_11642 32 549 602 -1 -1 439 0.0291878
	Aln	157	-7dd05245-ee77-405b-a833-456cc21e87ce 955 1484 2792 -edge_79_8_+disjointig_5_11040_11642 32 560 602 -1 -1 419 0.029504
	Aln	157	-7dd05245-ee77-405b-a833-456cc21e87ce 1623 2199 2792 -edge_79_8_+disjointig_5_11040_11642 19 596 602 -1 -1 439 0.0348109
	Aln	159	-7dd05245-ee77-405b-a833-456cc21e87ce 2206 2774 2792 -edge_80_1_+disjointig_5_10123_11040 1 566 917 -1 -1 372 0.0372153
Chain
	Aln	3	+7fcb1df9-0d40-4cb5-a8c7-7acbc0a48d18 16 1968 2023 -edge_2_0_+disjointig_10_0_35069 11378 13332 35069 -1 -1 1325 0.0442813
Chain
	Aln	2	-7fcb1df9-0d40-4cb5-a8c7-7acbc0a48d18 54 2006 2023 +edge_2_0_+disjointig_10_0_35069 21736 23690 35069 -1 -1 1325 0.0442813
Chain
	Aln	3	+34942ba0-5452-431c-9585-92157272b244 8962 10415 10418 -edge_2_0_+disjointig_10_0_35069 9893 11346 35069 -1 -1 958 0.0396235
Chain
	Aln	2	-34942ba0-5452-431c-9585-92157272b244 2 1455 10418 +edge_2_0_+disjointig_10_0_35069 23722 25175 35069 -1 -1 958 0.0396235
Chain
	Aln	259	+24874640-dbfc-4805-ba41-40c86e5c43d8 336 1657 2479 -edge_130_0_+disjointig_84_0_16176 12578 13887 16176 -1 -1 645 0.0642183
Chain
	Aln	258	-24874640-dbfc-4805-ba41-40c86e5c43d8 821 2142 2479 +edge_130_0_+disjointig_84_0_16176 2288 3597 16176 -1 -1 645 0.0642183
Chain
	Aln	2	+e9aeb85b-d226-4016-a19b-df12c19da943 3305 5398 5876 +edge_2_0_+disjointig_10_0_35069 23061 25153 35069 -1 -1 1491 0.0346265
Chain
	Aln	3	-e9aeb85b-d226-4016-a19b-df12c19da943 477 2570 5876 -edge_2_0_+disjointig_10_0_35069 9915 12007 35069 -1 -1 1491 0.0346265
Chain
	Aln	3	+8b0cc009-ba5e-4df0-95bd-aeff276c2f42 32 5522 7916 -edge_2_0_+disjointig_10_0_35069 10289 15866 35069 -1 -1 3326 0.0439155
Chain
	Aln	2	-8b0cc009-ba5e-4df0-95bd-aeff276c2f42 2393 7883 7916 +edge_2_0_+disjointig_10_0_35069 19202 24779 35069 -1 -1 3326 0.0439155
Chain
	Aln	263	+828854e0-f907-408b-9d34-3769e6361600 49 3809 3952 -edge_132_0_+disjointig_86_0_7875 48 3823 7875 -1 -1 1931 0.0628678
Chain
	Aln	262	-828854e0-f907-408b-9d34-3769e6361600 142 3902 3952 +edge_132_0_+disjointig_86_0_7875 4051 7826 7875 -1 -1 1931 0.0628678
Chain
	Aln	69	+ffd1fb07-9f92-4957-92c7-9154063f8138 13 3817 3841 -edge_35_0_+disjointig_19_0_5222 555 4347 5222 -1 -1 2369 0.0457325
Chain
	Aln	68	-ffd1fb07-9f92-4957-92c7-9154063f8138 23 3827 3841 +edge_35_0_+disjointig_19_0_5222 874 4666 5222 -1 -1 2369 0.0457325
Chain
	Aln	137	+73295263-4480-4c83-8c00-8c86b0d13269 4 1319 1323 -edge_69_0_-disjointig_41_9663_16671 2890 4199 7008 -1 -1 1084 0.0224471
Chain
	Aln	136	-73295263-4480-4c83-8c00-8c86b0d13269 3 1318 1323 +edge_69_0_-disjointig_41_9663_16671 2808 4117 7008 -1 -1 1084 0.0224471
Chain
	Aln	2	+415bae8a-903f-43af-a767-6c14e8a1993f 28 4174 4791 +edge_2_0_+disjointig_10_0_35069 20281 24426 35069 -1 -1 2853 0.0356458
Chain
	Aln	3	-415bae8a-903f-43af-a767-6c14e8a1993f 616 4762 4791 -edge_2_0_+disjointig_10_0_35069 10642 14787 35069 -1 -1 2853 0.0356458
Chain
	Aln	173	+cf904ef1-282f-4134-bf8c-2f8fa738c7f7 14 2256 2277 -edge_87_0_+disjointig_56_0_2270 13 2245 2270 -1 -1 1944 0.0182333
Chain
	Aln	172	-cf904ef1-282f-4134-bf8c-2f8fa738c7f7 20 2262 2277 +edge_87_0_+disjointig_56_0_2270 24 2256 2270 -1 -1 1944 0.0182333
Chain
	Aln	2	+63fbac5d-eabf-410f-be44-2124c21ae8ad 683 1842 3314 +edge_2_0_+disjointig_10_0_35069 23928 25087 35069 -1 -1 619 0.0508482
Chain
	Aln	3	-63fbac5d-eabf-410f-be44-2124c21ae8ad 1471 2630 3314 -edge_2_0_+disjointig_10_0_35069 9981 11140 35069 -1 -1 619 0.0508482
Chain
	Aln	2	+85789152-6440-4a96-b02e-35a5f45758b4 6055 7873 14480 +edge_2_0_+disjointig_10_0_35069 23385 25225 35069 -1 -1 953 0.0616238
Chain
	Aln	3	+85789152-6440-4a96-b02e-35a5f45758b4 10226 12044 14480 -edge_2_0_+disjointig_10_0_35069 9843 11683 35069 -1 -1 945 0.0621375
Chain
	Aln	3	-85789152-6440-4a96-b02e-35a5f45758b4 6606 8424 14480 -edge_2_0_+disjointig_10_0_35069 9843 11683 35069 -1 -1 953 0.0616238
Chain
	Aln	2	-85789152-6440-4a96-b02e-35a5f45758b4 2435 4253 14480 +edge_2_0_+disjointig_10_0_35069 23385 25225 35069 -1 -1 945 0.0621375
Chain
	Aln	3	+5f99efea-a46d-4b66-875e-4c8615b21603 1481 2640 3286 -edge_2_0_+disjointig_10_0_35069 9981 11140 35069 -1 -1 611 0.0529124
Chain
	Aln	2	-5f99efea-a46d-4b66-875e-4c8615b21603 645 1804 3286 +edge_2_0_+disjointig_10_0_35069 23928 25087 35069 -1 -1 611 0.0529124
Chain
	Aln	12	+947eec0e-f357-4d9c-b81d-d12cac2b2e19 1 4646 5125 +edge_7_0_+disjointig_104_0_5209 1 4623 5209 -1 -1 4233 0.0055333
Chain
	Aln	13	-947eec0e-f357-4d9c-b81d-d12cac2b2e19 478 5123 5125 -edge_7_0_+disjointig_104_0_5209 585 5207 5209 -1 -1 4233 0.0055333
Chain
	Aln	210	+e1a46810-943b-41ad-8d8f-6e09c2521213 50 4465 4473 +edge_106_0_+disjointig_68_0_4466 27 4438 4466 -1 -1 3986 0.0111335
Chain
	Aln	211	-e1a46810-943b-41ad-8d8f-6e09c2521213 7 4422 4473 -edge_106_0_+disjointig_68_0_4466 27 4438 4466 -1 -1 3986 0.0111335
Chain
	Aln	211	+2e9cd774-c373-4ce5-894d-3ee19b6d5381 14 4425 4427 -edge_106_0_+disjointig_68_0_4466 13 4464 4466 -1 -1 3108 0.0321676
Chain
	Aln	210	-2e9cd774-c373-4ce5-894d-3ee19b6d5381 1 4412 4427 +edge_106_0_+disjointig_68_0_4466 1 4452 4466 -1 -1 3108 0.0321676
Chain
	Aln	204	+f2990463-76d8-46ae-b20d-c829da1f5973 7 10263 10269 +edge_103_0_+disjointig_65_0_11547 1341 11542 11547 -1 -1 8379 0.0185654
Chain
	Aln	205	-f2990463-76d8-46ae-b20d-c829da1f5973 5 10261 10269 -edge_103_0_+disjointig_65_0_11547 4 10205 11547 -1 -1 8379 0.0185654
Chain
	Aln	3	+761551ce-fa54-49c1-9b08-0555c9a554c6 4818 5986 13569 -edge_2_0_+disjointig_10_0_35069 10491 11663 35069 -1 -1 785 0.0421476
Chain
	Aln	2	-761551ce-fa54-49c1-9b08-0555c9a554c6 7582 8750 13569 +edge_2_0_+disjointig_10_0_35069 23405 24577 35069 -1 -1 785 0.0421476
Chain
	Aln	3	+ec61b28c-958c-45eb-b90f-2221d4c13b6e 41 3424 3480 -edge_2_0_+disjointig_10_0_35069 11686 15074 35069 -1 -1 1922 0.0530442
Chain
	Aln	2	-ec61b28c-958c-45eb-b90f-2221d4c13b6e 55 3438 3480 +edge_2_0_+disjointig_10_0_35069 19994 23382 35069 -1 -1 1922 0.0530442
Chain
	Aln	134	+941b2715-537c-4bdd-a9fd-2878a518f5ae 13 131 5812 +edge_68_30_+disjointig_41_12413_13120 580 698 707 -1 -1 108 0.0188562
	Aln	134	+941b2715-537c-4bdd-a9fd-2878a518f5ae 140 815 5812 +edge_68_31_+disjointig_41_13120_13828 0 681 708 -1 -1 598 0.0172281
	Aln	134	+941b2715-537c-4bdd-a9fd-2878a518f5ae 773 1428 5812 +edge_68_26_+disjointig_41_9487_10167 22 678 680 -1 -1 553 0.0252867
	Aln	134	+941b2715-537c-4bdd-a9fd-2878a518f5ae 1430 2013 5812 +edge_68_11_+disjointig_40_8063_8650 0 583 587 -1 -1 500 0.0217752
	Aln	134	+941b2715-537c-4bdd-a9fd-2878a518f5ae 1976 2863 5812 +edge_68_6_+disjointig_40_4545_5436 0 887 891 -1 -1 834 0.0121962
	Aln	134	+941b2715-537c-4bdd-a9fd-2878a518f5ae 2826 3523 5812 +edge_68_30_+disjointig_41_12413_13120 0 698 707 -1 -1 636 0.0134228
	Aln	134	+941b2715-537c-4bdd-a9fd-2878a518f5ae 3490 3981 5812 +edge_68_1_+disjointig_40_961_1474 0 491 513 -1 -1 404 0.0220633
	Aln	134	+941b2715-537c-4bdd-a9fd-2878a518f5ae 3979 4527 5812 +edge_68_18_+disjointig_40_13052_13605 0 547 553 -1 -1 494 0.0123456
	Aln	134	+941b2715-537c-4bdd-a9fd-2878a518f5ae 4552 5223 5812 +edge_68_30_+disjointig_41_12413_13120 26 698 707 -1 -1 567 0.0193611
	Aln	134	+941b2715-537c-4bdd-a9fd-2878a518f5ae 5190 5680 5812 +edge_68_1_+disjointig_40_961_1474 0 491 513 -1 -1 376 0.0289993
	Aln	134	+941b2715-537c-4bdd-a9fd-2878a518f5ae 5677 5805 5812 +edge_68_33_+disjointig_41_14414_15265 0 128 851 -1 -1 128 0.00772432
Chain
	Aln	135	-941b2715-537c-4bdd-a9fd-2878a518f5ae 6 134 5812 -edge_68_33_+disjointig_41_14414_15265 722 850 851 -1 -1 128 0.00772432
	Aln	135	-941b2715-537c-4bdd-a9fd-2878a518f5ae 131 621 5812 -edge_68_1_+disjointig_40_961_1474 21 512 513 -1 -1 376 0.0289993
	Aln	135	-941b2715-537c-4bdd-a9fd-2878a518f5ae 588 1259 5812 -edge_68_30_+disjointig_41_12413_13120 8 680 707 -1 -1 567 0.0193611
	Aln	135	-941b2715-537c-4bdd-a9fd-2878a518f5ae 1284 1832 5812 -edge_68_18_+disjointig_40_13052_13605 5 552 553 -1 -1 494 0.0123456
	Aln	135	-941b2715-537c-4bdd-a9fd-2878a518f5ae 1830 2321 5812 -edge_68_1_+disjointig_40_961_1474 21 512 513 -1 -1 404 0.0220633
	Aln	135	-941b2715-537c-4bdd-a9fd-2878a518f5ae 2288 2985 5812 -edge_68_30_+disjointig_41_12413_13120 8 706 707 -1 -1 636 0.0134228
	Aln	135	-941b2715-537c-4bdd-a9fd-2878a518f5ae 2948 3835 5812 -edge_68_6_+disjointig_40_4545_5436 3 890 891 -1 -1 834 0.0121962
	Aln	135	-941b2715-537c-4bdd-a9fd-2878a518f5ae 3798 4381 5812 -edge_68_11_+disjointig_40_8063_8650 3 586 587 -1 -1 500 0.0217752
	Aln	135	-941b2715-537c-4bdd-a9fd-2878a518f5ae 4383 5038 5812 -edge_68_26_+disjointig_41_9487_10167 1 657 680 -1 -1 553 0.0252867
	Aln	135	-941b2715-537c-4bdd-a9fd-2878a518f5ae 4996 5671 5812 -edge_68_31_+disjointig_41_13120_13828 26 707 708 -1 -1 598 0.0172281
	Aln	135	-941b2715-537c-4bdd-a9fd-2878a518f5ae 5680 5798 5812 -edge_68_30_+disjointig_41_12413_13120 8 126 707 -1 -1 108 0.0188562
Chain
	Aln	213	+c9bb913d-0b4e-4ce8-b30e-c977a3b2f1d8 27 3029 3031 -edge_107_0_+disjointig_69_0_2998 22 2996 2998 -1 -1 2554 0.0159284
Chain
	Aln	212	-c9bb913d-0b4e-4ce8-b30e-c977a3b2f1d8 1 3003 3031 +edge_107_0_+disjointig_69_0_2998 1 2975 2998 -1 -1 2554 0.0159284
Chain
	Aln	2	+cca59bad-aade-4e36-9922-c7f7bc940dcc 2133 8177 13592 +edge_2_0_+disjointig_10_0_35069 19186 25269 35069 -1 -1 3566 0.0470591
Chain
	Aln	3	-cca59bad-aade-4e36-9922-c7f7bc940dcc 5414 11458 13592 -edge_2_0_+disjointig_10_0_35069 9799 15882 35069 -1 -1 3566 0.0470591
Chain
	Aln	212	+8597fcbe-6816-4e91-b1c2-7678c4e1117e 22 3001 3558 +edge_107_0_+disjointig_69_0_2998 1 2975 2998 -1 -1 2757 0.00841952
Chain
	Aln	213	-8597fcbe-6816-4e91-b1c2-7678c4e1117e 556 3535 3558 -edge_107_0_+disjointig_69_0_2998 22 2996 2998 -1 -1 2757 0.00841952
Chain
	Aln	3	+89ade123-6a44-41c6-82e3-60494027a8b5 11658 13155 13183 -edge_2_0_+disjointig_10_0_35069 9838 11330 35069 -1 -1 782 0.0554025
Chain
	Aln	2	-89ade123-6a44-41c6-82e3-60494027a8b5 27 1524 13183 +edge_2_0_+disjointig_10_0_35069 23738 25230 35069 -1 -1 782 0.0554025
Chain
	Aln	254	+99091f21-0980-4667-adbe-d03a289dbec4 23 4211 4218 +edge_128_0_+disjointig_82_0_4220 4 4192 4220 -1 -1 4046 0.00364755
Chain
	Aln	255	-99091f21-0980-4667-adbe-d03a289dbec4 6 4194 4218 -edge_128_0_+disjointig_82_0_4220 27 4215 4220 -1 -1 4046 0.00364755
Chain
	Aln	255	+209925a6-a4cd-4408-a4da-d0605bafb896 7 4250 4255 -edge_128_0_+disjointig_82_0_4220 6 4215 4220 -1 -1 3660 0.0156628
Chain
	Aln	254	-209925a6-a4cd-4408-a4da-d0605bafb896 4 4247 4255 +edge_128_0_+disjointig_82_0_4220 4 4213 4220 -1 -1 3660 0.0156628
Chain
	Aln	90	+b30a8011-4c01-44e9-a11b-e5bed2c619a4 349 1730 1739 +edge_46_0_+disjointig_28_0_2546 942 2421 2546 -1 -1 1031 0.0244166
Chain
	Aln	91	-b30a8011-4c01-44e9-a11b-e5bed2c619a4 8 1389 1739 -edge_46_0_+disjointig_28_0_2546 124 1603 2546 -1 -1 1031 0.0244166
Chain
	Aln	293	+30addc09-3a74-4fc9-ad57-af95b21feed8 3 3193 10807 -edge_147_1_+disjointig_16_5646_9738 902 4091 4092 -1 -1 2842 0.0151252
	Aln	293	+30addc09-3a74-4fc9-ad57-af95b21feed8 3207 7270 10807 -edge_147_1_+disjointig_16_5646_9738 13 4077 4092 -1 -1 3652 0.0162322
	Aln	293	+30addc09-3a74-4fc9-ad57-af95b21feed8 7313 10772 10807 -edge_147_1_+disjointig_16_5646_9738 28 3488 4092 -1 -1 3144 0.0153317
Chain
	Aln	292	-30addc09-3a74-4fc9-ad57-af95b21feed8 34 3493 10807 +edge_147_1_+disjointig_16_5646_9738 603 4063 4092 -1 -1 3144 0.0153317
	Aln	292	-30addc09-3a74-4fc9-ad57-af95b21feed8 3536 7599 10807 +edge_147_1_+disjointig_16_5646_9738 14 4078 4092 -1 -1 3652 0.0162322
	Aln	292	-30addc09-3a74-4fc9-ad57-af95b21feed8 7613 10803 10807 +edge_147_1_+disjointig_16_5646_9738 0 3189 4092 -1 -1 2842 0.0151252
Chain
	Aln	148	+5ba8b84b-db32-49fd-bff3-81b9659cf2b9 6 1606 1630 +edge_75_0_+disjointig_47_0_3558 1146 2734 3558 -1 -1 1296 0.0238832
Chain
	Aln	149	-5ba8b84b-db32-49fd-bff3-81b9659cf2b9 23 1623 1630 -edge_75_0_+disjointig_47_0_3558 823 2411 3558 -1 -1 1296 0.0238832
Chain
	Aln	11	+220e2ec8-1deb-44f3-b2dd-778ee5e2cb93 12 13812 13820 -edge_6_0_+disjointig_103_0_13774 11 13767 13774 -1 -1 11721 0.0177939
Chain
	Aln	10	-220e2ec8-1deb-44f3-b2dd-778ee5e2cb93 7 13807 13820 +edge_6_0_+disjointig_103_0_13774 6 13762 13774 -1 -1 11721 0.0177939
Chain
	Aln	10	+2a10fe39-432e-4df8-b159-8204e8720aff 22 13774 13776 +edge_6_0_+disjointig_103_0_13774 1 13753 13774 -1 -1 13158 0.00533041
Chain
	Aln	11	-2a10fe39-432e-4df8-b159-8204e8720aff 1 13753 13776 -edge_6_0_+disjointig_103_0_13774 20 13772 13774 -1 -1 13158 0.00533041
Chain
	Aln	29	+05d0d999-1ccc-4f9d-9db2-7c9cc6b211dc 14 4264 4270 -edge_15_0_+disjointig_111_0_13676 13 4210 13676 -1 -1 2940 0.035836
Chain
	Aln	28	-05d0d999-1ccc-4f9d-9db2-7c9cc6b211dc 5 4255 4270 +edge_15_0_+disjointig_111_0_13676 9465 13662 13676 -1 -1 2940 0.035836
Chain
	Aln	28	+7cfd2a01-6500-4ad9-8faa-d08fdd61d372 4 13939 13943 +edge_15_0_+disjointig_111_0_13676 4 13652 13676 -1 -1 10550 0.0208504
Chain
	Aln	29	-7cfd2a01-6500-4ad9-8faa-d08fdd61d372 3 13938 13943 -edge_15_0_+disjointig_111_0_13676 23 13671 13676 -1 -1 10550 0.0208504
Chain
	Aln	69	+07b2c0f9-f22b-4571-be87-3c575f0536cd 5 2305 2348 -edge_35_0_+disjointig_19_0_5222 522 2822 5222 -1 -1 1589 0.0387702
Chain
	Aln	68	-07b2c0f9-f22b-4571-be87-3c575f0536cd 42 2342 2348 +edge_35_0_+disjointig_19_0_5222 2399 4699 5222 -1 -1 1589 0.0387702
Chain
	Aln	149	+be409ca9-a399-45ed-9e99-b064518591f3 73 2337 33873 -edge_75_0_+disjointig_47_0_3558 1254 3557 3558 -1 -1 2037 0.0121544
	Aln	149	+be409ca9-a399-45ed-9e99-b064518591f3 2339 5943 33873 -edge_75_0_+disjointig_47_0_3558 1 3557 3558 -1 -1 3207 0.0144592
	Aln	149	+be409ca9-a399-45ed-9e99-b064518591f3 5945 9492 33873 -edge_75_0_+disjointig_47_0_3558 1 3557 3558 -1 -1 3124 0.015489
	Aln	149	+be409ca9-a399-45ed-9e99-b064518591f3 9494 13052 33873 -edge_75_0_+disjointig_47_0_3558 1 3557 3558 -1 -1 3105 0.0149394
	Aln	149	+be409ca9-a399-45ed-9e99-b064518591f3 13054 16594 33873 -edge_75_0_+disjointig_47_0_3558 1 3557 3558 -1 -1 3021 0.0197312
	Aln	149	+be409ca9-a399-45ed-9e99-b064518591f3 16596 20141 33873 -edge_75_0_+disjointig_47_0_3558 1 3557 3558 -1 -1 3069 0.0153726
	Aln	149	+be409ca9-a399-45ed-9e99-b064518591f3 20143 23694 33873 -edge_75_0_+disjointig_47_0_3558 1 3557 3558 -1 -1 3189 0.0129125
	Aln	149	+be409ca9-a399-45ed-9e99-b064518591f3 23786 27181 33873 -edge_75_1_+disjointig_47_3558_6957 10 3398 3399 -1 -1 3127 0.0112626
	Aln	149	+be409ca9-a399-45ed-9e99-b064518591f3 27183 30743 33873 -edge_75_0_+disjointig_47_0_3558 1 3557 3558 -1 -1 3147 0.0135123
	Aln	149	+be409ca9-a399-45ed-9e99-b064518591f3 30745 33864 33873 -edge_75_0_+disjointig_47_0_3558 1 3126 3558 -1 -1 2712 0.0163023
Chain
	Aln	148	-be409ca9-a399-45ed-9e99-b064518591f3 8 3127 33873 +edge_75_0_+disjointig_47_0_3558 431 3556 3558 -1 -1 2712 0.0163023
	Aln	148	-be409ca9-a399-45ed-9e99-b064518591f3 3129 6689 33873 +edge_75_0_+disjointig_47_0_3558 0 3556 3558 -1 -1 3147 0.0135123
	Aln	148	-be409ca9-a399-45ed-9e99-b064518591f3 6691 10086 33873 +edge_75_1_+disjointig_47_3558_6957 0 3388 3399 -1 -1 3127 0.0112626
	Aln	148	-be409ca9-a399-45ed-9e99-b064518591f3 10178 13729 33873 +edge_75_0_+disjointig_47_0_3558 0 3556 3558 -1 -1 3189 0.0129125
	Aln	148	-be409ca9-a399-45ed-9e99-b064518591f3 13731 17276 33873 +edge_75_0_+disjointig_47_0_3558 0 3556 3558 -1 -1 3069 0.0153726
	Aln	148	-be409ca9-a399-45ed-9e99-b064518591f3 17278 20818 33873 +edge_75_0_+disjointig_47_0_3558 0 3556 3558 -1 -1 3021 0.0197312
	Aln	148	-be409ca9-a399-45ed-9e99-b064518591f3 20820 24378 33873 +edge_75_0_+disjointig_47_0_3558 0 3556 3558 -1 -1 3105 0.0149394
	Aln	148	-be409ca9-a399-45ed-9e99-b064518591f3 24380 27927 33873 +edge_75_0_+disjointig_47_0_3558 0 3556 3558 -1 -1 3124 0.015489
	Aln	148	-be409ca9-a399-45ed-9e99-b064518591f3 27929 31533 33873 +edge_75_0_+disjointig_47_0_3558 0 3556 3558 -1 -1 3207 0.0144592
	Aln	148	-be409ca9-a399-45ed-9e99-b064518591f3 31535 33799 33873 +edge_75_0_+disjointig_47_0_3558 0 2303 3558 -1 -1 2037 0.0121544
Chain
	Aln	102	+98b2d4b0-d4b6-4595-9bb9-a08d86c39a9a 6 1602 3020 +edge_52_0_-disjointig_3_10297_12171 275 1870 1874 -1 -1 1407 0.0125888
	Aln	97	+98b2d4b0-d4b6-4595-9bb9-a08d86c39a9a 1611 2448 3020 -edge_49_1_+disjointig_3_3698_4540 4 841 842 -1 -1 812 0.00661374
	Aln	102	+98b2d4b0-d4b6-4595-9bb9-a08d86c39a9a 2448 2963 3020 +edge_52_0_-disjointig_3_10297_12171 0 515 1874 -1 -1 443 0.0158084
Chain
	Aln	103	-98b2d4b0-d4b6-4595-9bb9-a08d86c39a9a 56 571 3020 -edge_52_0_-disjointig_3_10297_12171 1358 1873 1874 -1 -1 443 0.0158084
	Aln	96	-98b2d4b0-d4b6-4595-9bb9-a08d86c39a9a 571 1408 3020 +edge_49_1_+disjointig_3_3698_4540 0 837 842 -1 -1 812 0.00661374
	Aln	103	-98b2d4b0-d4b6-4595-9bb9-a08d86c39a9a 1417 3013 3020 -edge_52_0_-disjointig_3_10297_12171 3 1598 1874 -1 -1 1407 0.0125888
Chain
	Aln	2	+c757f045-78f4-45ff-8230-e3732fd5f995 3809 6215 6575 +edge_2_0_+disjointig_10_0_35069 22554 24964 35069 -1 -1 1711 0.0347133
Chain
	Aln	3	+c757f045-78f4-45ff-8230-e3732fd5f995 388 2999 6575 -edge_2_0_+disjointig_10_0_35069 12819 15545 35069 -1 -1 1468 0.0434629
Chain
	Aln	3	-c757f045-78f4-45ff-8230-e3732fd5f995 359 2765 6575 -edge_2_0_+disjointig_10_0_35069 10104 12514 35069 -1 -1 1711 0.0347133
Chain
	Aln	2	-c757f045-78f4-45ff-8230-e3732fd5f995 3575 6186 6575 +edge_2_0_+disjointig_10_0_35069 19523 22249 35069 -1 -1 1468 0.0434629
Chain
	Aln	2	+5ce1cb0e-33aa-4e2b-8ca2-aaafb0628a83 17636 21518 21540 +edge_2_0_+disjointig_10_0_35069 19171 23034 35069 -1 -1 2250 0.0468305
Chain
	Aln	3	-5ce1cb0e-33aa-4e2b-8ca2-aaafb0628a83 21 3903 21540 -edge_2_0_+disjointig_10_0_35069 12034 15897 35069 -1 -1 2250 0.0468305
Chain
	Aln	3	+fdd1d854-85cd-402b-8d06-a98146337050 9 1723 3812 -edge_2_0_+disjointig_10_0_35069 10762 12545 35069 -1 -1 1120 0.0477828
Chain
	Aln	2	-fdd1d854-85cd-402b-8d06-a98146337050 2088 3802 3812 +edge_2_0_+disjointig_10_0_35069 22523 24306 35069 -1 -1 1120 0.0477828
Chain
	Aln	225	+09f06bb5-2be0-4214-a6af-1da498958100 12 7724 7734 -edge_113_0_+disjointig_74_0_10335 11 7781 10335 -1 -1 5765 0.0214827
Chain
	Aln	224	-09f06bb5-2be0-4214-a6af-1da498958100 9 7721 7734 +edge_113_0_+disjointig_74_0_10335 2553 10323 10335 -1 -1 5765 0.0214827
Chain
	Aln	149	+efd8de76-b2f4-4685-a38f-a1d9cea1bbe0 13 3409 5178 -edge_75_1_+disjointig_47_3558_6957 10 3398 3399 -1 -1 3069 0.0126132
	Aln	149	+efd8de76-b2f4-4685-a38f-a1d9cea1bbe0 3411 5175 5178 -edge_75_0_+disjointig_47_0_3558 1 1766 3558 -1 -1 1614 0.0126277
Chain
	Aln	148	-efd8de76-b2f4-4685-a38f-a1d9cea1bbe0 2 1766 5178 +edge_75_0_+disjointig_47_0_3558 1791 3556 3558 -1 -1 1614 0.0126277
	Aln	148	-efd8de76-b2f4-4685-a38f-a1d9cea1bbe0 1768 5164 5178 +edge_75_1_+disjointig_47_3558_6957 0 3388 3399 -1 -1 3069 0.0126132
Chain
	Aln	293	+13d4dbf7-6452-412e-8dc4-e590e28450da 5 3532 11905 -edge_147_1_+disjointig_16_5646_9738 562 4091 4092 -1 -1 3274 0.012075
	Aln	293	+13d4dbf7-6452-412e-8dc4-e590e28450da 3546 7622 11905 -edge_147_1_+disjointig_16_5646_9738 13 4091 4092 -1 -1 3670 0.0143846
	Aln	293	+13d4dbf7-6452-412e-8dc4-e590e28450da 7636 11696 11905 -edge_147_1_+disjointig_16_5646_9738 13 4077 4092 -1 -1 3640 0.0156637
Chain
	Aln	292	-13d4dbf7-6452-412e-8dc4-e590e28450da 208 4268 11905 +edge_147_1_+disjointig_16_5646_9738 14 4078 4092 -1 -1 3640 0.0156637
	Aln	292	-13d4dbf7-6452-412e-8dc4-e590e28450da 4282 8358 11905 +edge_147_1_+disjointig_16_5646_9738 0 4078 4092 -1 -1 3670 0.0143846
	Aln	292	-13d4dbf7-6452-412e-8dc4-e590e28450da 8372 11899 11905 +edge_147_1_+disjointig_16_5646_9738 0 3529 4092 -1 -1 3274 0.012075
Chain
	Aln	259	+c8aa429f-6c9a-4ab0-afab-2df2204fa7c8 316 1644 1744 -edge_130_0_+disjointig_84_0_16176 12508 13858 16176 -1 -1 805 0.0404167
Chain
	Aln	258	-c8aa429f-6c9a-4ab0-afab-2df2204fa7c8 99 1427 1744 +edge_130_0_+disjointig_84_0_16176 2317 3667 16176 -1 -1 805 0.0404167
Chain
	Aln	84	+caae760c-a0fc-4f4c-839c-c4864be9773b 144 2140 2146 +edge_43_0_+disjointig_25_0_2773 139 2135 2773 -1 -1 1859 0.00981209
Chain
	Aln	85	-caae760c-a0fc-4f4c-839c-c4864be9773b 5 2001 2146 -edge_43_0_+disjointig_25_0_2773 637 2633 2773 -1 -1 1859 0.00981209
Chain
	Aln	85	+a2c6946c-c946-46b8-a330-2ccc52e543e3 14 2756 2759 -edge_43_0_+disjointig_25_0_2773 13 2770 2773 -1 -1 2096 0.0234012
Chain
	Aln	84	-a2c6946c-c946-46b8-a330-2ccc52e543e3 2 2744 2759 +edge_43_0_+disjointig_25_0_2773 2 2759 2773 -1 -1 2096 0.0234012
Chain
	Aln	2	+ff89c733-de7d-49e8-9766-df9ca4d6389b 5190 8798 8801 +edge_2_0_+disjointig_10_0_35069 20057 23673 35069 -1 -1 2033 0.0529291
Chain
	Aln	3	-ff89c733-de7d-49e8-9766-df9ca4d6389b 2 3610 8801 -edge_2_0_+disjointig_10_0_35069 11395 15011 35069 -1 -1 2033 0.0529291
Chain
	Aln	2	+a285ec5e-c5b2-4df0-9f4a-1fbd4cc5b2b5 6860 7889 18976 +edge_2_0_+disjointig_10_0_35069 23828 24859 35069 -1 -1 753 0.0334652
Chain
	Aln	3	-a285ec5e-c5b2-4df0-9f4a-1fbd4cc5b2b5 11086 12115 18976 -edge_2_0_+disjointig_10_0_35069 10209 11240 35069 -1 -1 753 0.0334652
Chain
	Aln	163	+ff68d4d1-f3b6-4de4-88da-eb6fdab333f3 40 3509 3539 -edge_82_0_+disjointig_51_0_7379 37 3518 7379 -1 -1 1542 0.073396
Chain
	Aln	162	-ff68d4d1-f3b6-4de4-88da-eb6fdab333f3 29 3498 3539 +edge_82_0_+disjointig_51_0_7379 3860 7341 7379 -1 -1 1542 0.073396
Chain
	Aln	166	+f98047a8-e2be-4d55-89b7-b893b9afdfe1 29 10270 10273 +edge_84_0_+disjointig_53_0_10271 13 10252 10271 -1 -1 9189 0.0108075
Chain
	Aln	167	-f98047a8-e2be-4d55-89b7-b893b9afdfe1 2 10243 10273 -edge_84_0_+disjointig_53_0_10271 18 10257 10271 -1 -1 9189 0.0108075
Chain
	Aln	2	+70d7bc93-4ba6-4067-8be0-3c484037e1bc 108 5997 7165 +edge_2_0_+disjointig_10_0_35069 19318 25235 35069 -1 -1 3613 0.0454315
Chain
	Aln	3	-70d7bc93-4ba6-4067-8be0-3c484037e1bc 1167 7056 7165 -edge_2_0_+disjointig_10_0_35069 9833 15750 35069 -1 -1 3613 0.0454315
Chain
	Aln	3	+d6575c2b-7be6-4069-88d8-1279663680a1 61 2326 2336 -edge_2_0_+disjointig_10_0_35069 9915 12202 35069 -1 -1 1325 0.0514243
Chain
	Aln	2	-d6575c2b-7be6-4069-88d8-1279663680a1 9 2274 2336 +edge_2_0_+disjointig_10_0_35069 22866 25153 35069 -1 -1 1325 0.0514243
Chain
	Aln	167	+b4dcc80c-defe-4b0c-869f-106fde13ef72 10 10290 10292 -edge_84_0_+disjointig_53_0_10271 9 10269 10271 -1 -1 7648 0.029392
Chain
	Aln	166	-b4dcc80c-defe-4b0c-869f-106fde13ef72 1 10281 10292 +edge_84_0_+disjointig_53_0_10271 1 10261 10271 -1 -1 7648 0.029392
Chain
	Aln	3	+a02341d1-f017-4af1-8f39-c8651571ec4e 17 1044 8473 -edge_2_0_+disjointig_10_0_35069 11466 12492 35069 -1 -1 808 0.0263082
Chain
	Aln	2	-a02341d1-f017-4af1-8f39-c8651571ec4e 7428 8455 8473 +edge_2_0_+disjointig_10_0_35069 22576 23602 35069 -1 -1 808 0.0263082
Chain
	Aln	2	+f0406e29-2425-49bd-a3f0-d950a765b02b 48 1380 1387 +edge_2_0_+disjointig_10_0_35069 23928 25269 35069 -1 -1 861 0.0415001
Chain
	Aln	3	-f0406e29-2425-49bd-a3f0-d950a765b02b 6 1338 1387 -edge_2_0_+disjointig_10_0_35069 9799 11140 35069 -1 -1 861 0.0415001
Chain
	Aln	157	+c7e96bc9-caa6-4e1b-9274-fc20a8278506 10 213 3258 -edge_79_1_+disjointig_5_3174_3773 307 510 599 -1 -1 175 0.0277788
	Aln	157	+c7e96bc9-caa6-4e1b-9274-fc20a8278506 167 786 3258 -edge_79_4_+disjointig_5_6584_7223 10 625 639 -1 -1 367 0.0633857
	Aln	157	+c7e96bc9-caa6-4e1b-9274-fc20a8278506 764 916 3258 -edge_79_6_+disjointig_5_8256_8869 43 191 613 -1 -1 82 0.0780187
	Aln	157	+c7e96bc9-caa6-4e1b-9274-fc20a8278506 988 2229 3258 -edge_79_0_+disjointig_5_1900_3174 6 1245 1274 -1 -1 845 0.0389167
	Aln	157	+c7e96bc9-caa6-4e1b-9274-fc20a8278506 2317 2772 3258 -edge_79_1_+disjointig_5_3174_3773 58 513 599 -1 -1 359 0.0347732
	Aln	157	+c7e96bc9-caa6-4e1b-9274-fc20a8278506 2723 3253 3258 -edge_79_4_+disjointig_5_6584_7223 10 536 639 -1 -1 285 0.0706164
Chain
	Aln	156	-c7e96bc9-caa6-4e1b-9274-fc20a8278506 4 534 3258 +edge_79_4_+disjointig_5_6584_7223 102 628 639 -1 -1 285 0.0706164
	Aln	156	-c7e96bc9-caa6-4e1b-9274-fc20a8278506 485 940 3258 +edge_79_1_+disjointig_5_3174_3773 85 540 599 -1 -1 359 0.0347732
	Aln	156	-c7e96bc9-caa6-4e1b-9274-fc20a8278506 1028 2269 3258 +edge_79_0_+disjointig_5_1900_3174 28 1267 1274 -1 -1 845 0.0389167
	Aln	156	-c7e96bc9-caa6-4e1b-9274-fc20a8278506 2341 2493 3258 +edge_79_6_+disjointig_5_8256_8869 421 569 613 -1 -1 82 0.0780187
	Aln	156	-c7e96bc9-caa6-4e1b-9274-fc20a8278506 2471 3090 3258 +edge_79_4_+disjointig_5_6584_7223 13 628 639 -1 -1 367 0.0633857
	Aln	156	-c7e96bc9-caa6-4e1b-9274-fc20a8278506 3044 3247 3258 +edge_79_1_+disjointig_5_3174_3773 88 291 599 -1 -1 175 0.0277788
Chain
	Aln	2	+4cd7b615-8966-4e6e-a2e9-d072f9a14d4f 26 2036 4627 +edge_2_0_+disjointig_10_0_35069 23018 25041 35069 -1 -1 1330 0.043521
Chain
	Aln	3	-4cd7b615-8966-4e6e-a2e9-d072f9a14d4f 2590 4600 4627 -edge_2_0_+disjointig_10_0_35069 10027 12050 35069 -1 -1 1330 0.043521
Chain
	Aln	172	+793a8311-a823-46b2-8cf6-717cba111034 97 2357 2851 +edge_87_0_+disjointig_56_0_2270 1 2261 2270 -1 -1 2173 0.00529721
Chain
	Aln	173	-793a8311-a823-46b2-8cf6-717cba111034 493 2753 2851 -edge_87_0_+disjointig_56_0_2270 8 2268 2270 -1 -1 2173 0.00529721
Chain
	Aln	31	+b5545215-a060-42b8-887a-85e839e93f39 9 3082 3106 -edge_16_0_+disjointig_112_0_3069 8 3042 3069 -1 -1 1210 0.0765576
Chain
	Aln	30	-b5545215-a060-42b8-887a-85e839e93f39 23 3096 3106 +edge_16_0_+disjointig_112_0_3069 26 3060 3069 -1 -1 1210 0.0765576
Chain
	Aln	2	+dfb8f5f7-2443-4fd2-a585-b54ed091b480 14 1371 1385 +edge_2_0_+disjointig_10_0_35069 23143 24499 35069 -1 -1 1037 0.0261542
Chain
	Aln	3	-dfb8f5f7-2443-4fd2-a585-b54ed091b480 13 1370 1385 -edge_2_0_+disjointig_10_0_35069 10569 11925 35069 -1 -1 1037 0.0261542
Chain
	Aln	2	+a3ef477c-a921-47f3-9357-15fd2ef2426c 23 2483 2485 +edge_2_0_+disjointig_10_0_35069 21445 23950 35069 -1 -1 1443 0.0487094
Chain
	Aln	3	-a3ef477c-a921-47f3-9357-15fd2ef2426c 1 2461 2485 -edge_2_0_+disjointig_10_0_35069 11118 13623 35069 -1 -1 1443 0.0487094
Chain
	Aln	247	+15a5b4e7-0083-4eed-95ca-5d60cb72135b 13 7011 9218 -edge_124_0_+disjointig_79_0_6938 12 6926 6938 -1 -1 6180 0.008771
Chain
	Aln	246	-15a5b4e7-0083-4eed-95ca-5d60cb72135b 2206 9204 9218 +edge_124_0_+disjointig_79_0_6938 11 6925 6938 -1 -1 6180 0.008771
Chain
	Aln	267	+5f537fe0-001f-45dc-a78a-9de2c948a6f6 18 13763 18563 -edge_134_0_+disjointig_88_0_26283 9228 23047 26283 -1 -1 12557 0.00805813
Chain
	Aln	267	+5f537fe0-001f-45dc-a78a-9de2c948a6f6 13297 18560 18563 -edge_134_0_+disjointig_88_0_26283 21087 26280 26283 -1 -1 4011 0.0203939
Chain
	Aln	266	-5f537fe0-001f-45dc-a78a-9de2c948a6f6 4799 18544 18563 +edge_134_0_+disjointig_88_0_26283 3235 17054 26283 -1 -1 12557 0.00805813
Chain
	Aln	266	-5f537fe0-001f-45dc-a78a-9de2c948a6f6 2 5265 18563 +edge_134_0_+disjointig_88_0_26283 2 5195 26283 -1 -1 4011 0.0203939
Chain
	Aln	140	+27d3c1cc-b10c-4122-8d5d-a832de0e9d5d 169 7540 7544 +edge_71_0_+disjointig_43_0_7507 119 7483 7507 -1 -1 6769 0.0114744
Chain
	Aln	141	-27d3c1cc-b10c-4122-8d5d-a832de0e9d5d 3 7374 7544 -edge_71_0_+disjointig_43_0_7507 23 7387 7507 -1 -1 6769 0.0114744
Chain
	Aln	19	+9ee3aec1-740f-474b-ad5a-1fe1e154b4ae 12 3374 3384 -edge_10_0_+disjointig_107_0_5303 9 3287 5303 -1 -1 1910 0.0490781
Chain
	Aln	18	-9ee3aec1-740f-474b-ad5a-1fe1e154b4ae 9 3371 3384 +edge_10_0_+disjointig_107_0_5303 2015 5293 5303 -1 -1 1910 0.0490781
Chain
	Aln	141	+595dd727-59e6-4868-b294-5c951d79229d 15 7422 7424 -edge_71_0_+disjointig_43_0_7507 14 7505 7507 -1 -1 5857 0.0240055
Chain
	Aln	140	-595dd727-59e6-4868-b294-5c951d79229d 1 7408 7424 +edge_71_0_+disjointig_43_0_7507 1 7492 7507 -1 -1 5857 0.0240055
Chain
	Aln	3	+403cb0cc-a623-4f3a-bf2c-7badcf5b0c2a 30 3031 3034 -edge_2_0_+disjointig_10_0_35069 10400 13400 35069 -1 -1 2074 0.0393287
Chain
	Aln	2	-403cb0cc-a623-4f3a-bf2c-7badcf5b0c2a 2 3003 3034 +edge_2_0_+disjointig_10_0_35069 21668 24668 35069 -1 -1 2074 0.0393287
Chain
	Aln	2	+d49aa555-2743-4b6d-bb44-8271747b53b3 18 3029 3039 +edge_2_0_+disjointig_10_0_35069 21663 24671 35069 -1 -1 2095 0.0380405
Chain
	Aln	3	-d49aa555-2743-4b6d-bb44-8271747b53b3 9 3020 3039 -edge_2_0_+disjointig_10_0_35069 10397 13405 35069 -1 -1 2095 0.0380405
Chain
	Aln	175	+02b710a9-ddba-4854-82e9-db77905b8e67 827 5798 5815 -edge_88_0_+disjointig_57_0_5674 9 4980 5674 -1 -1 4768 0.00482219
Chain
	Aln	174	-02b710a9-ddba-4854-82e9-db77905b8e67 16 4987 5815 +edge_88_0_+disjointig_57_0_5674 693 5664 5674 -1 -1 4768 0.00482219
Chain
	Aln	2	+9add375c-5c60-4641-b184-35df72e53582 1454 2833 6108 +edge_2_0_+disjointig_10_0_35069 23886 25269 35069 -1 -1 721 0.0605699
Chain
	Aln	3	+9add375c-5c60-4641-b184-35df72e53582 213 1321 6108 -edge_2_0_+disjointig_10_0_35069 11274 12393 35069 -1 -1 566 0.0668425
Chain
	Aln	3	-9add375c-5c60-4641-b184-35df72e53582 3274 4653 6108 -edge_2_0_+disjointig_10_0_35069 9799 11182 35069 -1 -1 721 0.0605699
Chain
	Aln	2	-9add375c-5c60-4641-b184-35df72e53582 4786 5894 6108 +edge_2_0_+disjointig_10_0_35069 22675 23794 35069 -1 -1 566 0.0668425
Chain
	Aln	253	+500d1887-14f0-4695-83a5-d94a43b482b7 32 3591 3593 -edge_127_0_+disjointig_81_0_3512 31 3510 3512 -1 -1 1874 0.0547192
Chain
	Aln	252	-500d1887-14f0-4695-83a5-d94a43b482b7 1 3560 3593 +edge_127_0_+disjointig_81_0_3512 1 3480 3512 -1 -1 1874 0.0547192
Chain
	Aln	2	+360d9045-967f-4c86-9a6c-26ba8f847deb 7794 8837 21693 +edge_2_0_+disjointig_10_0_35069 22889 23937 35069 -1 -1 748 0.0355695
Chain
	Aln	3	+360d9045-967f-4c86-9a6c-26ba8f847deb 6483 7776 21693 -edge_2_0_+disjointig_10_0_35069 9799 11097 35069 -1 -1 634 0.0588791
Chain
	Aln	3	-360d9045-967f-4c86-9a6c-26ba8f847deb 12855 13898 21693 -edge_2_0_+disjointig_10_0_35069 11131 12179 35069 -1 -1 748 0.0355695
Chain
	Aln	2	-360d9045-967f-4c86-9a6c-26ba8f847deb 13916 15209 21693 +edge_2_0_+disjointig_10_0_35069 23971 25269 35069 -1 -1 634 0.0588791
Chain
	Aln	252	+b7ff3968-8627-42eb-85a1-fe5c6c1e2992 41 3514 3524 +edge_127_0_+disjointig_81_0_3512 24 3480 3512 -1 -1 2737 0.0230431
Chain
	Aln	253	-b7ff3968-8627-42eb-85a1-fe5c6c1e2992 9 3482 3524 -edge_127_0_+disjointig_81_0_3512 31 3487 3512 -1 -1 2737 0.0230431
Chain
	Aln	58	+8b2f5a21-ced9-4074-a25c-9d2f85dc291a 22 6180 6183 +edge_30_0_+disjointig_15_0_6182 2 6159 6182 -1 -1 5900 0.0040044
Chain
	Aln	59	-8b2f5a21-ced9-4074-a25c-9d2f85dc291a 2 6160 6183 -edge_30_0_+disjointig_15_0_6182 22 6179 6182 -1 -1 5900 0.0040044
Chain
	Aln	59	+02108de5-cafe-440c-9dce-5cc23cd6c1fc 15 6160 6178 -edge_30_0_+disjointig_15_0_6182 14 6165 6182 -1 -1 5382 0.0155761
Chain
	Aln	58	-02108de5-cafe-440c-9dce-5cc23cd6c1fc 17 6162 6178 +edge_30_0_+disjointig_15_0_6182 16 6167 6182 -1 -1 5382 0.0155761
Chain
	Aln	2	+74b17e6c-3b8a-4001-ba98-2304eb150493 4549 6986 7017 +edge_2_0_+disjointig_10_0_35069 22337 24781 35069 -1 -1 1834 0.028335
Chain
	Aln	3	-74b17e6c-3b8a-4001-ba98-2304eb150493 30 2467 7017 -edge_2_0_+disjointig_10_0_35069 10287 12731 35069 -1 -1 1834 0.028335
Chain
	Aln	277	+c51aca5a-3cd6-49b6-9234-bc87b769a4f6 247 1929 1938 -edge_139_0_+disjointig_92_0_2621 14 1707 2621 -1 -1 1305 0.0275015
Chain
	Aln	276	-c51aca5a-3cd6-49b6-9234-bc87b769a4f6 8 1690 1938 +edge_139_0_+disjointig_92_0_2621 913 2606 2621 -1 -1 1305 0.0275015
Chain
	Aln	234	+83ea760f-6e54-4687-9fc8-35dc6c670bad 12 1318 3388 +edge_118_0_+disjointig_77_5116_6669 239 1544 1553 -1 -1 1240 0.00775174
	Aln	241	+83ea760f-6e54-4687-9fc8-35dc6c670bad 1322 2454 3388 -edge_121_2_-disjointig_77_4224_5377 27 1152 1153 -1 -1 1036 0.0115869
	Aln	234	+83ea760f-6e54-4687-9fc8-35dc6c670bad 2493 3385 3388 +edge_118_0_+disjointig_77_5116_6669 0 892 1553 -1 -1 845 0.00319471
Chain
	Aln	235	-83ea760f-6e54-4687-9fc8-35dc6c670bad 2 894 3388 -edge_118_0_+disjointig_77_5116_6669 660 1552 1553 -1 -1 845 0.00319471
	Aln	240	-83ea760f-6e54-4687-9fc8-35dc6c670bad 933 2065 3388 +edge_121_2_-disjointig_77_4224_5377 0 1125 1153 -1 -1 1036 0.0115869
	Aln	235	-83ea760f-6e54-4687-9fc8-35dc6c670bad 2069 3375 3388 -edge_118_0_+disjointig_77_5116_6669 8 1313 1553 -1 -1 1240 0.00775174
Chain
	Aln	266	+d8c0bcac-b100-4e72-b068-7b27971a0f78 11 2500 2524 +edge_134_0_+disjointig_88_0_26283 3087 5608 26283 -1 -1 1838 0.0290764
Chain
	Aln	267	-d8c0bcac-b100-4e72-b068-7b27971a0f78 23 2512 2524 -edge_134_0_+disjointig_88_0_26283 20674 23195 26283 -1 -1 1838 0.0290764
Chain
	Aln	250	+532ef67c-fbc2-4f42-8199-daa65bdb3c4c 114 2768 4227 +edge_126_0_+disjointig_80_0_2716 50 2693 2716 -1 -1 1888 0.0297853
Chain
	Aln	251	-532ef67c-fbc2-4f42-8199-daa65bdb3c4c 1458 4112 4227 -edge_126_0_+disjointig_80_0_2716 22 2665 2716 -1 -1 1888 0.0297853
Chain
	Aln	229	+980f6cca-915f-415b-b0fd-d47bc4919f19 12 3624 3631 -edge_115_0_+disjointig_76_0_7907 11 3600 7907 -1 -1 2227 0.0417591
Chain
	Aln	228	-980f6cca-915f-415b-b0fd-d47bc4919f19 6 3618 3631 +edge_115_0_+disjointig_76_0_7907 4306 7895 7907 -1 -1 2227 0.0417591
Chain
	Aln	3	+015bd3ab-9d37-44a3-bec3-216da915faed 11 1711 4263 -edge_2_0_+disjointig_10_0_35069 12838 14539 35069 -1 -1 1255 0.0372107
Chain
	Aln	2	-015bd3ab-9d37-44a3-bec3-216da915faed 2551 4251 4263 +edge_2_0_+disjointig_10_0_35069 20529 22230 35069 -1 -1 1255 0.0372107
Chain
	Aln	228	+e90f6f12-9998-47c8-a80d-54d6da0be771 20 7869 7875 +edge_115_0_+disjointig_76_0_7907 20 7880 7907 -1 -1 6926 0.0100732
Chain
	Aln	229	-e90f6f12-9998-47c8-a80d-54d6da0be771 5 7854 7875 -edge_115_0_+disjointig_76_0_7907 26 7886 7907 -1 -1 6926 0.0100732
Chain
	Aln	3	+62ec0d4a-baad-4ffa-abf5-e91ae04a15db 0 4193 13733 -edge_2_0_+disjointig_10_0_35069 11607 15896 35069 -1 -1 2216 0.0517601
Chain
	Aln	2	-62ec0d4a-baad-4ffa-abf5-e91ae04a15db 9539 13732 13733 +edge_2_0_+disjointig_10_0_35069 19172 23461 35069 -1 -1 2216 0.0517601
Chain
	Aln	136	+a9257f06-d74d-4539-b56d-92336a901690 4 5994 6014 +edge_69_0_-disjointig_41_9663_16671 991 6989 7008 -1 -1 5428 0.0106768
Chain
	Aln	137	-a9257f06-d74d-4539-b56d-92336a901690 19 6009 6014 -edge_69_0_-disjointig_41_9663_16671 18 6016 7008 -1 -1 5428 0.0106768
Chain
	Aln	3	+7d6f0af7-3fa3-4402-b4b8-4891235be4b7 5 3784 7610 -edge_2_0_+disjointig_10_0_35069 11374 15135 35069 -1 -1 2592 0.0393344
Chain
	Aln	2	-7d6f0af7-3fa3-4402-b4b8-4891235be4b7 3825 7604 7610 +edge_2_0_+disjointig_10_0_35069 19933 23694 35069 -1 -1 2592 0.0393344
Chain
	Aln	69	+6fbdff89-38f9-4701-89d4-6c47cb8a2e9e 2 3418 3420 -edge_35_0_+disjointig_19_0_5222 1696 5099 5222 -1 -1 2750 0.0249876
Chain
	Aln	68	-6fbdff89-38f9-4701-89d4-6c47cb8a2e9e 1 3417 3420 +edge_35_0_+disjointig_19_0_5222 122 3525 5222 -1 -1 2750 0.0249876
Chain
	Aln	195	+b5cec9a6-6fab-4b26-8e43-20f194f91a69 15 4120 4128 -edge_98_0_+disjointig_63_0_4130 14 4122 4130 -1 -1 3758 0.00929149
Chain
	Aln	194	-b5cec9a6-6fab-4b26-8e43-20f194f91a69 7 4112 4128 +edge_98_0_+disjointig_63_0_4130 7 4115 4130 -1 -1 3758 0.00929149
Chain
	Aln	194	+3981f502-17ea-401c-8d6e-01ff04c278b4 28 4130 4133 +edge_98_0_+disjointig_63_0_4130 7 4108 4130 -1 -1 3937 0.00424426
Chain
	Aln	195	-3981f502-17ea-401c-8d6e-01ff04c278b4 2 4104 4133 -edge_98_0_+disjointig_63_0_4130 21 4122 4130 -1 -1 3937 0.00424426
Chain
	Aln	2	+1eed75cf-5385-476b-a869-27586448db14 1 2134 2149 +edge_2_0_+disjointig_10_0_35069 22565 24699 35069 -1 -1 1528 0.0335371
Chain
	Aln	3	-1eed75cf-5385-476b-a869-27586448db14 14 2147 2149 -edge_2_0_+disjointig_10_0_35069 10369 12503 35069 -1 -1 1528 0.0335371
Chain
	Aln	2	+09d92824-77f6-4d86-8562-f7017de5b826 1066 2167 4939 +edge_2_0_+disjointig_10_0_35069 23984 25087 35069 -1 -1 717 0.0397432
Chain
	Aln	3	-09d92824-77f6-4d86-8562-f7017de5b826 2771 3872 4939 -edge_2_0_+disjointig_10_0_35069 9981 11084 35069 -1 -1 717 0.0397432
Chain
	Aln	3	+98f5ee5b-aadc-4406-9fcc-41a50d8b93e4 14792 20466 31227 -edge_2_0_+disjointig_10_0_35069 10124 15888 35069 -1 -1 3538 0.0428133
Chain
	Aln	3	+98f5ee5b-aadc-4406-9fcc-41a50d8b93e4 4134 9276 31227 -edge_2_0_+disjointig_10_0_35069 9893 15040 35069 -1 -1 3220 0.0465
Chain
	Aln	2	-98f5ee5b-aadc-4406-9fcc-41a50d8b93e4 10760 16434 31227 +edge_2_0_+disjointig_10_0_35069 19180 24944 35069 -1 -1 3538 0.0428133
Chain
	Aln	2	-98f5ee5b-aadc-4406-9fcc-41a50d8b93e4 21950 27092 31227 +edge_2_0_+disjointig_10_0_35069 20028 25175 35069 -1 -1 3220 0.0465
Chain
	Aln	2	+523974a1-3a31-490b-8bb3-90f0044a9386 3 1311 2639 +edge_2_0_+disjointig_10_0_35069 23657 24964 35069 -1 -1 972 0.0352494
Chain
	Aln	3	-523974a1-3a31-490b-8bb3-90f0044a9386 1327 2635 2639 -edge_2_0_+disjointig_10_0_35069 10104 11411 35069 -1 -1 972 0.0352494
Chain
	Aln	18	+f944075f-054c-4cc5-bf73-9ddd8e452677 1 5353 6433 +edge_10_0_+disjointig_107_0_5303 1 5294 5303 -1 -1 4209 0.0211922
Chain
	Aln	19	-f944075f-054c-4cc5-bf73-9ddd8e452677 1079 6431 6433 -edge_10_0_+disjointig_107_0_5303 8 5301 5303 -1 -1 4209 0.0211922
Chain
	Aln	2	+9a6ca4bf-56c8-439d-b19e-365defdec655 3457 5286 5348 +edge_2_0_+disjointig_10_0_35069 22444 24276 35069 -1 -1 771 0.0764437
Chain
	Aln	3	-9a6ca4bf-56c8-439d-b19e-365defdec655 61 1890 5348 -edge_2_0_+disjointig_10_0_35069 10792 12624 35069 -1 -1 771 0.0764437
Chain
	Aln	97	+bc2fa00c-19bc-4470-9f19-59ac5a96eed4 377 1600 1614 -edge_49_0_+disjointig_3_529_1824 4 1227 1295 -1 -1 1172 0.00619634
Chain
	Aln	96	-bc2fa00c-19bc-4470-9f19-59ac5a96eed4 13 1236 1614 +edge_49_0_+disjointig_3_529_1824 67 1290 1295 -1 -1 1172 0.00619634
Chain
	Aln	3	+cd27b09b-f2ca-452c-842d-f0390a207c60 365 1700 2432 -edge_2_0_+disjointig_10_0_35069 9915 11252 35069 -1 -1 760 0.0493218
Chain
	Aln	2	-cd27b09b-f2ca-452c-842d-f0390a207c60 731 2066 2432 +edge_2_0_+disjointig_10_0_35069 23816 25153 35069 -1 -1 760 0.0493218
Chain
	Aln	147	+4b0104bf-d0e3-440a-bba1-d9ca257b860f 14 3692 3714 -edge_74_0_+disjointig_46_0_3617 13 3591 3617 -1 -1 2229 0.0467518
Chain
	Aln	146	-4b0104bf-d0e3-440a-bba1-d9ca257b860f 21 3699 3714 +edge_74_0_+disjointig_46_0_3617 25 3603 3617 -1 -1 2229 0.0467518
Chain
	Aln	146	+0a6a08a1-b001-41dd-bd47-003352d3bda0 33 3726 3811 +edge_74_0_+disjointig_46_0_3617 16 3606 3617 -1 -1 2199 0.0440833
Chain
	Aln	147	-0a6a08a1-b001-41dd-bd47-003352d3bda0 84 3777 3811 -edge_74_0_+disjointig_46_0_3617 10 3600 3617 -1 -1 2199 0.0440833
Chain
	Aln	292	+c51ed7f9-2ec1-4c30-9d17-e19f71cdd668 1 3116 3124 +edge_147_1_+disjointig_16_5646_9738 948 4063 4092 -1 -1 2645 0.0210612
Chain
	Aln	293	-c51ed7f9-2ec1-4c30-9d17-e19f71cdd668 7 3122 3124 -edge_147_1_+disjointig_16_5646_9738 28 3143 4092 -1 -1 2645 0.0210612
Chain
	Aln	3	+723dbdf1-1525-4b3f-9307-00b43a96b033 1286 3147 4419 -edge_2_0_+disjointig_10_0_35069 9981 11842 35069 -1 -1 1165 0.0494729
Chain
	Aln	2	-723dbdf1-1525-4b3f-9307-00b43a96b033 1271 3132 4419 +edge_2_0_+disjointig_10_0_35069 23226 25087 35069 -1 -1 1165 0.0494729
Chain
	Aln	223	+448d3160-547c-4f5c-be79-4e6ad3d24448 36 2625 2660 -edge_112_0_+disjointig_73_0_6252 3633 6222 6252 -1 -1 2085 0.0224394
Chain
	Aln	222	-448d3160-547c-4f5c-be79-4e6ad3d24448 34 2623 2660 +edge_112_0_+disjointig_73_0_6252 29 2618 6252 -1 -1 2085 0.0224394
Chain
	Aln	2	+5d602e8a-77c1-439b-9bde-87a1d1a827a3 45 1398 1409 +edge_2_0_+disjointig_10_0_35069 20133 21488 35069 -1 -1 808 0.0548644
Chain
	Aln	3	-5d602e8a-77c1-439b-9bde-87a1d1a827a3 10 1363 1409 -edge_2_0_+disjointig_10_0_35069 13580 14935 35069 -1 -1 808 0.0548644
Chain
	Aln	137	+df569072-7fc9-43f0-a5c7-31337573706d 5 1536 1560 -edge_69_0_-disjointig_41_9663_16671 3032 4564 7008 -1 -1 1408 0.0115845
Chain
	Aln	136	-df569072-7fc9-43f0-a5c7-31337573706d 23 1554 1560 +edge_69_0_-disjointig_41_9663_16671 2443 3975 7008 -1 -1 1408 0.0115845
Chain
	Aln	39	+0d92a7a8-a7ac-4f6c-8062-e6048ed904b6 6 5216 5220 -edge_20_0_+disjointig_116_0_8864 3692 8860 8864 -1 -1 4247 0.0198422
Chain
	Aln	38	-0d92a7a8-a7ac-4f6c-8062-e6048ed904b6 3 5213 5220 +edge_20_0_+disjointig_116_0_8864 3 5171 8864 -1 -1 4247 0.0198422
Chain
	Aln	258	+92ae0d1c-394a-47e2-a9d4-e4fdef0f8b29 0 3758 4110 +edge_130_0_+disjointig_84_0_16176 0 3667 16176 -1 -1 2012 0.0479549
Chain
	Aln	259	-92ae0d1c-394a-47e2-a9d4-e4fdef0f8b29 351 4109 4110 -edge_130_0_+disjointig_84_0_16176 12508 16175 16176 -1 -1 2012 0.0479549
Chain
	Aln	38	+8aa0f14b-68d7-4002-b3d3-04ed94f6b6cb 25 8963 8974 +edge_20_0_+disjointig_116_0_8864 3 8854 8864 -1 -1 7371 0.0172486
Chain
	Aln	39	-8aa0f14b-68d7-4002-b3d3-04ed94f6b6cb 10 8948 8974 -edge_20_0_+disjointig_116_0_8864 9 8860 8864 -1 -1 7371 0.0172486
Chain
	Aln	157	+022d9aba-8e20-494a-bc17-fb721a5a0ea3 13 210 2486 -edge_79_3_+disjointig_5_5946_6584 373 570 638 -1 -1 115 0.0491073
	Aln	157	+022d9aba-8e20-494a-bc17-fb721a5a0ea3 245 814 2486 -edge_79_6_+disjointig_5_8256_8869 5 574 613 -1 -1 180 0.104312
	Aln	157	+022d9aba-8e20-494a-bc17-fb721a5a0ea3 773 1295 2486 -edge_79_8_+disjointig_5_11040_11642 79 601 602 -1 -1 316 0.0435765
	Aln	159	+022d9aba-8e20-494a-bc17-fb721a5a0ea3 1297 2210 2486 -edge_80_1_+disjointig_5_10123_11040 1 916 917 -1 -1 601 0.0406299
Chain
	Aln	158	-022d9aba-8e20-494a-bc17-fb721a5a0ea3 275 1188 2486 +edge_80_1_+disjointig_5_10123_11040 0 915 917 -1 -1 601 0.0406299
	Aln	156	-022d9aba-8e20-494a-bc17-fb721a5a0ea3 1190 1712 2486 +edge_79_8_+disjointig_5_11040_11642 0 522 602 -1 -1 316 0.0435765
	Aln	156	-022d9aba-8e20-494a-bc17-fb721a5a0ea3 1671 2240 2486 +edge_79_6_+disjointig_5_8256_8869 38 607 613 -1 -1 180 0.104312
	Aln	156	-022d9aba-8e20-494a-bc17-fb721a5a0ea3 2275 2472 2486 +edge_79_3_+disjointig_5_5946_6584 67 264 638 -1 -1 115 0.0491073
Chain
	Aln	287	+40f9237a-0e59-40fe-8005-9c5201925adb 91 18714 18716 -edge_144_0_+disjointig_97_0_25483 6859 25481 25483 -1 -1 16848 0.00863159
Chain
	Aln	286	-40f9237a-0e59-40fe-8005-9c5201925adb 1 18624 18716 +edge_144_0_+disjointig_97_0_25483 1 18623 25483 -1 -1 16848 0.00863159
Chain
	Aln	2	+87c444ae-9b83-488d-a9ee-92bf970916f1 8 1371 1404 +edge_2_0_+disjointig_10_0_35069 22789 24156 35069 -1 -1 761 0.0612378
Chain
	Aln	3	-87c444ae-9b83-488d-a9ee-92bf970916f1 32 1395 1404 -edge_2_0_+disjointig_10_0_35069 10912 12279 35069 -1 -1 761 0.0612378
Chain
	Aln	267	+71d4313a-44b7-422a-baf3-cb0e57da6d74 35 11237 11242 -edge_134_0_+disjointig_88_0_26283 2544 13455 26283 -1 -1 9305 0.0148357
Chain
	Aln	266	-71d4313a-44b7-422a-baf3-cb0e57da6d74 4 11206 11242 +edge_134_0_+disjointig_88_0_26283 12827 23738 26283 -1 -1 9305 0.0148357
Chain
	Aln	223	+9e275792-90f4-466c-9e38-3aa57b06b219 43 1559 1562 -edge_112_0_+disjointig_73_0_6252 1195 2730 6252 -1 -1 903 0.0460581
Chain
	Aln	222	-9e275792-90f4-466c-9e38-3aa57b06b219 2 1518 1562 +edge_112_0_+disjointig_73_0_6252 3521 5056 6252 -1 -1 903 0.0460581
Chain
	Aln	286	+245f8987-eb09-4e65-a392-6ae93dd4e04d 22 25473 25479 +edge_144_0_+disjointig_97_0_25483 1 25478 25483 -1 -1 20093 0.021098
Chain
	Aln	287	-245f8987-eb09-4e65-a392-6ae93dd4e04d 5 25456 25479 -edge_144_0_+disjointig_97_0_25483 4 25481 25483 -1 -1 20093 0.021098
Chain
	Aln	295	+f5ce982e-3a1e-48e6-a7d9-28e3728ea8be 8 3843 3849 -edge_148_0_+disjointig_19_5222_9979 61 3907 4757 -1 -1 1636 0.0703556
Chain
	Aln	294	-f5ce982e-3a1e-48e6-a7d9-28e3728ea8be 5 3840 3849 +edge_148_0_+disjointig_19_5222_9979 849 4695 4757 -1 -1 1636 0.0703556
Chain
	Aln	148	+2a56fd55-8fac-4461-be78-e0ec94c6a755 12 1955 5059 +edge_75_0_+disjointig_47_0_3558 1655 3556 3558 -1 -1 1522 0.0274129
	Aln	148	+2a56fd55-8fac-4461-be78-e0ec94c6a755 1979 5048 5059 +edge_75_0_+disjointig_47_0_3558 22 3066 3558 -1 -1 2247 0.0313944
Chain
	Aln	149	-2a56fd55-8fac-4461-be78-e0ec94c6a755 10 3079 5059 -edge_75_0_+disjointig_47_0_3558 491 3535 3558 -1 -1 2247 0.0313944
	Aln	149	-2a56fd55-8fac-4461-be78-e0ec94c6a755 3103 5046 5059 -edge_75_0_+disjointig_47_0_3558 1 1902 3558 -1 -1 1522 0.0274129
Chain
	Aln	3	+7a038b00-0129-4f0d-93da-3001c067139f 1389 3451 11337 -edge_2_0_+disjointig_10_0_35069 10125 12187 35069 -1 -1 1472 0.0397258
Chain
	Aln	2	-7a038b00-0129-4f0d-93da-3001c067139f 7885 9947 11337 +edge_2_0_+disjointig_10_0_35069 22881 24943 35069 -1 -1 1472 0.0397258
Chain
	Aln	178	+b03d4bd2-f94b-4424-abe3-20a809cd1947 22 3226 3228 +edge_90_0_+disjointig_59_0_3225 2 3203 3225 -1 -1 2796 0.0141263
Chain
	Aln	179	-b03d4bd2-f94b-4424-abe3-20a809cd1947 1 3205 3228 -edge_90_0_+disjointig_59_0_3225 21 3222 3225 -1 -1 2796 0.0141263
Chain
	Aln	179	+488e9a2e-86b7-4a92-ac32-8b050af24175 8 3200 3231 -edge_90_0_+disjointig_59_0_3225 7 3197 3225 -1 -1 2187 0.0362689
Chain
	Aln	178	-488e9a2e-86b7-4a92-ac32-8b050af24175 30 3222 3231 +edge_90_0_+disjointig_59_0_3225 27 3217 3225 -1 -1 2187 0.0362689
Chain
	Aln	3	+7cf1cc75-c358-4065-9863-097eb32ba7bd 24 3307 3309 -edge_2_0_+disjointig_10_0_35069 11096 14357 35069 -1 -1 2021 0.0448269
Chain
	Aln	2	-7cf1cc75-c358-4065-9863-097eb32ba7bd 1 3284 3309 +edge_2_0_+disjointig_10_0_35069 20711 23972 35069 -1 -1 2021 0.0448269
Chain
	Aln	3	+22964289-58d9-450e-bc65-dd2746f509ff 17568 19075 19136 -edge_2_0_+disjointig_10_0_35069 9939 11446 35069 -1 -1 1073 0.0311939
Chain
	Aln	2	-22964289-58d9-450e-bc65-dd2746f509ff 60 1567 19136 +edge_2_0_+disjointig_10_0_35069 23622 25129 35069 -1 -1 1073 0.0311939
Chain
	Aln	278	+dd4059de-65d2-44e7-8f40-739c62eff411 21 5994 5997 +edge_140_0_+disjointig_93_0_5954 1 5933 5954 -1 -1 5375 0.00983075
Chain
	Aln	279	-dd4059de-65d2-44e7-8f40-739c62eff411 2 5975 5997 -edge_140_0_+disjointig_93_0_5954 20 5952 5954 -1 -1 5375 0.00983075
Chain
	Aln	279	+9549ad15-ee73-46a3-9dc3-d479f4d7356e 19 5983 5985 -edge_140_0_+disjointig_93_0_5954 18 5952 5954 -1 -1 4828 0.0214156
Chain
	Aln	278	-9549ad15-ee73-46a3-9dc3-d479f4d7356e 1 5965 5985 +edge_140_0_+disjointig_93_0_5954 1 5935 5954 -1 -1 4828 0.0214156
Chain
	Aln	130	+7b6eb147-2883-4b1a-9b8e-cba9844974f4 45 7363 7391 +edge_66_0_+disjointig_39_0_7401 49 7359 7401 -1 -1 6474 0.0151322
Chain
	Aln	131	-7b6eb147-2883-4b1a-9b8e-cba9844974f4 27 7345 7391 -edge_66_0_+disjointig_39_0_7401 41 7351 7401 -1 -1 6474 0.0151322
Chain
	Aln	131	+87c3f5ce-4cac-47fa-9f79-dcb884c77637 12 7254 7256 -edge_66_0_+disjointig_39_0_7401 11 7399 7401 -1 -1 4789 0.0425973
Chain
	Aln	130	-87c3f5ce-4cac-47fa-9f79-dcb884c77637 1 7243 7256 +edge_66_0_+disjointig_39_0_7401 1 7389 7401 -1 -1 4789 0.0425973
Chain
	Aln	2	+93b8d848-4379-4e0d-b801-688a5d8efb56 55 1756 14984 +edge_2_0_+disjointig_10_0_35069 23474 25175 35069 -1 -1 1139 0.0372107
Chain
	Aln	3	-93b8d848-4379-4e0d-b801-688a5d8efb56 13227 14928 14984 -edge_2_0_+disjointig_10_0_35069 9893 11594 35069 -1 -1 1139 0.0372107
Chain
	Aln	3	+39afe974-e769-4dde-bddf-d2343e7ea074 2917 4119 4128 -edge_2_0_+disjointig_10_0_35069 9838 11045 35069 -1 -1 695 0.0474447
Chain
	Aln	2	-39afe974-e769-4dde-bddf-d2343e7ea074 8 1210 4128 +edge_2_0_+disjointig_10_0_35069 24023 25230 35069 -1 -1 695 0.0474447
Chain
	Aln	33	+48444305-5b41-4178-ae18-d4534bb228b6 96 3072 3091 -edge_17_0_+disjointig_113_0_5902 2919 5883 5902 -1 -1 1825 0.0422968
Chain
	Aln	32	-48444305-5b41-4178-ae18-d4534bb228b6 18 2994 3091 +edge_17_0_+disjointig_113_0_5902 18 2982 5902 -1 -1 1825 0.0422968
Chain
	Aln	136	+5ff432b6-83ea-4e78-830e-469762a834a3 7 2854 2862 +edge_69_0_-disjointig_41_9663_16671 3103 5948 7008 -1 -1 2565 0.0127883
Chain
	Aln	137	-5ff432b6-83ea-4e78-830e-469762a834a3 7 2854 2862 -edge_69_0_-disjointig_41_9663_16671 1059 3904 7008 -1 -1 2565 0.0127883
Chain
	Aln	135	+7c65d9c6-d9fb-4923-bcb3-e790203956ee 19 294 5547 -edge_68_28_+disjointig_41_10720_11563 547 823 843 -1 -1 248 0.0151665
	Aln	135	+7c65d9c6-d9fb-4923-bcb3-e790203956ee 246 784 5547 -edge_68_23_+disjointig_41_7627_8247 9 547 620 -1 -1 434 0.032877
	Aln	135	+7c65d9c6-d9fb-4923-bcb3-e790203956ee 811 1168 5547 -edge_68_25_+disjointig_41_8828_9487 284 641 659 -1 -1 334 0.0148525
	Aln	135	+7c65d9c6-d9fb-4923-bcb3-e790203956ee 1152 1851 5547 -edge_68_30_+disjointig_41_12413_13120 8 706 707 -1 -1 597 0.0196688
	Aln	135	+7c65d9c6-d9fb-4923-bcb3-e790203956ee 1832 2396 5547 -edge_68_11_+disjointig_40_8063_8650 21 586 587 -1 -1 471 0.0215917
	Aln	135	+7c65d9c6-d9fb-4923-bcb3-e790203956ee 2394 2885 5547 -edge_68_1_+disjointig_40_961_1474 21 512 513 -1 -1 458 0.0126344
	Aln	135	+7c65d9c6-d9fb-4923-bcb3-e790203956ee 2852 3552 5547 -edge_68_30_+disjointig_41_12413_13120 8 706 707 -1 -1 594 0.0227453
	Aln	135	+7c65d9c6-d9fb-4923-bcb3-e790203956ee 3551 4097 5547 -edge_68_18_+disjointig_40_13052_13605 5 552 553 -1 -1 494 0.0178767
	Aln	135	+7c65d9c6-d9fb-4923-bcb3-e790203956ee 4099 4718 5547 -edge_68_10_+disjointig_40_7389_8063 1 618 674 -1 -1 559 0.020371
	Aln	135	+7c65d9c6-d9fb-4923-bcb3-e790203956ee 4693 5209 5547 -edge_68_7_+disjointig_40_5436_5962 8 525 526 -1 -1 448 0.0183851
	Aln	135	+7c65d9c6-d9fb-4923-bcb3-e790203956ee 5169 5533 5547 -edge_68_23_+disjointig_41_7627_8247 2 366 620 -1 -1 307 0.0249088
Chain
	Aln	134	-7c65d9c6-d9fb-4923-bcb3-e790203956ee 13 377 5547 +edge_68_23_+disjointig_41_7627_8247 253 617 620 -1 -1 307 0.0249088
	Aln	134	-7c65d9c6-d9fb-4923-bcb3-e790203956ee 337 853 5547 +edge_68_7_+disjointig_40_5436_5962 0 517 526 -1 -1 448 0.0183851
	Aln	134	-7c65d9c6-d9fb-4923-bcb3-e790203956ee 828 1447 5547 +edge_68_10_+disjointig_40_7389_8063 55 672 674 -1 -1 559 0.020371
	Aln	134	-7c65d9c6-d9fb-4923-bcb3-e790203956ee 1449 1995 5547 +edge_68_18_+disjointig_40_13052_13605 0 547 553 -1 -1 494 0.0178767
	Aln	134	-7c65d9c6-d9fb-4923-bcb3-e790203956ee 1994 2694 5547 +edge_68_30_+disjointig_41_12413_13120 0 698 707 -1 -1 594 0.0227453
	Aln	134	-7c65d9c6-d9fb-4923-bcb3-e790203956ee 2661 3152 5547 +edge_68_1_+disjointig_40_961_1474 0 491 513 -1 -1 458 0.0126344
	Aln	134	-7c65d9c6-d9fb-4923-bcb3-e790203956ee 3150 3714 5547 +edge_68_11_+disjointig_40_8063_8650 0 565 587 -1 -1 471 0.0215917
	Aln	134	-7c65d9c6-d9fb-4923-bcb3-e790203956ee 3695 4394 5547 +edge_68_30_+disjointig_41_12413_13120 0 698 707 -1 -1 597 0.0196688
	Aln	134	-7c65d9c6-d9fb-4923-bcb3-e790203956ee 4378 4735 5547 +edge_68_25_+disjointig_41_8828_9487 17 374 659 -1 -1 334 0.0148525
	Aln	134	-7c65d9c6-d9fb-4923-bcb3-e790203956ee 4762 5300 5547 +edge_68_23_+disjointig_41_7627_8247 72 610 620 -1 -1 434 0.032877
	Aln	134	-7c65d9c6-d9fb-4923-bcb3-e790203956ee 5252 5527 5547 +edge_68_28_+disjointig_41_10720_11563 19 295 843 -1 -1 248 0.0151665
Chain
	Aln	32	+9645fab3-52fe-4f0f-b7d1-87245aef548a 1534 7385 7394 +edge_17_0_+disjointig_113_0_5902 18 5894 5902 -1 -1 3600 0.0403291
Chain
	Aln	33	-9645fab3-52fe-4f0f-b7d1-87245aef548a 8 5859 7394 -edge_17_0_+disjointig_113_0_5902 7 5883 5902 -1 -1 3600 0.0403291
Chain
	Aln	91	+c48f0dd0-dc51-4225-9cca-9e12a571ac98 12 2533 2544 -edge_46_0_+disjointig_28_0_2546 11 2535 2546 -1 -1 2200 0.0116364
Chain
	Aln	90	-c48f0dd0-dc51-4225-9cca-9e12a571ac98 10 2531 2544 +edge_46_0_+disjointig_28_0_2546 10 2534 2546 -1 -1 2200 0.0116364
Chain
	Aln	266	+99ae35de-16d1-4230-a5be-42000cda5e3b 264 4519 4522 +edge_134_0_+disjointig_88_0_26283 4070 8156 26283 -1 -1 3374 0.0156538
Chain
	Aln	267	-99ae35de-16d1-4230-a5be-42000cda5e3b 2 4257 4522 -edge_134_0_+disjointig_88_0_26283 18126 22212 26283 -1 -1 3374 0.0156538
Chain
	Aln	3	+4ab3f795-7da8-46bb-897e-2eb4ae9faab5 1 1463 1467 -edge_2_0_+disjointig_10_0_35069 9916 11377 35069 -1 -1 1001 0.0352783
Chain
	Aln	2	-4ab3f795-7da8-46bb-897e-2eb4ae9faab5 3 1465 1467 +edge_2_0_+disjointig_10_0_35069 23691 25152 35069 -1 -1 1001 0.0352783
Chain
	Aln	46	+9f4abd5e-1a1a-4d93-8161-c5563cfa58cb 23 2390 2445 +edge_24_0_+disjointig_12_0_2377 1 2296 2377 -1 -1 1478 0.0374339
Chain
	Aln	47	-9f4abd5e-1a1a-4d93-8161-c5563cfa58cb 54 2421 2445 -edge_24_0_+disjointig_12_0_2377 80 2375 2377 -1 -1 1478 0.0374339
Chain
	Aln	110	+e9ef890e-b0d6-49d5-89b8-f4e032b50f7c 27 3514 3532 +edge_56_0_+disjointig_32_0_3531 6 3494 3531 -1 -1 2903 0.0191221
Chain
	Aln	111	-e9ef890e-b0d6-49d5-89b8-f4e032b50f7c 17 3504 3532 -edge_56_0_+disjointig_32_0_3531 36 3524 3531 -1 -1 2903 0.0191221
Chain
	Aln	47	+114e3e6f-b54d-4654-ab64-8b7585dabc25 8 2458 2460 -edge_24_0_+disjointig_12_0_2377 7 2375 2377 -1 -1 1566 0.0402356
Chain
	Aln	46	-114e3e6f-b54d-4654-ab64-8b7585dabc25 1 2451 2460 +edge_24_0_+disjointig_12_0_2377 1 2369 2377 -1 -1 1566 0.0402356
Chain
	Aln	111	+63c7d813-c38a-4bd7-8ff2-7b2bad9c1e7f 9 3295 3363 -edge_56_0_+disjointig_32_0_3531 8 3456 3531 -1 -1 1557 0.0696543
Chain
	Aln	110	-63c7d813-c38a-4bd7-8ff2-7b2bad9c1e7f 67 3353 3363 +edge_56_0_+disjointig_32_0_3531 74 3522 3531 -1 -1 1557 0.0696543
Chain
	Aln	3	+6b9136ac-17f5-4976-bfff-f0b4b2ef9eb2 2403 3480 3510 -edge_2_0_+disjointig_10_0_35069 9916 10993 35069 -1 -1 673 0.0472119
Chain
	Aln	2	-6b9136ac-17f5-4976-bfff-f0b4b2ef9eb2 29 1106 3510 +edge_2_0_+disjointig_10_0_35069 24075 25152 35069 -1 -1 673 0.0472119
Chain
	Aln	290	+1aaa974b-4d1d-483e-a671-eb55fe8e2fd2 95 5188 5195 +edge_146_0_+disjointig_99_0_5847 723 5817 5847 -1 -1 4814 0.00568609
Chain
	Aln	291	-1aaa974b-4d1d-483e-a671-eb55fe8e2fd2 6 5099 5195 -edge_146_0_+disjointig_99_0_5847 29 5123 5847 -1 -1 4814 0.00568609
Chain
	Aln	288	+91232735-9532-429d-81ac-bc0840c058cb 33 12880 12911 +edge_145_0_+disjointig_98_0_12847 10 12798 12847 -1 -1 10557 0.0183316
Chain
	Aln	289	-91232735-9532-429d-81ac-bc0840c058cb 30 12877 12911 -edge_145_0_+disjointig_98_0_12847 48 12836 12847 -1 -1 10557 0.0183316
Chain
	Aln	3	+47cb4f69-ae14-48b3-b54e-8cf09f5965bf 3216 4216 4319 -edge_2_0_+disjointig_10_0_35069 9915 10929 35069 -1 -1 706 0.0353855
Chain
	Aln	2	-47cb4f69-ae14-48b3-b54e-8cf09f5965bf 102 1102 4319 +edge_2_0_+disjointig_10_0_35069 24139 25153 35069 -1 -1 706 0.0353855
Chain
	Aln	291	+3ae4037f-317f-49e6-9783-2ee73c52e456 13 5801 5803 -edge_146_0_+disjointig_99_0_5847 12 5845 5847 -1 -1 4711 0.0209412
Chain
	Aln	290	-3ae4037f-317f-49e6-9783-2ee73c52e456 1 5789 5803 +edge_146_0_+disjointig_99_0_5847 1 5834 5847 -1 -1 4711 0.0209412
Chain
	Aln	289	+7fa9a155-36f3-48a0-b6a6-c051fb2720e4 18 12819 12830 -edge_145_0_+disjointig_98_0_12847 17 12836 12847 -1 -1 8369 0.0364509
Chain
	Aln	288	-7fa9a155-36f3-48a0-b6a6-c051fb2720e4 10 12811 12830 +edge_145_0_+disjointig_98_0_12847 10 12829 12847 -1 -1 8369 0.0364509
Chain
	Aln	2	+2866dfd0-8171-4e04-9965-cb4dc1c1aecc 1 1871 4020 +edge_2_0_+disjointig_10_0_35069 23209 25087 35069 -1 -1 1317 0.0354995
Chain
	Aln	3	-2866dfd0-8171-4e04-9965-cb4dc1c1aecc 2148 4018 4020 -edge_2_0_+disjointig_10_0_35069 9981 11859 35069 -1 -1 1317 0.0354995
Chain
	Aln	3	+e6559f9c-6127-419e-9e9a-6630f3894c20 5491 7973 9087 -edge_2_0_+disjointig_10_0_35069 11993 14478 35069 -1 -1 1660 0.0427687
Chain
	Aln	2	+e6559f9c-6127-419e-9e9a-6630f3894c20 8025 9057 9087 +edge_2_0_+disjointig_10_0_35069 23141 24182 35069 -1 -1 784 0.0312709
Chain
	Aln	2	-e6559f9c-6127-419e-9e9a-6630f3894c20 1113 3595 9087 +edge_2_0_+disjointig_10_0_35069 20590 23075 35069 -1 -1 1660 0.0427687
Chain
	Aln	3	-e6559f9c-6127-419e-9e9a-6630f3894c20 29 1061 9087 -edge_2_0_+disjointig_10_0_35069 10886 11927 35069 -1 -1 784 0.0312709
Chain
	Aln	3	+48164d03-9afe-4818-844f-2876492d7e3a 3306 4719 5010 -edge_2_0_+disjointig_10_0_35069 9994 11422 35069 -1 -1 691 0.0604815
Chain
	Aln	2	-48164d03-9afe-4818-844f-2876492d7e3a 290 1703 5010 +edge_2_0_+disjointig_10_0_35069 23646 25074 35069 -1 -1 691 0.0604815
Chain
	Aln	133	+6e7088a2-a59f-4e7b-81aa-c383c380bf65 17 2315 2317 -edge_67_0_+disjointig_4_0_2310 16 2308 2310 -1 -1 1665 0.0278557
Chain
	Aln	132	-6e7088a2-a59f-4e7b-81aa-c383c380bf65 1 2299 2317 +edge_67_0_+disjointig_4_0_2310 1 2293 2310 -1 -1 1665 0.0278557
Chain
	Aln	207	+cda6f1b1-a303-4646-888a-75279e1ee9c6 14 3033 3038 -edge_104_0_+disjointig_66_0_10815 7798 10810 10815 -1 -1 2392 0.0212218
Chain
	Aln	206	-cda6f1b1-a303-4646-888a-75279e1ee9c6 4 3023 3038 +edge_104_0_+disjointig_66_0_10815 4 3016 10815 -1 -1 2392 0.0212218
Chain
	Aln	3	+f733e234-29f0-4760-b08c-179485345fbe 15 1151 1215 -edge_2_0_+disjointig_10_0_35069 12715 13864 35069 -1 -1 854 0.0339253
Chain
	Aln	2	-f733e234-29f0-4760-b08c-179485345fbe 63 1199 1215 +edge_2_0_+disjointig_10_0_35069 21204 22353 35069 -1 -1 854 0.0339253
Chain
	Aln	68	+723bac87-162e-4730-82b3-0335895ea63a 16 3605 3607 +edge_35_0_+disjointig_19_0_5222 284 3860 5222 -1 -1 2837 0.0268681
Chain
	Aln	69	-723bac87-162e-4730-82b3-0335895ea63a 1 3590 3607 -edge_35_0_+disjointig_19_0_5222 1361 4937 5222 -1 -1 2837 0.0268681
Chain
	Aln	97	+910eb4da-8d7f-4c4b-b530-5c1968480215 27 660 1411 -edge_49_1_+disjointig_3_3698_4540 207 841 842 -1 -1 600 0.00910579
	Aln	102	+910eb4da-8d7f-4c4b-b530-5c1968480215 661 1369 1411 +edge_52_0_-disjointig_3_10297_12171 1 710 1874 -1 -1 557 0.0216896
Chain
	Aln	103	-910eb4da-8d7f-4c4b-b530-5c1968480215 41 749 1411 -edge_52_0_-disjointig_3_10297_12171 1163 1872 1874 -1 -1 557 0.0216896
	Aln	96	-910eb4da-8d7f-4c4b-b530-5c1968480215 750 1383 1411 +edge_49_1_+disjointig_3_3698_4540 0 634 842 -1 -1 600 0.00910579
Chain
	Aln	2	+7aa9e050-70d6-41af-8a2a-ff6ba29bead5 8 2112 2151 +edge_2_0_+disjointig_10_0_35069 21588 23738 35069 -1 -1 1207 0.0555466
Chain
	Aln	3	-7aa9e050-70d6-41af-8a2a-ff6ba29bead5 38 2142 2151 -edge_2_0_+disjointig_10_0_35069 11330 13480 35069 -1 -1 1207 0.0555466
Chain
	Aln	269	+b52a293f-937f-4cb7-bfbc-07441e5d12b1 6 5671 5677 -edge_135_0_+disjointig_89_0_5659 5 5653 5659 -1 -1 3852 0.0350998
Chain
	Aln	268	-b52a293f-937f-4cb7-bfbc-07441e5d12b1 5 5670 5677 +edge_135_0_+disjointig_89_0_5659 5 5653 5659 -1 -1 3852 0.0350998
Chain
	Aln	268	+5cf536d1-eac8-4825-9bdd-09238a8ff0d2 54 5638 5664 +edge_135_0_+disjointig_89_0_5659 36 5614 5659 -1 -1 4031 0.0307539
Chain
	Aln	269	-5cf536d1-eac8-4825-9bdd-09238a8ff0d2 25 5609 5664 -edge_135_0_+disjointig_89_0_5659 44 5622 5659 -1 -1 4031 0.0307539
Chain
	Aln	285	+81403c65-97df-43b9-9a4c-7a830ca64db3 31 4182 4185 -edge_143_0_+disjointig_96_0_4142 30 4139 4142 -1 -1 2995 0.0324518
Chain
	Aln	284	-81403c65-97df-43b9-9a4c-7a830ca64db3 2 4153 4185 +edge_143_0_+disjointig_96_0_4142 2 4111 4142 -1 -1 2995 0.0324518
Chain
	Aln	284	+5a9a69d7-c7b3-427c-ba68-fc9add3d36a0 84 4146 4148 +edge_143_0_+disjointig_96_0_4142 58 4120 4142 -1 -1 3703 0.010737
Chain
	Aln	285	-5a9a69d7-c7b3-427c-ba68-fc9add3d36a0 1 4063 4148 -edge_143_0_+disjointig_96_0_4142 21 4083 4142 -1 -1 3703 0.010737
Chain
	Aln	157	+0299457b-aa59-4a8d-a1df-787bf3492a5d 31 259 6878 -edge_79_4_+disjointig_5_6584_7223 397 625 639 -1 -1 76 0.122452
	Aln	157	+0299457b-aa59-4a8d-a1df-787bf3492a5d 338 857 6878 -edge_79_8_+disjointig_5_11040_11642 32 551 602 -1 -1 349 0.0476168
	Aln	159	+0299457b-aa59-4a8d-a1df-787bf3492a5d 932 1828 6878 -edge_80_1_+disjointig_5_10123_11040 24 916 917 -1 -1 533 0.0498076
	Aln	157	+0299457b-aa59-4a8d-a1df-787bf3492a5d 1820 2325 6878 -edge_79_3_+disjointig_5_5946_6584 16 521 638 -1 -1 111 0.141658
	Aln	157	+0299457b-aa59-4a8d-a1df-787bf3492a5d 2368 2950 6878 -edge_79_8_+disjointig_5_11040_11642 19 601 602 -1 -1 377 0.0390763
	Aln	159	+0299457b-aa59-4a8d-a1df-787bf3492a5d 2952 3867 6878 -edge_80_1_+disjointig_5_10123_11040 1 916 917 -1 -1 531 0.0509206
	Aln	159	+0299457b-aa59-4a8d-a1df-787bf3492a5d 4140 5058 6878 -edge_80_1_+disjointig_5_10123_11040 1 916 917 -1 -1 546 0.0496033
	Aln	157	+0299457b-aa59-4a8d-a1df-787bf3492a5d 5050 5555 6878 -edge_79_3_+disjointig_5_5946_6584 16 521 638 -1 -1 111 0.141658
	Aln	157	+0299457b-aa59-4a8d-a1df-787bf3492a5d 5589 6179 6878 -edge_79_8_+disjointig_5_11040_11642 10 601 602 -1 -1 386 0.0388857
	Aln	159	+0299457b-aa59-4a8d-a1df-787bf3492a5d 6181 6731 6878 -edge_80_1_+disjointig_5_10123_11040 1 548 917 -1 -1 414 0.0365224
	Aln	157	+0299457b-aa59-4a8d-a1df-787bf3492a5d 6697 6830 6878 -edge_79_6_+disjointig_5_8256_8869 43 171 613 -1 -1 37 0.12113
Chain
	Aln	156	-0299457b-aa59-4a8d-a1df-787bf3492a5d 47 180 6878 +edge_79_6_+disjointig_5_8256_8869 441 569 613 -1 -1 37 0.12113
	Aln	158	-0299457b-aa59-4a8d-a1df-787bf3492a5d 146 696 6878 +edge_80_1_+disjointig_5_10123_11040 368 915 917 -1 -1 414 0.0365224
	Aln	156	-0299457b-aa59-4a8d-a1df-787bf3492a5d 698 1288 6878 +edge_79_8_+disjointig_5_11040_11642 0 591 602 -1 -1 386 0.0388857
	Aln	156	-0299457b-aa59-4a8d-a1df-787bf3492a5d 1322 1827 6878 +edge_79_3_+disjointig_5_5946_6584 116 621 638 -1 -1 111 0.141658
	Aln	158	-0299457b-aa59-4a8d-a1df-787bf3492a5d 1819 2737 6878 +edge_80_1_+disjointig_5_10123_11040 0 915 917 -1 -1 546 0.0496033
	Aln	158	-0299457b-aa59-4a8d-a1df-787bf3492a5d 3010 3925 6878 +edge_80_1_+disjointig_5_10123_11040 0 915 917 -1 -1 531 0.0509206
	Aln	156	-0299457b-aa59-4a8d-a1df-787bf3492a5d 3927 4509 6878 +edge_79_8_+disjointig_5_11040_11642 0 582 602 -1 -1 377 0.0390763
	Aln	156	-0299457b-aa59-4a8d-a1df-787bf3492a5d 4552 5057 6878 +edge_79_3_+disjointig_5_5946_6584 116 621 638 -1 -1 111 0.141658
	Aln	158	-0299457b-aa59-4a8d-a1df-787bf3492a5d 5049 5945 6878 +edge_80_1_+disjointig_5_10123_11040 0 892 917 -1 -1 533 0.0498076
	Aln	156	-0299457b-aa59-4a8d-a1df-787bf3492a5d 6020 6539 6878 +edge_79_8_+disjointig_5_11040_11642 50 569 602 -1 -1 349 0.0476168
	Aln	156	-0299457b-aa59-4a8d-a1df-787bf3492a5d 6618 6846 6878 +edge_79_4_+disjointig_5_6584_7223 13 241 639 -1 -1 76 0.122452
Chain
	Aln	251	+1d1dedd1-2b7d-44a6-93a7-f5bf6432866a 86 2729 2749 -edge_126_0_+disjointig_80_0_2716 87 2696 2716 -1 -1 1776 0.041391
Chain
	Aln	250	-1d1dedd1-2b7d-44a6-93a7-f5bf6432866a 19 2662 2749 +edge_126_0_+disjointig_80_0_2716 19 2628 2716 -1 -1 1776 0.041391
Chain
	Aln	136	+b9f44288-5d13-45a0-adbc-36cd5e94bc37 0 2020 2025 +edge_69_0_-disjointig_41_9663_16671 1083 3110 7008 -1 -1 1744 0.0181723
Chain
	Aln	137	-b9f44288-5d13-45a0-adbc-36cd5e94bc37 4 2024 2025 -edge_69_0_-disjointig_41_9663_16671 3897 5924 7008 -1 -1 1744 0.0181723
Chain
	Aln	3	+49e95e4d-3ac1-45d1-99c2-4486e1c899d5 66 2818 4975 -edge_2_0_+disjointig_10_0_35069 12286 15040 35069 -1 -1 1670 0.0463914
Chain
	Aln	2	-49e95e4d-3ac1-45d1-99c2-4486e1c899d5 2156 4908 4975 +edge_2_0_+disjointig_10_0_35069 20028 22782 35069 -1 -1 1670 0.0463914
Chain
	Aln	41	+f6054e05-0506-4aa9-8716-98b9ddce3c1e 9 2303 2306 -edge_21_0_+disjointig_117_0_4844 8 2296 4844 -1 -1 1851 0.0210045
Chain
	Aln	40	-f6054e05-0506-4aa9-8716-98b9ddce3c1e 2 2296 2306 +edge_21_0_+disjointig_117_0_4844 2547 4835 4844 -1 -1 1851 0.0210045
Chain
	Aln	40	+0c34e3ba-a8f8-4974-9acf-a2a11f0f080e 1 4792 4831 +edge_21_0_+disjointig_117_0_4844 1 4790 4844 -1 -1 4496 0.00469429
Chain
	Aln	41	-0c34e3ba-a8f8-4974-9acf-a2a11f0f080e 38 4829 4831 -edge_21_0_+disjointig_117_0_4844 53 4842 4844 -1 -1 4496 0.00469429
Chain
	Aln	3	+b8f4d006-a4f9-4b8d-870f-a925025126aa 106 1624 1636 -edge_2_0_+disjointig_10_0_35069 11955 13462 35069 -1 -1 880 0.0518627
Chain
	Aln	2	-b8f4d006-a4f9-4b8d-870f-a925025126aa 11 1529 1636 +edge_2_0_+disjointig_10_0_35069 21606 23113 35069 -1 -1 880 0.0518627
Chain
	Aln	3	+05c6eb71-f446-4f38-9e69-6dc46ca5e428 51 3709 3714 -edge_2_0_+disjointig_10_0_35069 12009 15654 35069 -1 -1 2144 0.051405
Chain
	Aln	2	-05c6eb71-f446-4f38-9e69-6dc46ca5e428 4 3662 3714 +edge_2_0_+disjointig_10_0_35069 19414 23059 35069 -1 -1 2144 0.051405
Chain
	Aln	148	+e2a00a1b-e36d-4c3b-b4b5-9614b9239e46 0 2774 2776 +edge_75_0_+disjointig_47_0_3558 192 2952 3558 -1 -1 2294 0.0193782
Chain
	Aln	149	-e2a00a1b-e36d-4c3b-b4b5-9614b9239e46 1 2775 2776 -edge_75_0_+disjointig_47_0_3558 605 3365 3558 -1 -1 2294 0.0193782
Chain
	Aln	2	+4edde52d-216e-46a3-bdf4-7f96dccaa738 0 1035 2054 +edge_2_0_+disjointig_10_0_35069 23929 24964 35069 -1 -1 753 0.0342614
Chain
	Aln	3	-4edde52d-216e-46a3-bdf4-7f96dccaa738 1018 2053 2054 -edge_2_0_+disjointig_10_0_35069 10104 11139 35069 -1 -1 753 0.0342614
Chain
	Aln	299	+e8cad156-5b01-4ee3-811e-227ac06b6720 55 1681 1698 -edge_150_0_+disjointig_64_2197_4318 155 1776 2121 -1 -1 1382 0.0222449
Chain
	Aln	298	-e8cad156-5b01-4ee3-811e-227ac06b6720 16 1642 1698 +edge_150_0_+disjointig_64_2197_4318 344 1965 2121 -1 -1 1382 0.0222449
Chain
	Aln	2	+a1615fe8-b166-45cb-ab43-639b336e3550 32 5291 6816 +edge_2_0_+disjointig_10_0_35069 19814 25074 35069 -1 -1 3607 0.0363731
Chain
	Aln	3	-a1615fe8-b166-45cb-ab43-639b336e3550 1524 6783 6816 -edge_2_0_+disjointig_10_0_35069 9994 15254 35069 -1 -1 3607 0.0363731
Chain
	Aln	3	+72bcefb8-d3cf-439b-a532-67bb8efe597d 389 2072 2097 -edge_2_0_+disjointig_10_0_35069 9984 11671 35069 -1 -1 885 0.0602113
Chain
	Aln	2	-72bcefb8-d3cf-439b-a532-67bb8efe597d 24 1707 2097 +edge_2_0_+disjointig_10_0_35069 23397 25084 35069 -1 -1 885 0.0602113
Chain
	Aln	69	+f25d9ff2-b2a1-4b87-9cf1-35dd2e40d7e3 275 2237 2276 -edge_35_0_+disjointig_19_0_5222 13 1980 5222 -1 -1 1378 0.0391057
Chain
	Aln	68	-f25d9ff2-b2a1-4b87-9cf1-35dd2e40d7e3 38 2000 2276 +edge_35_0_+disjointig_19_0_5222 3241 5208 5222 -1 -1 1378 0.0391057
Chain
	Aln	31	+f245d42f-fc4d-49e7-bfa5-82530cf1c9b8 665 3728 4022 -edge_16_0_+disjointig_112_0_3069 3 3066 3069 -1 -1 2199 0.0348081
Chain
	Aln	30	-f245d42f-fc4d-49e7-bfa5-82530cf1c9b8 293 3356 4022 +edge_16_0_+disjointig_112_0_3069 2 3065 3069 -1 -1 2199 0.0348081
Chain
	Aln	3	+9de9c2f7-b312-4edb-8bc4-72bcf36cd585 1918 4225 5759 -edge_2_0_+disjointig_10_0_35069 9916 12227 35069 -1 -1 1445 0.0451869
Chain
	Aln	2	-9de9c2f7-b312-4edb-8bc4-72bcf36cd585 1533 3840 5759 +edge_2_0_+disjointig_10_0_35069 22841 25152 35069 -1 -1 1445 0.0451869
Chain
	Aln	68	+08b5eda4-9076-4b5f-84a9-f5797325b12a 17 2348 2426 +edge_35_0_+disjointig_19_0_5222 2292 4624 5222 -1 -1 1333 0.0488319
Chain
	Aln	69	-08b5eda4-9076-4b5f-84a9-f5797325b12a 77 2408 2426 -edge_35_0_+disjointig_19_0_5222 597 2929 5222 -1 -1 1333 0.0488319
Chain
	Aln	2	+ffc9e739-f537-4e36-ba6c-b205c1ad8557 84 1421 1446 +edge_2_0_+disjointig_10_0_35069 20475 21820 35069 -1 -1 866 0.0447451
Chain
	Aln	3	-ffc9e739-f537-4e36-ba6c-b205c1ad8557 24 1361 1446 -edge_2_0_+disjointig_10_0_35069 13248 14593 35069 -1 -1 866 0.0447451
Chain
	Aln	3	+f6bd31fd-8d16-4482-a3bf-5ff334f4bde9 4110 5436 5788 -edge_2_0_+disjointig_10_0_35069 9799 11126 35069 -1 -1 806 0.0512101
Chain
	Aln	2	-f6bd31fd-8d16-4482-a3bf-5ff334f4bde9 351 1677 5788 +edge_2_0_+disjointig_10_0_35069 23942 25269 35069 -1 -1 806 0.0512101
Chain
	Aln	204	+10ef8e18-ebb3-4fe9-ad01-2982746480ee 2921 4477 4515 +edge_103_0_+disjointig_65_0_11547 7966 9516 11547 -1 -1 1094 0.0316055
Chain
	Aln	205	-10ef8e18-ebb3-4fe9-ad01-2982746480ee 37 1593 4515 -edge_103_0_+disjointig_65_0_11547 2030 3580 11547 -1 -1 1094 0.0316055
Chain
	Aln	2	+6b82ab24-3e36-4369-ac72-42081c9ee838 3 2622 17153 +edge_2_0_+disjointig_10_0_35069 22368 24999 35069 -1 -1 1707 0.0469574
Chain
	Aln	3	-6b82ab24-3e36-4369-ac72-42081c9ee838 14530 17149 17153 -edge_2_0_+disjointig_10_0_35069 10069 12700 35069 -1 -1 1707 0.0469574
Chain
	Aln	3	+98848a44-c8c5-4133-acbe-f891877deaa9 24 1896 1901 -edge_2_0_+disjointig_10_0_35069 12340 14220 35069 -1 -1 1224 0.0442028
Chain
	Aln	2	-98848a44-c8c5-4133-acbe-f891877deaa9 4 1876 1901 +edge_2_0_+disjointig_10_0_35069 20848 22728 35069 -1 -1 1224 0.0442028
Chain
	Aln	148	+32a54f0b-9d0d-4e12-b5e3-4da0f69ad0d2 28 1657 1669 +edge_75_0_+disjointig_47_0_3558 305 1831 3558 -1 -1 1043 0.0399481
Chain
	Aln	149	-32a54f0b-9d0d-4e12-b5e3-4da0f69ad0d2 11 1640 1669 -edge_75_0_+disjointig_47_0_3558 1726 3252 3558 -1 -1 1043 0.0399481
Chain
	Aln	158	+c2a202a1-b9b8-496e-a400-404d1011d512 80 734 1163 +edge_80_1_+disjointig_5_10123_11040 261 915 917 -1 -1 390 0.0526863
	Aln	156	+c2a202a1-b9b8-496e-a400-404d1011d512 765 1150 1163 +edge_79_3_+disjointig_5_5946_6584 29 414 638 -1 -1 243 0.0593755
Chain
	Aln	157	-c2a202a1-b9b8-496e-a400-404d1011d512 12 397 1163 -edge_79_3_+disjointig_5_5946_6584 223 608 638 -1 -1 243 0.0593755
	Aln	159	-c2a202a1-b9b8-496e-a400-404d1011d512 428 1082 1163 -edge_80_1_+disjointig_5_10123_11040 1 655 917 -1 -1 390 0.0526863
Chain
	Aln	235	+355e05c0-ae77-447e-8c83-880e8bd4f822 151 1695 20230 -edge_118_0_+disjointig_77_5116_6669 8 1552 1553 -1 -1 1476 0.00435602
	Aln	240	+355e05c0-ae77-447e-8c83-880e8bd4f822 1734 2868 20230 +edge_121_2_-disjointig_77_4224_5377 0 1125 1153 -1 -1 1057 0.0110804
	Aln	235	+355e05c0-ae77-447e-8c83-880e8bd4f822 2872 4419 20230 -edge_118_0_+disjointig_77_5116_6669 8 1552 1553 -1 -1 1439 0.00968921
	Aln	240	+355e05c0-ae77-447e-8c83-880e8bd4f822 4458 5592 20230 +edge_121_2_-disjointig_77_4224_5377 0 1125 1153 -1 -1 1062 0.010725
	Aln	235	+355e05c0-ae77-447e-8c83-880e8bd4f822 5596 7140 20230 -edge_118_0_+disjointig_77_5116_6669 8 1552 1553 -1 -1 1479 0.00435602
	Aln	240	+355e05c0-ae77-447e-8c83-880e8bd4f822 8202 9334 20230 +edge_121_2_-disjointig_77_4224_5377 0 1125 1153 -1 -1 1018 0.0168695
	Aln	235	+355e05c0-ae77-447e-8c83-880e8bd4f822 9338 10881 20230 -edge_118_0_+disjointig_77_5116_6669 8 1552 1553 -1 -1 1465 0.00435602
	Aln	240	+355e05c0-ae77-447e-8c83-880e8bd4f822 10920 12052 20230 +edge_121_2_-disjointig_77_4224_5377 0 1125 1153 -1 -1 1044 0.0109751
	Aln	235	+355e05c0-ae77-447e-8c83-880e8bd4f822 12056 13595 20230 -edge_118_0_+disjointig_77_5116_6669 8 1552 1553 -1 -1 1482 0.00439479
	Aln	240	+355e05c0-ae77-447e-8c83-880e8bd4f822 13634 14767 20230 +edge_121_2_-disjointig_77_4224_5377 0 1125 1153 -1 -1 1058 0.0107775
	Aln	235	+355e05c0-ae77-447e-8c83-880e8bd4f822 14771 16314 20230 -edge_118_0_+disjointig_77_5116_6669 8 1552 1553 -1 -1 1457 0.00650398
	Aln	240	+355e05c0-ae77-447e-8c83-880e8bd4f822 16352 17464 20230 +edge_121_2_-disjointig_77_4224_5377 0 1116 1153 -1 -1 992 0.0165217
	Aln	235	+355e05c0-ae77-447e-8c83-880e8bd4f822 17475 19020 20230 -edge_118_0_+disjointig_77_5116_6669 8 1552 1553 -1 -1 1500 0.00187175
	Aln	240	+355e05c0-ae77-447e-8c83-880e8bd4f822 19059 20188 20230 +edge_121_2_-disjointig_77_4224_5377 0 1125 1153 -1 -1 1031 0.0129956
Chain
	Aln	241	-355e05c0-ae77-447e-8c83-880e8bd4f822 41 1170 20230 -edge_121_2_-disjointig_77_4224_5377 27 1152 1153 -1 -1 1031 0.0129956
	Aln	234	-355e05c0-ae77-447e-8c83-880e8bd4f822 1209 2754 20230 +edge_118_0_+disjointig_77_5116_6669 0 1544 1553 -1 -1 1500 0.00187175
	Aln	241	-355e05c0-ae77-447e-8c83-880e8bd4f822 2765 3877 20230 -edge_121_2_-disjointig_77_4224_5377 36 1152 1153 -1 -1 992 0.0165217
	Aln	234	-355e05c0-ae77-447e-8c83-880e8bd4f822 3915 5458 20230 +edge_118_0_+disjointig_77_5116_6669 0 1544 1553 -1 -1 1457 0.00650398
	Aln	241	-355e05c0-ae77-447e-8c83-880e8bd4f822 5462 6595 20230 -edge_121_2_-disjointig_77_4224_5377 27 1152 1153 -1 -1 1058 0.0107775
	Aln	234	-355e05c0-ae77-447e-8c83-880e8bd4f822 6634 8173 20230 +edge_118_0_+disjointig_77_5116_6669 0 1544 1553 -1 -1 1482 0.00439479
	Aln	241	-355e05c0-ae77-447e-8c83-880e8bd4f822 8177 9309 20230 -edge_121_2_-disjointig_77_4224_5377 27 1152 1153 -1 -1 1044 0.0109751
	Aln	234	-355e05c0-ae77-447e-8c83-880e8bd4f822 9348 10891 20230 +edge_118_0_+disjointig_77_5116_6669 0 1544 1553 -1 -1 1465 0.00435602
	Aln	241	-355e05c0-ae77-447e-8c83-880e8bd4f822 10895 12027 20230 -edge_121_2_-disjointig_77_4224_5377 27 1152 1153 -1 -1 1018 0.0168695
	Aln	234	-355e05c0-ae77-447e-8c83-880e8bd4f822 13089 14633 20230 +edge_118_0_+disjointig_77_5116_6669 0 1544 1553 -1 -1 1479 0.00435602
	Aln	241	-355e05c0-ae77-447e-8c83-880e8bd4f822 14637 15771 20230 -edge_121_2_-disjointig_77_4224_5377 27 1152 1153 -1 -1 1062 0.010725
	Aln	234	-355e05c0-ae77-447e-8c83-880e8bd4f822 15810 17357 20230 +edge_118_0_+disjointig_77_5116_6669 0 1544 1553 -1 -1 1439 0.00968921
	Aln	241	-355e05c0-ae77-447e-8c83-880e8bd4f822 17361 18495 20230 -edge_121_2_-disjointig_77_4224_5377 27 1152 1153 -1 -1 1057 0.0110804
	Aln	234	-355e05c0-ae77-447e-8c83-880e8bd4f822 18534 20078 20230 +edge_118_0_+disjointig_77_5116_6669 0 1544 1553 -1 -1 1476 0.00435602
Chain
	Aln	3	+4ed0b7fe-b875-4097-b277-6cd06f63c3ce 2131 3285 10252 -edge_2_0_+disjointig_10_0_35069 9833 10987 35069 -1 -1 494 0.0734393
Chain
	Aln	2	-4ed0b7fe-b875-4097-b277-6cd06f63c3ce 6966 8120 10252 +edge_2_0_+disjointig_10_0_35069 24081 25235 35069 -1 -1 494 0.0734393
Chain
	Aln	135	+283786f0-e71b-48c8-a442-30dead5e9ab0 11 489 1414 -edge_68_25_+disjointig_41_8828_9487 180 658 659 -1 -1 454 0.00882199
	Aln	135	+283786f0-e71b-48c8-a442-30dead5e9ab0 456 1154 1414 -edge_68_30_+disjointig_41_12413_13120 8 706 707 -1 -1 660 0.00872164
	Aln	135	+283786f0-e71b-48c8-a442-30dead5e9ab0 1135 1381 1414 -edge_68_11_+disjointig_40_8063_8650 21 267 587 -1 -1 186 0.0320634
Chain
	Aln	134	-283786f0-e71b-48c8-a442-30dead5e9ab0 32 278 1414 +edge_68_11_+disjointig_40_8063_8650 319 565 587 -1 -1 186 0.0320634
	Aln	134	-283786f0-e71b-48c8-a442-30dead5e9ab0 259 957 1414 +edge_68_30_+disjointig_41_12413_13120 0 698 707 -1 -1 660 0.00872164
	Aln	134	-283786f0-e71b-48c8-a442-30dead5e9ab0 924 1402 1414 +edge_68_25_+disjointig_41_8828_9487 0 478 659 -1 -1 454 0.00882199
Chain
	Aln	2	+1270b9ca-18f1-42f1-8e20-473954862740 626 2237 9722 +edge_2_0_+disjointig_10_0_35069 22841 24452 35069 -1 -1 1186 0.0347483
Chain
	Aln	3	-1270b9ca-18f1-42f1-8e20-473954862740 7484 9095 9722 -edge_2_0_+disjointig_10_0_35069 10616 12227 35069 -1 -1 1186 0.0347483
Chain
	Aln	2	+47776642-e7fd-4170-aa17-9ca19c4a0068 7369 8671 8673 +edge_2_0_+disjointig_10_0_35069 23568 24872 35069 -1 -1 686 0.060551
Chain
	Aln	3	-47776642-e7fd-4170-aa17-9ca19c4a0068 1 1303 8673 -edge_2_0_+disjointig_10_0_35069 10196 11500 35069 -1 -1 686 0.060551
Chain
	Aln	234	+7399b0f9-36b4-43fa-b232-e10ae9458b5b 35 1573 27198 +edge_118_0_+disjointig_77_5116_6669 1 1544 1553 -1 -1 1442 0.00993179
	Aln	241	+7399b0f9-36b4-43fa-b232-e10ae9458b5b 1577 2709 27198 -edge_121_2_-disjointig_77_4224_5377 27 1152 1153 -1 -1 1062 0.0115341
	Aln	234	+7399b0f9-36b4-43fa-b232-e10ae9458b5b 2748 4292 27198 +edge_118_0_+disjointig_77_5116_6669 0 1544 1553 -1 -1 1420 0.0103455
	Aln	241	+7399b0f9-36b4-43fa-b232-e10ae9458b5b 4296 5428 27198 -edge_121_2_-disjointig_77_4224_5377 27 1152 1153 -1 -1 1074 0.008531
	Aln	234	+7399b0f9-36b4-43fa-b232-e10ae9458b5b 5467 7012 27198 +edge_118_0_+disjointig_77_5116_6669 0 1544 1553 -1 -1 1442 0.00735397
	Aln	241	+7399b0f9-36b4-43fa-b232-e10ae9458b5b 7016 8148 27198 -edge_121_2_-disjointig_77_4224_5377 27 1152 1153 -1 -1 1062 0.00986242
	Aln	234	+7399b0f9-36b4-43fa-b232-e10ae9458b5b 8187 9733 27198 +edge_118_0_+disjointig_77_5116_6669 0 1544 1553 -1 -1 1478 0.00427703
	Aln	241	+7399b0f9-36b4-43fa-b232-e10ae9458b5b 9737 10869 27198 -edge_121_2_-disjointig_77_4224_5377 27 1152 1153 -1 -1 1072 0.0102663
	Aln	234	+7399b0f9-36b4-43fa-b232-e10ae9458b5b 10908 12445 27198 +edge_118_0_+disjointig_77_5116_6669 0 1537 1553 -1 -1 1479 0.00357814
	Aln	241	+7399b0f9-36b4-43fa-b232-e10ae9458b5b 12456 13588 27198 -edge_121_2_-disjointig_77_4224_5377 27 1152 1153 -1 -1 1051 0.0113327
	Aln	234	+7399b0f9-36b4-43fa-b232-e10ae9458b5b 13627 15166 27198 +edge_118_0_+disjointig_77_5116_6669 0 1544 1553 -1 -1 1477 0.00462961
	Aln	241	+7399b0f9-36b4-43fa-b232-e10ae9458b5b 15170 16299 27198 -edge_121_2_-disjointig_77_4224_5377 27 1152 1153 -1 -1 1059 0.0115341
	Aln	234	+7399b0f9-36b4-43fa-b232-e10ae9458b5b 16338 17889 27198 +edge_118_0_+disjointig_77_5116_6669 0 1544 1553 -1 -1 1490 0.00392793
	Aln	241	+7399b0f9-36b4-43fa-b232-e10ae9458b5b 17893 19025 27198 -edge_121_2_-disjointig_77_4224_5377 27 1152 1153 -1 -1 1069 0.00946054
	Aln	234	+7399b0f9-36b4-43fa-b232-e10ae9458b5b 20085 21629 27198 +edge_118_0_+disjointig_77_5116_6669 0 1544 1553 -1 -1 1505 0.00342599
	Aln	241	+7399b0f9-36b4-43fa-b232-e10ae9458b5b 21633 22765 27198 -edge_121_2_-disjointig_77_4224_5377 27 1152 1153 -1 -1 1076 0.00887399
	Aln	234	+7399b0f9-36b4-43fa-b232-e10ae9458b5b 22804 24348 27198 +edge_118_0_+disjointig_77_5116_6669 0 1544 1553 -1 -1 1450 0.00756189
	Aln	241	+7399b0f9-36b4-43fa-b232-e10ae9458b5b 24352 25484 27198 -edge_121_2_-disjointig_77_4224_5377 27 1152 1153 -1 -1 1074 0.00991515
	Aln	234	+7399b0f9-36b4-43fa-b232-e10ae9458b5b 25523 27068 27198 +edge_118_0_+disjointig_77_5116_6669 0 1544 1553 -1 -1 1483 0.00533976
Chain
	Aln	235	-7399b0f9-36b4-43fa-b232-e10ae9458b5b 129 1674 27198 -edge_118_0_+disjointig_77_5116_6669 8 1552 1553 -1 -1 1483 0.00533976
	Aln	240	-7399b0f9-36b4-43fa-b232-e10ae9458b5b 1713 2845 27198 +edge_121_2_-disjointig_77_4224_5377 0 1125 1153 -1 -1 1074 0.00991515
	Aln	235	-7399b0f9-36b4-43fa-b232-e10ae9458b5b 2849 4393 27198 -edge_118_0_+disjointig_77_5116_6669 8 1552 1553 -1 -1 1450 0.00756189
	Aln	240	-7399b0f9-36b4-43fa-b232-e10ae9458b5b 4432 5564 27198 +edge_121_2_-disjointig_77_4224_5377 0 1125 1153 -1 -1 1076 0.00887399
	Aln	235	-7399b0f9-36b4-43fa-b232-e10ae9458b5b 5568 7112 27198 -edge_118_0_+disjointig_77_5116_6669 8 1552 1553 -1 -1 1505 0.00342599
	Aln	240	-7399b0f9-36b4-43fa-b232-e10ae9458b5b 8172 9304 27198 +edge_121_2_-disjointig_77_4224_5377 0 1125 1153 -1 -1 1069 0.00946054
	Aln	235	-7399b0f9-36b4-43fa-b232-e10ae9458b5b 9308 10859 27198 -edge_118_0_+disjointig_77_5116_6669 8 1552 1553 -1 -1 1490 0.00392793
	Aln	240	-7399b0f9-36b4-43fa-b232-e10ae9458b5b 10898 12027 27198 +edge_121_2_-disjointig_77_4224_5377 0 1125 1153 -1 -1 1059 0.0115341
	Aln	235	-7399b0f9-36b4-43fa-b232-e10ae9458b5b 12031 13570 27198 -edge_118_0_+disjointig_77_5116_6669 8 1552 1553 -1 -1 1477 0.00462961
	Aln	240	-7399b0f9-36b4-43fa-b232-e10ae9458b5b 13609 14741 27198 +edge_121_2_-disjointig_77_4224_5377 0 1125 1153 -1 -1 1051 0.0113327
	Aln	235	-7399b0f9-36b4-43fa-b232-e10ae9458b5b 14752 16289 27198 -edge_118_0_+disjointig_77_5116_6669 15 1552 1553 -1 -1 1479 0.00357814
	Aln	240	-7399b0f9-36b4-43fa-b232-e10ae9458b5b 16328 17460 27198 +edge_121_2_-disjointig_77_4224_5377 0 1125 1153 -1 -1 1072 0.0102663
	Aln	235	-7399b0f9-36b4-43fa-b232-e10ae9458b5b 17464 19010 27198 -edge_118_0_+disjointig_77_5116_6669 8 1552 1553 -1 -1 1478 0.00427703
	Aln	240	-7399b0f9-36b4-43fa-b232-e10ae9458b5b 19049 20181 27198 +edge_121_2_-disjointig_77_4224_5377 0 1125 1153 -1 -1 1062 0.00986242
	Aln	235	-7399b0f9-36b4-43fa-b232-e10ae9458b5b 20185 21730 27198 -edge_118_0_+disjointig_77_5116_6669 8 1552 1553 -1 -1 1442 0.00735397
	Aln	240	-7399b0f9-36b4-43fa-b232-e10ae9458b5b 21769 22901 27198 +edge_121_2_-disjointig_77_4224_5377 0 1125 1153 -1 -1 1074 0.008531
	Aln	235	-7399b0f9-36b4-43fa-b232-e10ae9458b5b 22905 24449 27198 -edge_118_0_+disjointig_77_5116_6669 8 1552 1553 -1 -1 1420 0.0103455
	Aln	240	-7399b0f9-36b4-43fa-b232-e10ae9458b5b 24488 25620 27198 +edge_121_2_-disjointig_77_4224_5377 0 1125 1153 -1 -1 1062 0.0115341
	Aln	235	-7399b0f9-36b4-43fa-b232-e10ae9458b5b 25624 27162 27198 -edge_118_0_+disjointig_77_5116_6669 8 1551 1553 -1 -1 1442 0.00993179
Chain
	Aln	277	+0d128d02-9bb5-4626-a9ad-eb0d5dfbb5ed 15 2618 2623 -edge_139_0_+disjointig_92_0_2621 14 2616 2621 -1 -1 2207 0.0191356
Chain
	Aln	276	-0d128d02-9bb5-4626-a9ad-eb0d5dfbb5ed 4 2607 2623 +edge_139_0_+disjointig_92_0_2621 4 2606 2621 -1 -1 2207 0.0191356
Chain
	Aln	276	+cd458694-7264-4d06-b27f-66f1ca2dd60d 23 2617 2623 +edge_139_0_+disjointig_92_0_2621 4 2594 2621 -1 -1 2091 0.0210776
Chain
	Aln	277	-cd458694-7264-4d06-b27f-66f1ca2dd60d 5 2599 2623 -edge_139_0_+disjointig_92_0_2621 26 2616 2621 -1 -1 2091 0.0210776
Chain
	Aln	299	+9e478ef8-e0a4-49af-90da-136d6a6ed5c6 9 1271 1278 -edge_150_0_+disjointig_64_2197_4318 726 1985 2121 -1 -1 1150 0.0164045
Chain
	Aln	298	-9e478ef8-e0a4-49af-90da-136d6a6ed5c6 6 1268 1278 +edge_150_0_+disjointig_64_2197_4318 135 1394 2121 -1 -1 1150 0.0164045
Chain
	Aln	149	+3b3b5f48-1f63-42ff-8fcf-8eedf6cef999 4 1004 7720 -edge_75_1_+disjointig_47_3558_6957 2419 3398 3399 -1 -1 887 0.012002
	Aln	149	+3b3b5f48-1f63-42ff-8fcf-8eedf6cef999 1006 4634 7720 -edge_75_0_+disjointig_47_0_3558 1 3557 3558 -1 -1 3218 0.0160592
	Aln	149	+3b3b5f48-1f63-42ff-8fcf-8eedf6cef999 4636 7716 7720 -edge_75_0_+disjointig_47_0_3558 1 3051 3558 -1 -1 2740 0.0142005
Chain
	Aln	148	-3b3b5f48-1f63-42ff-8fcf-8eedf6cef999 3 3083 7720 +edge_75_0_+disjointig_47_0_3558 506 3556 3558 -1 -1 2740 0.0142005
	Aln	148	-3b3b5f48-1f63-42ff-8fcf-8eedf6cef999 3085 6713 7720 +edge_75_0_+disjointig_47_0_3558 0 3556 3558 -1 -1 3218 0.0160592
	Aln	148	-3b3b5f48-1f63-42ff-8fcf-8eedf6cef999 6715 7715 7720 +edge_75_1_+disjointig_47_3558_6957 0 979 3399 -1 -1 887 0.012002
Chain
	Aln	175	+dced799c-1738-4a6e-b746-85b204668048 24 5736 5738 -edge_88_0_+disjointig_57_0_5674 22 5672 5674 -1 -1 4981 0.0141605
Chain
	Aln	174	-dced799c-1738-4a6e-b746-85b204668048 1 5713 5738 +edge_88_0_+disjointig_57_0_5674 1 5651 5674 -1 -1 4981 0.0141605
Chain
	Aln	3	+647f29be-1954-48c4-9efb-1479426e478b 2613 4558 7522 -edge_2_0_+disjointig_10_0_35069 9981 11927 35069 -1 -1 1324 0.0372712
Chain
	Aln	2	-647f29be-1954-48c4-9efb-1479426e478b 2963 4908 7522 +edge_2_0_+disjointig_10_0_35069 23141 25087 35069 -1 -1 1324 0.0372712
Chain
	Aln	56	+031b03c4-08e3-4ad1-bd1c-cb331a86a6ac 22 7197 7251 +edge_29_0_+disjointig_14_0_7264 1 7174 7264 -1 -1 5940 0.0207112
Chain
	Aln	57	-031b03c4-08e3-4ad1-bd1c-cb331a86a6ac 53 7228 7251 -edge_29_0_+disjointig_14_0_7264 89 7262 7264 -1 -1 5940 0.0207112
Chain
	Aln	57	+cf3d32f8-76cf-47f9-867c-197d2d334c44 6 7346 7348 -edge_29_0_+disjointig_14_0_7264 5 7262 7264 -1 -1 4368 0.0495782
Chain
	Aln	56	-cf3d32f8-76cf-47f9-867c-197d2d334c44 1 7341 7348 +edge_29_0_+disjointig_14_0_7264 1 7258 7264 -1 -1 4368 0.0495782
Chain
	Aln	3	+974d36a4-f8e8-46ee-b803-35d8dc720f87 2708 8569 8962 -edge_2_0_+disjointig_10_0_35069 10104 15896 35069 -1 -1 3449 0.0475914
Chain
	Aln	2	-974d36a4-f8e8-46ee-b803-35d8dc720f87 392 6253 8962 +edge_2_0_+disjointig_10_0_35069 19172 24964 35069 -1 -1 3449 0.0475914
Chain
	Aln	209	+a1084964-f1cb-411c-bc8e-9568e5a6c9f8 14 3115 3117 -edge_105_0_+disjointig_67_0_3099 13 3097 3099 -1 -1 2306 0.027703
Chain
	Aln	208	-a1084964-f1cb-411c-bc8e-9568e5a6c9f8 1 3102 3117 +edge_105_0_+disjointig_67_0_3099 1 3085 3099 -1 -1 2306 0.027703
Chain
	Aln	2	+cdf64925-49ab-4f22-9525-84ff5566b21a 741 2057 3185 +edge_2_0_+disjointig_10_0_35069 22184 23499 35069 -1 -1 841 0.0456021
Chain
	Aln	3	-cdf64925-49ab-4f22-9525-84ff5566b21a 1127 2443 3185 -edge_2_0_+disjointig_10_0_35069 11569 12884 35069 -1 -1 841 0.0456021
Chain
	Aln	208	+09bf9327-38f5-4e79-b13f-1bb07af82e27 22 3099 3101 +edge_105_0_+disjointig_67_0_3099 1 3078 3099 -1 -1 2748 0.0099411
Chain
	Aln	209	-09bf9327-38f5-4e79-b13f-1bb07af82e27 1 3078 3101 -edge_105_0_+disjointig_67_0_3099 20 3097 3099 -1 -1 2748 0.0099411
Chain
	Aln	35	+d944eb15-000d-4fdd-8dc8-71a9bcbe7dd5 2 11840 11843 -edge_18_0_+disjointig_114_0_13542 1691 13539 13542 -1 -1 10624 0.0114038
Chain
	Aln	34	-d944eb15-000d-4fdd-8dc8-71a9bcbe7dd5 2 11840 11843 +edge_18_0_+disjointig_114_0_13542 2 11850 13542 -1 -1 10624 0.0114038
Chain
	Aln	34	+7d018994-f48c-49e8-bdee-9f6db073cdb8 22 13468 13473 +edge_18_0_+disjointig_114_0_13542 2 13538 13542 -1 -1 10417 0.0256284
Chain
	Aln	35	-7d018994-f48c-49e8-bdee-9f6db073cdb8 4 13450 13473 -edge_18_0_+disjointig_114_0_13542 3 13539 13542 -1 -1 10417 0.0256284
Chain
	Aln	97	+3fe383e4-3c2a-467a-a5fb-9a3992e1881e 270 1522 1527 -edge_49_0_+disjointig_3_529_1824 4 1255 1295 -1 -1 698 0.0670133
Chain
	Aln	96	-3fe383e4-3c2a-467a-a5fb-9a3992e1881e 4 1256 1527 +edge_49_0_+disjointig_3_529_1824 39 1290 1295 -1 -1 698 0.0670133
Chain
	Aln	249	+1acf06bf-35eb-460b-9e67-2b6aa4e26e91 13 3126 3128 -edge_125_0_+disjointig_8_0_3117 12 3115 3117 -1 -1 2581 0.0167807
Chain
	Aln	248	-1acf06bf-35eb-460b-9e67-2b6aa4e26e91 1 3114 3128 +edge_125_0_+disjointig_8_0_3117 1 3104 3117 -1 -1 2581 0.0167807
Chain
	Aln	248	+5cd4f2ef-c285-47de-8896-c06f3eeacafa 18 3113 3115 +edge_125_0_+disjointig_8_0_3117 1 3096 3117 -1 -1 2953 0.00425192
Chain
	Aln	249	-5cd4f2ef-c285-47de-8896-c06f3eeacafa 1 3096 3115 -edge_125_0_+disjointig_8_0_3117 20 3115 3117 -1 -1 2953 0.00425192
Chain
	Aln	26	+01a9c167-bcbd-422e-8d8e-535c03f4825e 23 3747 3836 +edge_14_0_+disjointig_110_0_3734 0 3723 3734 -1 -1 3439 0.00746248
Chain
	Aln	27	-01a9c167-bcbd-422e-8d8e-535c03f4825e 88 3812 3836 -edge_14_0_+disjointig_110_0_3734 10 3733 3734 -1 -1 3439 0.00746248
Chain
	Aln	27	+e5feb6bf-2526-4e7c-8b29-eca588a26de5 105 3760 3763 -edge_14_0_+disjointig_110_0_3734 94 3733 3734 -1 -1 2871 0.0253498
Chain
	Aln	26	-e5feb6bf-2526-4e7c-8b29-eca588a26de5 2 3657 3763 +edge_14_0_+disjointig_110_0_3734 0 3639 3734 -1 -1 2871 0.0253498
Chain
	Aln	136	+17c1c89e-4355-43be-88c0-0cefc85f1e02 30 3147 3150 +edge_69_0_-disjointig_41_9663_16671 2094 5223 7008 -1 -1 2646 0.018391
Chain
	Aln	137	-17c1c89e-4355-43be-88c0-0cefc85f1e02 2 3119 3150 -edge_69_0_-disjointig_41_9663_16671 1784 4913 7008 -1 -1 2646 0.018391
Chain
	Aln	164	+3f4c9a94-1b62-4285-ad83-2f793d381df5 21 7474 7477 +edge_83_0_+disjointig_52_0_7477 1 7456 7477 -1 -1 7099 0.00679873
Chain
	Aln	165	-3f4c9a94-1b62-4285-ad83-2f793d381df5 2 7455 7477 -edge_83_0_+disjointig_52_0_7477 20 7475 7477 -1 -1 7099 0.00679873
Chain
	Aln	165	+9e18666e-43ed-4e0f-b03c-dafe5f0d2b5a 11 7502 7507 -edge_83_0_+disjointig_52_0_7477 10 7472 7477 -1 -1 6336 0.0185778
Chain
	Aln	164	-9e18666e-43ed-4e0f-b03c-dafe5f0d2b5a 4 7495 7507 +edge_83_0_+disjointig_52_0_7477 4 7466 7477 -1 -1 6336 0.0185778
Chain
	Aln	3	+d73afc3c-3d5f-42ac-bcba-53936982f730 94 2483 8441 -edge_2_0_+disjointig_10_0_35069 9843 12261 35069 -1 -1 1288 0.0601345
Chain
	Aln	2	-d73afc3c-3d5f-42ac-bcba-53936982f730 5957 8346 8441 +edge_2_0_+disjointig_10_0_35069 22807 25225 35069 -1 -1 1288 0.0601345
Chain
	Aln	20	+c2180b97-ade0-4dc5-8aba-00c27135da23 4 11201 12509 +edge_11_0_+disjointig_108_0_11077 4 11044 11077 -1 -1 10177 0.00550461
Chain
	Aln	21	-c2180b97-ade0-4dc5-8aba-00c27135da23 1307 12504 12509 -edge_11_0_+disjointig_108_0_11077 32 11072 11077 -1 -1 10177 0.00550461
Chain
	Aln	97	+ab92e162-f926-44dc-b8cf-dabff5eff7c6 233 1065 4994 -edge_49_1_+disjointig_3_3698_4540 9 841 842 -1 -1 811 0.00595653
	Aln	102	+ab92e162-f926-44dc-b8cf-dabff5eff7c6 1065 2767 4994 +edge_52_0_-disjointig_3_10297_12171 0 1870 1874 -1 -1 1257 0.013154
	Aln	97	+ab92e162-f926-44dc-b8cf-dabff5eff7c6 2776 3613 4994 -edge_49_1_+disjointig_3_3698_4540 4 841 842 -1 -1 816 0.00456849
	Aln	102	+ab92e162-f926-44dc-b8cf-dabff5eff7c6 3613 4980 4994 +edge_52_0_-disjointig_3_10297_12171 0 1367 1874 -1 -1 1304 0.00582207
Chain
	Aln	103	-ab92e162-f926-44dc-b8cf-dabff5eff7c6 13 1380 4994 -edge_52_0_-disjointig_3_10297_12171 506 1873 1874 -1 -1 1304 0.00582207
	Aln	96	-ab92e162-f926-44dc-b8cf-dabff5eff7c6 1380 2217 4994 +edge_49_1_+disjointig_3_3698_4540 0 837 842 -1 -1 816 0.00456849
	Aln	103	-ab92e162-f926-44dc-b8cf-dabff5eff7c6 2226 3928 4994 -edge_52_0_-disjointig_3_10297_12171 3 1873 1874 -1 -1 1257 0.013154
	Aln	96	-ab92e162-f926-44dc-b8cf-dabff5eff7c6 3928 4760 4994 +edge_49_1_+disjointig_3_3698_4540 0 832 842 -1 -1 811 0.00595653
Chain
	Aln	97	+4c96ae1d-b2d5-4ce5-84d7-fc61f11b6f4f 148 510 1871 -edge_49_1_+disjointig_3_3698_4540 15 378 842 -1 -1 322 0.0181288
	Aln	102	+4c96ae1d-b2d5-4ce5-84d7-fc61f11b6f4f 687 1836 1871 +edge_52_0_-disjointig_3_10297_12171 51 1203 1874 -1 -1 775 0.032308
Chain
	Aln	103	-4c96ae1d-b2d5-4ce5-84d7-fc61f11b6f4f 34 1183 1871 -edge_52_0_-disjointig_3_10297_12171 670 1822 1874 -1 -1 775 0.032308
	Aln	96	-4c96ae1d-b2d5-4ce5-84d7-fc61f11b6f4f 1360 1722 1871 +edge_49_1_+disjointig_3_3698_4540 463 826 842 -1 -1 322 0.0181288
Chain
	Aln	49	+2aec1eab-8c70-4f73-865f-141cee96d5b2 4 1599 1629 -edge_25_0_+disjointig_120_0_5726 3101 4692 5726 -1 -1 1238 0.027853
Chain
	Aln	48	-2aec1eab-8c70-4f73-865f-141cee96d5b2 29 1624 1629 +edge_25_0_+disjointig_120_0_5726 1033 2624 5726 -1 -1 1238 0.027853
Chain
	Aln	137	+71f4f70f-a493-4599-8bf9-4e12048806e1 7 1200 1205 -edge_69_0_-disjointig_41_9663_16671 5317 6510 7008 -1 -1 1116 0.00901012
Chain
	Aln	136	-71f4f70f-a493-4599-8bf9-4e12048806e1 4 1197 1205 +edge_69_0_-disjointig_41_9663_16671 497 1690 7008 -1 -1 1116 0.00901012
Chain
	Aln	217	+fe89dbe1-721c-42f9-8bdf-aadc1f9109e2 4 4027 4031 -edge_109_0_+disjointig_70_0_7847 3 3991 7847 -1 -1 3049 0.0250051
Chain
	Aln	216	-fe89dbe1-721c-42f9-8bdf-aadc1f9109e2 3 4026 4031 +edge_109_0_+disjointig_70_0_7847 3855 7843 7847 -1 -1 3049 0.0250051
Chain
	Aln	216	+b277639d-3284-40ed-9320-cde1d89654b9 1 7982 7985 +edge_109_0_+disjointig_70_0_7847 1 7829 7847 -1 -1 6287 0.0177594
Chain
	Aln	217	-b277639d-3284-40ed-9320-cde1d89654b9 2 7983 7985 -edge_109_0_+disjointig_70_0_7847 17 7845 7847 -1 -1 6287 0.0177594
Chain
	Aln	293	+a8568b27-efd6-4543-b297-2b68770d0f19 38 4082 20052 -edge_147_1_+disjointig_16_5646_9738 29 4091 4092 -1 -1 3517 0.0200651
	Aln	293	+a8568b27-efd6-4543-b297-2b68770d0f19 4113 8172 20052 -edge_147_0_+disjointig_16_1557_5646 29 4088 4089 -1 -1 3286 0.0254032
	Aln	293	+a8568b27-efd6-4543-b297-2b68770d0f19 8186 12256 20052 -edge_147_0_+disjointig_16_1557_5646 13 4088 4089 -1 -1 3047 0.0294634
	Aln	293	+a8568b27-efd6-4543-b297-2b68770d0f19 12270 16330 20052 -edge_147_0_+disjointig_16_1557_5646 13 4088 4089 -1 -1 3197 0.0280123
	Aln	293	+a8568b27-efd6-4543-b297-2b68770d0f19 16344 20049 20052 -edge_147_1_+disjointig_16_5646_9738 13 3727 4092 -1 -1 2280 0.0451351
Chain
	Aln	292	-a8568b27-efd6-4543-b297-2b68770d0f19 2 3707 20052 +edge_147_1_+disjointig_16_5646_9738 364 4078 4092 -1 -1 2280 0.0451351
	Aln	292	-a8568b27-efd6-4543-b297-2b68770d0f19 3721 7781 20052 +edge_147_0_+disjointig_16_1557_5646 0 4075 4089 -1 -1 3197 0.0280123
	Aln	292	-a8568b27-efd6-4543-b297-2b68770d0f19 7795 11865 20052 +edge_147_0_+disjointig_16_1557_5646 0 4075 4089 -1 -1 3047 0.0294634
	Aln	292	-a8568b27-efd6-4543-b297-2b68770d0f19 11879 15938 20052 +edge_147_0_+disjointig_16_1557_5646 0 4059 4089 -1 -1 3286 0.0254032
	Aln	292	-a8568b27-efd6-4543-b297-2b68770d0f19 15969 20013 20052 +edge_147_1_+disjointig_16_5646_9738 0 4062 4092 -1 -1 3517 0.0200651
Chain
	Aln	2	+921b9703-d043-438e-8a97-059c51881df1 1555 2727 2744 +edge_2_0_+disjointig_10_0_35069 21964 23133 35069 -1 -1 924 0.0297177
Chain
	Aln	3	-921b9703-d043-438e-8a97-059c51881df1 16 1188 2744 -edge_2_0_+disjointig_10_0_35069 11935 13104 35069 -1 -1 924 0.0297177
Chain
	Aln	54	+933fa963-1ea0-4390-a539-df9d41be0160 40 12955 12957 +edge_28_0_+disjointig_13_0_12969 23 12944 12969 -1 -1 11749 0.00824836
Chain
	Aln	55	-933fa963-1ea0-4390-a539-df9d41be0160 1 12916 12957 -edge_28_0_+disjointig_13_0_12969 24 12945 12969 -1 -1 11749 0.00824836
Chain
	Aln	55	+3d501a25-eadd-4fca-896a-3ad7cf97aa42 9 12661 12663 -edge_28_0_+disjointig_13_0_12969 8 12967 12969 -1 -1 9112 0.0310069
Chain
	Aln	54	-3d501a25-eadd-4fca-896a-3ad7cf97aa42 1 12653 12663 +edge_28_0_+disjointig_13_0_12969 1 12960 12969 -1 -1 9112 0.0310069
Chain
	Aln	263	+66758693-91f4-4bf9-b848-0e8d0ab4a2c6 531 8357 8359 -edge_132_0_+disjointig_86_0_7875 84 7873 7875 -1 -1 4130 0.0510947
Chain
	Aln	262	-66758693-91f4-4bf9-b848-0e8d0ab4a2c6 1 7827 8359 +edge_132_0_+disjointig_86_0_7875 1 7790 7875 -1 -1 4130 0.0510947
Chain
	Aln	3	+4dbc4b7a-b162-476c-9daf-a7772c992c4a 1072 3316 6652 -edge_2_0_+disjointig_10_0_35069 9838 12083 35069 -1 -1 1007 0.0754086
Chain
	Aln	2	-4dbc4b7a-b162-476c-9daf-a7772c992c4a 3335 5579 6652 +edge_2_0_+disjointig_10_0_35069 22985 25230 35069 -1 -1 1007 0.0754086
Chain
	Aln	3	+eefbb5d8-cd61-49ef-8b6d-72971c45e284 4 2084 2158 -edge_2_0_+disjointig_10_0_35069 12704 14787 35069 -1 -1 1207 0.0506079
Chain
	Aln	2	-eefbb5d8-cd61-49ef-8b6d-72971c45e284 73 2153 2158 +edge_2_0_+disjointig_10_0_35069 20281 22364 35069 -1 -1 1207 0.0506079
Chain
	Aln	171	+5abd5db7-e47f-49a2-a61c-515173b30b49 14 13128 13138 -edge_86_0_+disjointig_55_0_16938 13 12982 16938 -1 -1 9537 0.0307621
Chain
	Aln	170	-5abd5db7-e47f-49a2-a61c-515173b30b49 9 13123 13138 +edge_86_0_+disjointig_55_0_16938 3955 16924 16938 -1 -1 9537 0.0307621
Chain
	Aln	16	+e1abbbfb-dae8-4853-b346-56635b219223 21 2370 2563 +edge_9_0_+disjointig_106_0_2356 2 2351 2356 -1 -1 1738 0.0300769
Chain
	Aln	17	-e1abbbfb-dae8-4853-b346-56635b219223 192 2541 2563 -edge_9_0_+disjointig_106_0_2356 4 2353 2356 -1 -1 1738 0.0300769
Chain
	Aln	2	+32df10ed-3963-489b-93d7-e13bacb3053e 4532 7219 7231 +edge_2_0_+disjointig_10_0_35069 20021 22684 35069 -1 -1 1811 0.0403764
Chain
	Aln	3	-32df10ed-3963-489b-93d7-e13bacb3053e 11 2698 7231 -edge_2_0_+disjointig_10_0_35069 12384 15047 35069 -1 -1 1811 0.0403764
Chain
	Aln	2	+89176078-e332-4919-9af0-f5bb2f3f0c12 867 2298 2306 +edge_2_0_+disjointig_10_0_35069 23309 24743 35069 -1 -1 937 0.0430032
Chain
	Aln	3	-89176078-e332-4919-9af0-f5bb2f3f0c12 7 1438 2306 -edge_2_0_+disjointig_10_0_35069 10325 11759 35069 -1 -1 937 0.0430032
Chain
	Aln	244	+54999153-b954-4691-bcb3-d52fe55d1d83 18 4028 4032 +edge_123_0_+disjointig_78_0_4030 2 4012 4030 -1 -1 3824 0.00565466
Chain
	Aln	245	-54999153-b954-4691-bcb3-d52fe55d1d83 3 4013 4032 -edge_123_0_+disjointig_78_0_4030 17 4027 4030 -1 -1 3824 0.00565466
Chain
	Aln	107	+56753a6c-c19a-4d89-b663-97f19c0f53bc 30 2895 2904 -edge_54_0_+disjointig_30_0_4578 29 2754 4578 -1 -1 1416 0.0553502
Chain
	Aln	106	-56753a6c-c19a-4d89-b663-97f19c0f53bc 8 2873 2904 +edge_54_0_+disjointig_30_0_4578 1823 4548 4578 -1 -1 1416 0.0553502
Chain
	Aln	245	+7c59d5c0-b2d7-4a06-a7d5-8c10e193e411 5 4021 4024 -edge_123_0_+disjointig_78_0_4030 4 4027 4030 -1 -1 3277 0.0216602
Chain
	Aln	244	-7c59d5c0-b2d7-4a06-a7d5-8c10e193e411 2 4018 4024 +edge_123_0_+disjointig_78_0_4030 2 4025 4030 -1 -1 3277 0.0216602
Chain
	Aln	221	+2c8ddfee-9dfd-4b97-afc9-fdc40df7c804 74 10868 10901 -edge_111_0_+disjointig_72_0_15572 65 10778 15572 -1 -1 6477 0.0442614
Chain
	Aln	220	-2c8ddfee-9dfd-4b97-afc9-fdc40df7c804 32 10826 10901 +edge_111_0_+disjointig_72_0_15572 4793 15506 15572 -1 -1 6477 0.0442614
Chain
	Aln	13	+3b4569b8-8c46-43e0-ae65-ac4f80104385 17 2382 2384 -edge_7_0_+disjointig_104_0_5209 16 2323 5209 -1 -1 1491 0.0374339
Chain
	Aln	12	-3b4569b8-8c46-43e0-ae65-ac4f80104385 1 2366 2384 +edge_7_0_+disjointig_104_0_5209 2885 5192 5209 -1 -1 1491 0.0374339
Chain
	Aln	220	+e2734167-0edb-4e5c-81f6-359d32f40132 1 15499 15507 +edge_111_0_+disjointig_72_0_15572 1 15547 15572 -1 -1 9629 0.0354054
Chain
	Aln	221	-e2734167-0edb-4e5c-81f6-359d32f40132 7 15505 15507 -edge_111_0_+disjointig_72_0_15572 24 15570 15572 -1 -1 9629 0.0354054
Chain
	Aln	2	+7aac3127-1622-4ec0-868d-c0350cefd85e 3345 5630 6673 +edge_2_0_+disjointig_10_0_35069 22985 25269 35069 -1 -1 1033 0.0769798
Chain
	Aln	3	-7aac3127-1622-4ec0-868d-c0350cefd85e 1042 3327 6673 -edge_2_0_+disjointig_10_0_35069 9799 12083 35069 -1 -1 1033 0.0769798
Chain
	Aln	2	+a9387650-7cc6-4db3-948a-bfd020d931bf 6 1715 2011 +edge_2_0_+disjointig_10_0_35069 23560 25269 35069 -1 -1 1090 0.0436438
Chain
	Aln	3	-a9387650-7cc6-4db3-948a-bfd020d931bf 295 2004 2011 -edge_2_0_+disjointig_10_0_35069 9799 11508 35069 -1 -1 1090 0.0436438
Chain
	Aln	2	+2b1e39fa-9509-43a3-8930-f6c041b9efac 11 2149 3276 +edge_2_0_+disjointig_10_0_35069 23018 25161 35069 -1 -1 1179 0.0545704
Chain
	Aln	3	-2b1e39fa-9509-43a3-8930-f6c041b9efac 1126 3264 3276 -edge_2_0_+disjointig_10_0_35069 9907 12050 35069 -1 -1 1179 0.0545704
Chain
	Aln	170	+2b1359e0-e72b-4db1-9a94-a447435e3192 1 17030 17043 +edge_86_0_+disjointig_55_0_16938 1 16905 16938 -1 -1 14477 0.0147641
Chain
	Aln	171	-2b1359e0-e72b-4db1-9a94-a447435e3192 12 17041 17043 -edge_86_0_+disjointig_55_0_16938 32 16936 16938 -1 -1 14477 0.0147641
Chain
	Aln	2	+bd6dfdb8-4398-41ff-9e7a-a9062787cfc1 0 3621 5639 +edge_2_0_+disjointig_10_0_35069 21547 25175 35069 -1 -1 2371 0.0426617
Chain
	Aln	3	-bd6dfdb8-4398-41ff-9e7a-a9062787cfc1 2017 5638 5639 -edge_2_0_+disjointig_10_0_35069 9893 13521 35069 -1 -1 2371 0.0426617
Chain
	Aln	156	+2555317f-d8f9-4dc0-a781-366f20ed704d 13 550 3844 +edge_79_6_+disjointig_5_8256_8869 43 580 613 -1 -1 396 0.0425304
	Aln	156	+2555317f-d8f9-4dc0-a781-366f20ed704d 583 1496 3844 +edge_79_7_+disjointig_5_8869_10123 0 912 1254 -1 -1 453 0.0709535
	Aln	156	+2555317f-d8f9-4dc0-a781-366f20ed704d 1500 2078 3844 +edge_79_6_+disjointig_5_8256_8869 0 580 613 -1 -1 387 0.0525561
	Aln	156	+2555317f-d8f9-4dc0-a781-366f20ed704d 2121 2686 3844 +edge_79_7_+disjointig_5_8869_10123 10 571 1254 -1 -1 173 0.0971379
	Aln	156	+2555317f-d8f9-4dc0-a781-366f20ed704d 2690 3270 3844 +edge_79_6_+disjointig_5_8256_8869 0 580 613 -1 -1 411 0.042402
	Aln	156	+2555317f-d8f9-4dc0-a781-366f20ed704d 3313 3837 3844 +edge_79_7_+disjointig_5_8869_10123 10 533 1254 -1 -1 304 0.067758
Chain
	Aln	157	-2555317f-d8f9-4dc0-a781-366f20ed704d 6 530 3844 -edge_79_7_+disjointig_5_8869_10123 720 1243 1254 -1 -1 304 0.067758
	Aln	157	-2555317f-d8f9-4dc0-a781-366f20ed704d 573 1153 3844 -edge_79_6_+disjointig_5_8256_8869 32 612 613 -1 -1 411 0.042402
	Aln	157	-2555317f-d8f9-4dc0-a781-366f20ed704d 1157 1722 3844 -edge_79_7_+disjointig_5_8869_10123 682 1243 1254 -1 -1 173 0.0971379
	Aln	157	-2555317f-d8f9-4dc0-a781-366f20ed704d 1765 2343 3844 -edge_79_6_+disjointig_5_8256_8869 32 612 613 -1 -1 387 0.0525561
	Aln	157	-2555317f-d8f9-4dc0-a781-366f20ed704d 2347 3260 3844 -edge_79_7_+disjointig_5_8869_10123 341 1253 1254 -1 -1 453 0.0709535
	Aln	157	-2555317f-d8f9-4dc0-a781-366f20ed704d 3293 3830 3844 -edge_79_6_+disjointig_5_8256_8869 32 569 613 -1 -1 396 0.0425304
Chain
	Aln	68	+97e88c5e-67b7-409f-8a9e-5cef8bd3f2cd 129 1314 1317 +edge_35_0_+disjointig_19_0_5222 1307 2492 5222 -1 -1 997 0.0271861
Chain
	Aln	69	-97e88c5e-67b7-409f-8a9e-5cef8bd3f2cd 2 1187 1317 -edge_35_0_+disjointig_19_0_5222 2729 3914 5222 -1 -1 997 0.0271861
Chain
	Aln	2	+4854d526-d64b-4de0-b0d6-36faceb29d27 2156 5126 11812 +edge_2_0_+disjointig_10_0_35069 22047 25036 35069 -1 -1 1987 0.0415033
Chain
	Aln	3	-4854d526-d64b-4de0-b0d6-36faceb29d27 6685 9655 11812 -edge_2_0_+disjointig_10_0_35069 10032 13021 35069 -1 -1 1987 0.0415033
Chain
	Aln	2	+6e90f625-3089-483a-975b-54c7ca35c16c 6 3299 3307 +edge_2_0_+disjointig_10_0_35069 21384 24671 35069 -1 -1 2431 0.0302226
Chain
	Aln	3	-6e90f625-3089-483a-975b-54c7ca35c16c 7 3300 3307 -edge_2_0_+disjointig_10_0_35069 10397 13684 35069 -1 -1 2431 0.0302226
Chain
	Aln	44	+4fb241eb-b228-48c6-9483-214e98747919 24 4242 4246 +edge_23_0_+disjointig_119_0_4294 1 4219 4294 -1 -1 3880 0.00781922
Chain
	Aln	45	-4fb241eb-b228-48c6-9483-214e98747919 3 4221 4246 -edge_23_0_+disjointig_119_0_4294 74 4292 4294 -1 -1 3880 0.00781922
Chain
	Aln	45	+6d8650a0-6ea8-4402-b802-99ef5d5f9dbb 12 4230 4253 -edge_23_0_+disjointig_119_0_4294 11 4271 4294 -1 -1 3087 0.0304916
Chain
	Aln	44	-6d8650a0-6ea8-4402-b802-99ef5d5f9dbb 22 4240 4253 +edge_23_0_+disjointig_119_0_4294 22 4282 4294 -1 -1 3087 0.0304916
Chain
	Aln	161	+3d27f4ff-1941-4544-ab4a-26fa963d088b 14 2294 2302 -edge_81_0_+disjointig_50_0_4274 13 2293 4274 -1 -1 1828 0.0238134
Chain
	Aln	160	-3d27f4ff-1941-4544-ab4a-26fa963d088b 7 2287 2302 +edge_81_0_+disjointig_50_0_4274 1980 4260 4274 -1 -1 1828 0.0238134
Chain
	Aln	160	+07993712-350e-4742-bc3d-452505f7f731 1 4228 4263 +edge_81_0_+disjointig_50_0_4274 1 4209 4274 -1 -1 3493 0.0147475
Chain
	Aln	161	-07993712-350e-4742-bc3d-452505f7f731 34 4261 4263 -edge_81_0_+disjointig_50_0_4274 64 4272 4274 -1 -1 3493 0.0147475
Chain
	Aln	2	+14386741-0ee6-4d6a-8122-ac9a5cec8053 1958 5077 7564 +edge_2_0_+disjointig_10_0_35069 22031 25152 35069 -1 -1 2074 0.0427184
Chain
	Aln	3	-14386741-0ee6-4d6a-8122-ac9a5cec8053 2486 5605 7564 -edge_2_0_+disjointig_10_0_35069 9916 13037 35069 -1 -1 2074 0.0427184
Chain
	Aln	96	+dc0aaa47-d050-4de6-913b-933b030a3c6c 13 372 2178 +edge_49_4_+disjointig_3_11481_12324 479 838 843 -1 -1 341 0.0120179
	Aln	103	+dc0aaa47-d050-4de6-913b-933b030a3c6c 381 2170 2178 -edge_52_0_-disjointig_3_10297_12171 3 1793 1874 -1 -1 1626 0.0125012
Chain
	Aln	102	-dc0aaa47-d050-4de6-913b-933b030a3c6c 7 1796 2178 +edge_52_0_-disjointig_3_10297_12171 80 1870 1874 -1 -1 1626 0.0125012
	Aln	97	-dc0aaa47-d050-4de6-913b-933b030a3c6c 1805 2164 2178 -edge_49_4_+disjointig_3_11481_12324 4 363 843 -1 -1 341 0.0120179
Chain
	Aln	87	+388335cd-5850-4eb0-b1c2-57db36a28049 13 3405 3407 -edge_44_0_+disjointig_26_0_3408 12 3406 3408 -1 -1 2543 0.0232575
Chain
	Aln	86	-388335cd-5850-4eb0-b1c2-57db36a28049 1 3393 3407 +edge_44_0_+disjointig_26_0_3408 1 3395 3408 -1 -1 2543 0.0232575
Chain
	Aln	2	+2d569b35-546d-4b52-bfa2-57fdf0ec5aec 0 1919 3480 +edge_2_0_+disjointig_10_0_35069 23302 25230 35069 -1 -1 1099 0.0519663
Chain
	Aln	3	-2d569b35-546d-4b52-bfa2-57fdf0ec5aec 1560 3479 3480 -edge_2_0_+disjointig_10_0_35069 9838 11766 35069 -1 -1 1099 0.0519663
Chain
	Aln	86	+de8a2208-3ab8-4634-b626-54acbd5686c9 21 3304 3313 +edge_44_0_+disjointig_26_0_3408 1 3284 3408 -1 -1 2969 0.00757033
Chain
	Aln	87	-de8a2208-3ab8-4634-b626-54acbd5686c9 8 3291 3313 -edge_44_0_+disjointig_26_0_3408 123 3406 3408 -1 -1 2969 0.00757033
Chain
	Aln	129	+9902c14c-fa08-41ea-ac9e-ba9f2e52a24f 11 3040 3042 -edge_65_0_+disjointig_38_0_3014 10 3012 3014 -1 -1 2198 0.0328036
Chain
	Aln	128	-9902c14c-fa08-41ea-ac9e-ba9f2e52a24f 1 3030 3042 +edge_65_0_+disjointig_38_0_3014 1 3003 3014 -1 -1 2198 0.0328036
Chain
	Aln	128	+dc5375ab-b411-490a-80df-b9211bfe9d73 22 3005 3014 +edge_65_0_+disjointig_38_0_3014 1 2984 3014 -1 -1 2865 0.00624055
Chain
	Aln	129	-dc5375ab-b411-490a-80df-b9211bfe9d73 8 2991 3014 -edge_65_0_+disjointig_38_0_3014 29 3012 3014 -1 -1 2865 0.00624055
Chain
	Aln	68	+3357aa51-94f9-492f-a4b1-c15315f9fba6 28 1143 1145 +edge_35_0_+disjointig_19_0_5222 3525 4640 5222 -1 -1 793 0.0357998
Chain
	Aln	69	-3357aa51-94f9-492f-a4b1-c15315f9fba6 1 1116 1145 -edge_35_0_+disjointig_19_0_5222 581 1696 5222 -1 -1 793 0.0357998
Chain
	Aln	275	+ce5c11c8-4ac2-43c1-9832-a061d460236e 85 2426 2429 -edge_138_0_+disjointig_91_0_2432 87 2429 2432 -1 -1 2031 0.0165414
Chain
	Aln	274	-ce5c11c8-4ac2-43c1-9832-a061d460236e 2 2343 2429 +edge_138_0_+disjointig_91_0_2432 2 2344 2432 -1 -1 2031 0.0165414
Chain
	Aln	274	+66631538-a259-46ef-89a8-5546f75e6dbf 22 2406 2436 +edge_138_0_+disjointig_91_0_2432 0 2385 2432 -1 -1 2301 0.00370637
Chain
	Aln	275	-66631538-a259-46ef-89a8-5546f75e6dbf 29 2413 2436 -edge_138_0_+disjointig_91_0_2432 46 2431 2432 -1 -1 2301 0.00370637
Chain
	Aln	3	+c11ab233-976b-4191-a81b-9b84cfb86bfb 11 1365 1377 -edge_2_0_+disjointig_10_0_35069 10886 12246 35069 -1 -1 998 0.0339765
Chain
	Aln	2	-c11ab233-976b-4191-a81b-9b84cfb86bfb 11 1365 1377 +edge_2_0_+disjointig_10_0_35069 22822 24182 35069 -1 -1 998 0.0339765
Chain
	Aln	2	+9c111a0d-93af-4aba-99bd-e1202097858e 31 1375 1382 +edge_2_0_+disjointig_10_0_35069 22823 24166 35069 -1 -1 993 0.0341518
Chain
	Aln	3	-9c111a0d-93af-4aba-99bd-e1202097858e 6 1350 1382 -edge_2_0_+disjointig_10_0_35069 10902 12245 35069 -1 -1 993 0.0341518
Chain
	Aln	155	+8407ab35-1b82-473f-be76-84c84e557e53 0 1124 1127 -edge_78_0_+disjointig_5_0_1900 666 1790 1900 -1 -1 878 0.0255588
Chain
	Aln	154	-8407ab35-1b82-473f-be76-84c84e557e53 2 1126 1127 +edge_78_0_+disjointig_5_0_1900 109 1233 1900 -1 -1 878 0.0255588
Chain
	Aln	177	+97c85e7d-c590-49d7-9a50-2e48f53b0a6e 9 2765 2771 -edge_89_0_+disjointig_58_0_5115 8 2770 5115 -1 -1 2324 0.0208291
Chain
	Aln	176	-97c85e7d-c590-49d7-9a50-2e48f53b0a6e 5 2761 2771 +edge_89_0_+disjointig_58_0_5115 2344 5106 5115 -1 -1 2324 0.0208291
Chain
	Aln	176	+f17d1343-5582-4c17-b095-498cdb31e69c 6 5085 5093 +edge_89_0_+disjointig_58_0_5115 6 5087 5115 -1 -1 4607 0.00879295
Chain
	Aln	177	-f17d1343-5582-4c17-b095-498cdb31e69c 7 5086 5093 -edge_89_0_+disjointig_58_0_5115 27 5108 5115 -1 -1 4607 0.00879295
Chain
	Aln	2	+5277fcc7-25fb-4440-9c20-a425594108a7 1 2368 3845 +edge_2_0_+disjointig_10_0_35069 22852 25235 35069 -1 -1 1689 0.0323455
Chain
	Aln	3	-5277fcc7-25fb-4440-9c20-a425594108a7 1476 3843 3845 -edge_2_0_+disjointig_10_0_35069 9833 12216 35069 -1 -1 1689 0.0323455
Chain
	Aln	68	+866e1dc0-286a-4ced-86a3-d6682bc38511 7 2616 2647 +edge_35_0_+disjointig_19_0_5222 168 2764 5222 -1 -1 2099 0.0269505
Chain
	Aln	69	-866e1dc0-286a-4ced-86a3-d6682bc38511 30 2639 2647 -edge_35_0_+disjointig_19_0_5222 2457 5053 5222 -1 -1 2099 0.0269505
Chain
	Aln	3	+e362eafc-b8c5-4b20-9b03-e4b923e0f4c6 35 1355 1380 -edge_2_0_+disjointig_10_0_35069 10126 11446 35069 -1 -1 887 0.0400752
Chain
	Aln	2	-e362eafc-b8c5-4b20-9b03-e4b923e0f4c6 24 1344 1380 +edge_2_0_+disjointig_10_0_35069 23622 24942 35069 -1 -1 887 0.0400752
Chain
	Aln	137	+018c206c-0018-4ace-bf6c-28efb7fb3c22 5 1106 1114 -edge_69_0_-disjointig_41_9663_16671 3683 4780 7008 -1 -1 989 0.0127274
Chain
	Aln	136	-018c206c-0018-4ace-bf6c-28efb7fb3c22 7 1108 1114 +edge_69_0_-disjointig_41_9663_16671 2227 3324 7008 -1 -1 989 0.0127274
Chain
	Aln	136	+4f82b846-3451-4f3f-b4c1-7db8d2258b78 27 1107 1115 +edge_69_0_-disjointig_41_9663_16671 2227 3302 7008 -1 -1 955 0.0131054
Chain
	Aln	137	-4f82b846-3451-4f3f-b4c1-7db8d2258b78 7 1087 1115 -edge_69_0_-disjointig_41_9663_16671 3705 4780 7008 -1 -1 955 0.0131054
Chain
	Aln	3	+464bd964-c56e-477c-ba87-a6dd359b67ae 507 3627 3639 -edge_2_0_+disjointig_10_0_35069 11246 14379 35069 -1 -1 2242 0.0373178
Chain
	Aln	2	-464bd964-c56e-477c-ba87-a6dd359b67ae 11 3131 3639 +edge_2_0_+disjointig_10_0_35069 20689 23822 35069 -1 -1 2242 0.0373178
Chain
	Aln	97	+fa97890c-30b3-4a04-b07a-72fb80f8ed2a 6 753 4452 -edge_49_1_+disjointig_3_3698_4540 94 841 842 -1 -1 747 0.00228405
	Aln	102	+fa97890c-30b3-4a04-b07a-72fb80f8ed2a 753 2622 4452 +edge_52_0_-disjointig_3_10297_12171 0 1870 1874 -1 -1 1752 0.0079275
	Aln	97	+fa97890c-30b3-4a04-b07a-72fb80f8ed2a 2631 3468 4452 -edge_49_1_+disjointig_3_3698_4540 4 841 842 -1 -1 831 0.00329427
	Aln	102	+fa97890c-30b3-4a04-b07a-72fb80f8ed2a 3468 4448 4452 +edge_52_0_-disjointig_3_10297_12171 0 980 1874 -1 -1 946 0.00447344
Chain
	Aln	103	-fa97890c-30b3-4a04-b07a-72fb80f8ed2a 3 983 4452 -edge_52_0_-disjointig_3_10297_12171 893 1873 1874 -1 -1 946 0.00447344
	Aln	96	-fa97890c-30b3-4a04-b07a-72fb80f8ed2a 983 1820 4452 +edge_49_1_+disjointig_3_3698_4540 0 837 842 -1 -1 831 0.00329427
	Aln	103	-fa97890c-30b3-4a04-b07a-72fb80f8ed2a 1829 3698 4452 -edge_52_0_-disjointig_3_10297_12171 3 1873 1874 -1 -1 1752 0.0079275
	Aln	96	-fa97890c-30b3-4a04-b07a-72fb80f8ed2a 3698 4445 4452 +edge_49_1_+disjointig_3_3698_4540 0 747 842 -1 -1 747 0.00228405
Chain
	Aln	3	+d71b69ea-b000-4f24-9428-e646e61392c1 359 1570 1576 -edge_2_0_+disjointig_10_0_35069 9916 11126 35069 -1 -1 757 0.0434993
Chain
	Aln	2	-d71b69ea-b000-4f24-9428-e646e61392c1 5 1216 1576 +edge_2_0_+disjointig_10_0_35069 23942 25152 35069 -1 -1 757 0.0434993
Chain
	Aln	258	+77b470cc-89eb-4c9a-872e-f8929c5967be 1707 15592 15598 +edge_130_0_+disjointig_84_0_16176 2245 16171 16176 -1 -1 12374 0.00766436
Chain
	Aln	259	-77b470cc-89eb-4c9a-872e-f8929c5967be 5 13890 15598 -edge_130_0_+disjointig_84_0_16176 4 13930 16176 -1 -1 12374 0.00766436
Chain
	Aln	52	+a841b12d-ac92-49a5-abb8-508190325462 23 7274 7278 +edge_27_0_+disjointig_122_0_6980 7 6977 6980 -1 -1 4389 0.0369237
Chain
	Aln	53	-a841b12d-ac92-49a5-abb8-508190325462 3 7254 7278 -edge_27_0_+disjointig_122_0_6980 2 6972 6980 -1 -1 4389 0.0369237
Chain
	Aln	2	+4b2e190f-b675-418c-aa77-987071d26b20 12789 14064 15378 +edge_2_0_+disjointig_10_0_35069 23878 25153 35069 -1 -1 901 0.0356138
Chain
	Aln	3	-4b2e190f-b675-418c-aa77-987071d26b20 1313 2588 15378 -edge_2_0_+disjointig_10_0_35069 9915 11190 35069 -1 -1 901 0.0356138
Chain
	Aln	69	+7509dde2-597b-4744-a865-15deeab7dc91 106 1408 1413 -edge_35_0_+disjointig_19_0_5222 1680 2981 5222 -1 -1 870 0.0397188
Chain
	Aln	68	-7509dde2-597b-4744-a865-15deeab7dc91 4 1306 1413 +edge_35_0_+disjointig_19_0_5222 2240 3541 5222 -1 -1 870 0.0397188
Chain
	Aln	49	+6d891e04-9a97-4a2f-9e6f-e114a794d2f2 57 1524 1721 -edge_25_0_+disjointig_120_0_5726 4259 5725 5726 -1 -1 921 0.0410971
Chain
	Aln	48	-6d891e04-9a97-4a2f-9e6f-e114a794d2f2 196 1663 1721 +edge_25_0_+disjointig_120_0_5726 0 1466 5726 -1 -1 921 0.0410971
Chain
	Aln	68	+20e69578-397e-4638-aa03-3a0db2967531 11 3856 4401 +edge_35_0_+disjointig_19_0_5222 1347 5192 5222 -1 -1 2821 0.0320793
Chain
	Aln	69	-20e69578-397e-4638-aa03-3a0db2967531 544 4389 4401 -edge_35_0_+disjointig_19_0_5222 29 3874 5222 -1 -1 2821 0.0320793
Chain
	Aln	69	+762c4aa9-889a-411b-a8db-1304a5c98e64 678 4486 4492 -edge_35_0_+disjointig_19_0_5222 29 3865 5222 -1 -1 2805 0.0324029
Chain
	Aln	68	-762c4aa9-889a-411b-a8db-1304a5c98e64 5 3813 4492 +edge_35_0_+disjointig_19_0_5222 1356 5192 5222 -1 -1 2805 0.0324029
Chain
	Aln	49	+88413f30-9583-4313-9364-a701620df3bb 5 5523 5544 -edge_25_0_+disjointig_120_0_5726 78 5532 5726 -1 -1 3724 0.03484
Chain
	Aln	48	-88413f30-9583-4313-9364-a701620df3bb 20 5538 5544 +edge_25_0_+disjointig_120_0_5726 193 5647 5726 -1 -1 3724 0.03484
Chain
	Aln	2	+a1bedfa9-1f54-48e7-8f33-839540626e3e 32 2149 4130 +edge_2_0_+disjointig_10_0_35069 23051 25175 35069 -1 -1 1237 0.0470749
Chain
	Aln	3	-a1bedfa9-1f54-48e7-8f33-839540626e3e 1980 4097 4130 -edge_2_0_+disjointig_10_0_35069 9893 12017 35069 -1 -1 1237 0.0470749
Chain
	Aln	150	+8325d24a-0947-4439-8585-af121cfe87e3 26 3468 3473 +edge_76_0_+disjointig_48_0_3480 9 3451 3480 -1 -1 3139 0.00947975
Chain
	Aln	151	-8325d24a-0947-4439-8585-af121cfe87e3 4 3446 3473 -edge_76_0_+disjointig_48_0_3480 28 3470 3480 -1 -1 3139 0.00947975
Chain
	Aln	3	+7a8bcf9b-b906-41da-8486-e1dac4871765 198 1467 1472 -edge_2_0_+disjointig_10_0_35069 9893 11162 35069 -1 -1 769 0.0434629
Chain
	Aln	2	-7a8bcf9b-b906-41da-8486-e1dac4871765 4 1273 1472 +edge_2_0_+disjointig_10_0_35069 23906 25175 35069 -1 -1 769 0.0434629
Chain
	Aln	151	+33bb138c-7da0-4ef0-bc5e-0acc3bfb3fbf 12 3502 3505 -edge_76_0_+disjointig_48_0_3480 11 3477 3480 -1 -1 2416 0.0353406
Chain
	Aln	150	-33bb138c-7da0-4ef0-bc5e-0acc3bfb3fbf 2 3492 3505 +edge_76_0_+disjointig_48_0_3480 2 3468 3480 -1 -1 2416 0.0353406
Chain
	Aln	109	+ce1cc45f-d247-4dd8-bc1f-0cf180d49b12 12 2526 2586 -edge_55_0_+disjointig_31_0_2587 11 2524 2587 -1 -1 1765 0.035207
Chain
	Aln	108	-ce1cc45f-d247-4dd8-bc1f-0cf180d49b12 59 2573 2586 +edge_55_0_+disjointig_31_0_2587 62 2575 2587 -1 -1 1765 0.035207
Chain
	Aln	108	+2e544f65-e894-4222-96e9-de5298c5578f 35 2576 2593 +edge_55_0_+disjointig_31_0_2587 15 2549 2587 -1 -1 2203 0.0139297
Chain
	Aln	109	-2e544f65-e894-4222-96e9-de5298c5578f 16 2557 2593 -edge_55_0_+disjointig_31_0_2587 37 2571 2587 -1 -1 2203 0.0139297
Chain
	Aln	2	+1da2c63d-c35a-44ef-bd86-a2f610bd92de 18 3070 3643 +edge_2_0_+disjointig_10_0_35069 22031 25087 35069 -1 -1 2019 0.042584
Chain
	Aln	3	-1da2c63d-c35a-44ef-bd86-a2f610bd92de 572 3624 3643 -edge_2_0_+disjointig_10_0_35069 9981 13037 35069 -1 -1 2019 0.042584
Chain
	Aln	3	+52494791-3e51-4834-9a1b-a3e720edc1fb 9214 10879 11686 -edge_2_0_+disjointig_10_0_35069 11295 12956 35069 -1 -1 1157 0.0370589
Chain
	Aln	2	-52494791-3e51-4834-9a1b-a3e720edc1fb 806 2471 11686 +edge_2_0_+disjointig_10_0_35069 22112 23773 35069 -1 -1 1157 0.0370589
Chain
	Aln	135	+e823430f-a321-4841-ac2d-36b13f3c66bc 143 732 2737 -edge_68_28_+disjointig_41_10720_11563 231 823 843 -1 -1 523 0.0134997
	Aln	135	+e823430f-a321-4841-ac2d-36b13f3c66bc 684 1193 2737 -edge_68_15_+disjointig_40_10667_11186 9 518 519 -1 -1 414 0.0298013
	Aln	135	+e823430f-a321-4841-ac2d-36b13f3c66bc 1156 1789 2737 -edge_68_25_+disjointig_41_8828_9487 21 658 659 -1 -1 573 0.0165443
	Aln	135	+e823430f-a321-4841-ac2d-36b13f3c66bc 1756 2423 2737 -edge_68_30_+disjointig_41_12413_13120 8 680 707 -1 -1 590 0.0203228
	Aln	135	+e823430f-a321-4841-ac2d-36b13f3c66bc 2392 2731 2737 -edge_68_23_+disjointig_41_7627_8247 26 366 620 -1 -1 267 0.03175
Chain
	Aln	134	-e823430f-a321-4841-ac2d-36b13f3c66bc 5 344 2737 +edge_68_23_+disjointig_41_7627_8247 253 593 620 -1 -1 267 0.03175
	Aln	134	-e823430f-a321-4841-ac2d-36b13f3c66bc 313 980 2737 +edge_68_30_+disjointig_41_12413_13120 26 698 707 -1 -1 590 0.0203228
	Aln	134	-e823430f-a321-4841-ac2d-36b13f3c66bc 947 1580 2737 +edge_68_25_+disjointig_41_8828_9487 0 637 659 -1 -1 573 0.0165443
	Aln	134	-e823430f-a321-4841-ac2d-36b13f3c66bc 1543 2052 2737 +edge_68_15_+disjointig_40_10667_11186 0 509 519 -1 -1 414 0.0298013
	Aln	134	-e823430f-a321-4841-ac2d-36b13f3c66bc 2004 2593 2737 +edge_68_28_+disjointig_41_10720_11563 19 611 843 -1 -1 523 0.0134997
Chain
	Aln	3	+9154fe01-3050-484b-a2c0-8091d7cb93b8 20 1760 1784 -edge_2_0_+disjointig_10_0_35069 10252 11998 35069 -1 -1 797 0.0667605
Chain
	Aln	2	-9154fe01-3050-484b-a2c0-8091d7cb93b8 23 1763 1784 +edge_2_0_+disjointig_10_0_35069 23070 24816 35069 -1 -1 797 0.0667605
Chain
	Aln	3	+c456d5aa-84d7-4117-b08e-d118ac367a53 1767 3658 7625 -edge_2_0_+disjointig_10_0_35069 9981 11881 35069 -1 -1 1302 0.0405192
Chain
	Aln	2	-c456d5aa-84d7-4117-b08e-d118ac367a53 3966 5857 7625 +edge_2_0_+disjointig_10_0_35069 23187 25087 35069 -1 -1 1302 0.0405192
Chain
	Aln	136	+a22959e4-4445-4f85-8346-f9a09b6411e3 2 4043 4045 +edge_69_0_-disjointig_41_9663_16671 1364 5421 7008 -1 -1 3575 0.0150416
Chain
	Aln	137	-a22959e4-4445-4f85-8346-f9a09b6411e3 1 4042 4045 -edge_69_0_-disjointig_41_9663_16671 1586 5643 7008 -1 -1 3575 0.0150416
Chain
	Aln	204	+46627659-aad1-41a8-965d-524d6a0335d1 36 1435 1445 +edge_103_0_+disjointig_65_0_11547 14 1414 11547 -1 -1 1378 0.000579682
Chain
	Aln	205	-46627659-aad1-41a8-965d-524d6a0335d1 9 1408 1445 -edge_103_0_+disjointig_65_0_11547 10132 11532 11547 -1 -1 1378 0.000579682
Chain
	Aln	205	+b4f486f4-6f07-4807-a51f-3fb0c6f7f865 1 6862 6864 -edge_103_0_+disjointig_65_0_11547 4763 11545 11547 -1 -1 5544 0.0197537
Chain
	Aln	204	-b4f486f4-6f07-4807-a51f-3fb0c6f7f865 1 6862 6864 +edge_103_0_+disjointig_65_0_11547 1 6783 11547 -1 -1 5544 0.0197537
Chain
	Aln	227	+e386d606-790c-4f74-b5f8-56c6caf0dda6 57 4106 4108 -edge_114_0_+disjointig_75_0_4115 55 4113 4115 -1 -1 1906 0.0666131
Chain
	Aln	226	-e386d606-790c-4f74-b5f8-56c6caf0dda6 1 4050 4108 +edge_114_0_+disjointig_75_0_4115 1 4059 4115 -1 -1 1906 0.0666131
Chain
	Aln	226	+c4f17979-9b01-40ef-9f95-7b5a4cade4da 767 4798 4833 +edge_114_0_+disjointig_75_0_4115 28 4059 4115 -1 -1 3357 0.021777
Chain
	Aln	227	-c4f17979-9b01-40ef-9f95-7b5a4cade4da 34 4065 4833 -edge_114_0_+disjointig_75_0_4115 55 4086 4115 -1 -1 3357 0.021777
Chain
	Aln	3	+716c3ae5-8bc6-4ccf-8f37-877feee1c2c6 90 1460 1464 -edge_2_0_+disjointig_10_0_35069 10315 11690 35069 -1 -1 924 0.0363778
Chain
	Aln	2	-716c3ae5-8bc6-4ccf-8f37-877feee1c2c6 3 1373 1464 +edge_2_0_+disjointig_10_0_35069 23378 24753 35069 -1 -1 924 0.0363778
Chain
	Aln	2	+ea8a76dc-e5db-48dc-9a19-18af9a2eaf9e 33 3064 3069 +edge_2_0_+disjointig_10_0_35069 21029 24061 35069 -1 -1 2143 0.0359894
Chain
	Aln	3	-ea8a76dc-e5db-48dc-9a19-18af9a2eaf9e 4 3035 3069 -edge_2_0_+disjointig_10_0_35069 11007 14039 35069 -1 -1 2143 0.0359894
Chain
	Aln	295	+31485e24-6393-4b88-bbd6-ebcd6e00e085 123 2032 2037 -edge_148_0_+disjointig_19_5222_9979 94 2003 4757 -1 -1 865 0.0680307
Chain
	Aln	294	-31485e24-6393-4b88-bbd6-ebcd6e00e085 4 1913 2037 +edge_148_0_+disjointig_19_5222_9979 2753 4662 4757 -1 -1 865 0.0680307
Chain
	Aln	23	+ba7e1fa0-0f61-436c-9346-fb0a82e9b9df 13 4152 4160 -edge_12_0_+disjointig_109_0_8671 4584 8664 8671 -1 -1 2805 0.0340761
Chain
	Aln	22	-ba7e1fa0-0f61-436c-9346-fb0a82e9b9df 7 4146 4160 +edge_12_0_+disjointig_109_0_8671 6 4086 8671 -1 -1 2805 0.0340761
Chain
	Aln	3	+c51252fa-f1a4-4a2d-9153-84e717b5e974 83 2403 2420 -edge_2_0_+disjointig_10_0_35069 11818 14140 35069 -1 -1 1319 0.0526648
Chain
	Aln	2	-c51252fa-f1a4-4a2d-9153-84e717b5e974 16 2336 2420 +edge_2_0_+disjointig_10_0_35069 20928 23250 35069 -1 -1 1319 0.0526648
Chain
	Aln	22	+5952a1d7-7598-4ffb-95c6-e0685393fb9b 24 8725 8737 +edge_12_0_+disjointig_109_0_8671 1 8660 8671 -1 -1 6850 0.0190979
Chain
	Aln	23	-5952a1d7-7598-4ffb-95c6-e0685393fb9b 11 8712 8737 -edge_12_0_+disjointig_109_0_8671 10 8669 8671 -1 -1 6850 0.0190979
Chain
	Aln	257	+cabf1c03-e299-4922-946d-0b73a4454a54 10 2632 2634 -edge_129_0_+disjointig_83_0_2620 9 2618 2620 -1 -1 2039 0.0247998
Chain
	Aln	256	-cabf1c03-e299-4922-946d-0b73a4454a54 1 2623 2634 +edge_129_0_+disjointig_83_0_2620 1 2610 2620 -1 -1 2039 0.0247998
Chain
	Aln	256	+c0d22d1c-d7a2-410f-9e7f-328ee6798663 908 3485 3493 +edge_129_0_+disjointig_83_0_2620 9 2591 2620 -1 -1 2183 0.0144978
Chain
	Aln	257	-c0d22d1c-d7a2-410f-9e7f-328ee6798663 7 2584 3493 -edge_129_0_+disjointig_83_0_2620 28 2610 2620 -1 -1 2183 0.0144978
Chain
	Aln	134	+761ee8e4-fd25-4642-a1cd-9efdcd23b8d9 16 412 1878 +edge_68_6_+disjointig_40_4545_5436 491 887 891 -1 -1 335 0.0270314
	Aln	134	+761ee8e4-fd25-4642-a1cd-9efdcd23b8d9 375 1073 1878 +edge_68_30_+disjointig_41_12413_13120 0 698 707 -1 -1 590 0.0183469
	Aln	134	+761ee8e4-fd25-4642-a1cd-9efdcd23b8d9 1040 1689 1878 +edge_68_25_+disjointig_41_8828_9487 0 649 659 -1 -1 517 0.0251046
	Aln	134	+761ee8e4-fd25-4642-a1cd-9efdcd23b8d9 1640 1860 1878 +edge_68_15_+disjointig_40_10667_11186 0 220 519 -1 -1 213 0.0105834
Chain
	Aln	135	-761ee8e4-fd25-4642-a1cd-9efdcd23b8d9 17 237 1878 -edge_68_15_+disjointig_40_10667_11186 298 518 519 -1 -1 213 0.0105834
	Aln	135	-761ee8e4-fd25-4642-a1cd-9efdcd23b8d9 188 837 1878 -edge_68_25_+disjointig_41_8828_9487 9 658 659 -1 -1 517 0.0251046
	Aln	135	-761ee8e4-fd25-4642-a1cd-9efdcd23b8d9 804 1502 1878 -edge_68_30_+disjointig_41_12413_13120 8 706 707 -1 -1 590 0.0183469
	Aln	135	-761ee8e4-fd25-4642-a1cd-9efdcd23b8d9 1465 1861 1878 -edge_68_6_+disjointig_40_4545_5436 3 399 891 -1 -1 335 0.0270314
Chain
	Aln	157	+ba49cad2-3eae-4fb6-8d01-c8be43d08e8c 107 669 4094 -edge_79_6_+disjointig_5_8256_8869 49 612 613 -1 -1 439 0.033766
	Aln	157	+ba49cad2-3eae-4fb6-8d01-c8be43d08e8c 673 1645 4094 -edge_79_5_+disjointig_5_7223_8256 3 976 1033 -1 -1 507 0.0675143
	Aln	157	+ba49cad2-3eae-4fb6-8d01-c8be43d08e8c 1734 2282 4094 -edge_79_8_+disjointig_5_11040_11642 32 580 602 -1 -1 447 0.0275605
	Aln	157	+ba49cad2-3eae-4fb6-8d01-c8be43d08e8c 2401 2941 4094 -edge_79_8_+disjointig_5_11040_11642 19 560 602 -1 -1 401 0.0413758
	Aln	157	+ba49cad2-3eae-4fb6-8d01-c8be43d08e8c 3093 3594 4094 -edge_79_8_+disjointig_5_11040_11642 32 534 602 -1 -1 361 0.0392254
	Aln	157	+ba49cad2-3eae-4fb6-8d01-c8be43d08e8c 3656 4074 4094 -edge_79_6_+disjointig_5_8256_8869 32 450 613 -1 -1 352 0.0316037
Chain
	Aln	156	-ba49cad2-3eae-4fb6-8d01-c8be43d08e8c 19 437 4094 +edge_79_6_+disjointig_5_8256_8869 162 580 613 -1 -1 352 0.0316037
	Aln	156	-ba49cad2-3eae-4fb6-8d01-c8be43d08e8c 499 1000 4094 +edge_79_8_+disjointig_5_11040_11642 67 569 602 -1 -1 361 0.0392254
	Aln	156	-ba49cad2-3eae-4fb6-8d01-c8be43d08e8c 1152 1692 4094 +edge_79_8_+disjointig_5_11040_11642 41 582 602 -1 -1 401 0.0413758
	Aln	156	-ba49cad2-3eae-4fb6-8d01-c8be43d08e8c 1811 2359 4094 +edge_79_8_+disjointig_5_11040_11642 21 569 602 -1 -1 447 0.0275605
	Aln	156	-ba49cad2-3eae-4fb6-8d01-c8be43d08e8c 2448 3420 4094 +edge_79_5_+disjointig_5_7223_8256 56 1029 1033 -1 -1 507 0.0675143
	Aln	156	-ba49cad2-3eae-4fb6-8d01-c8be43d08e8c 3424 3986 4094 +edge_79_6_+disjointig_5_8256_8869 0 563 613 -1 -1 439 0.033766
Chain
	Aln	3	+25e6bb19-d4d4-4d79-9e54-c92c5d17cfcf 299 1580 2664 -edge_2_0_+disjointig_10_0_35069 10069 11356 35069 -1 -1 895 0.0286073
Chain
	Aln	2	-25e6bb19-d4d4-4d79-9e54-c92c5d17cfcf 1083 2364 2664 +edge_2_0_+disjointig_10_0_35069 23712 24999 35069 -1 -1 895 0.0286073
Chain
	Aln	3	+8f5d0d09-aff1-43ed-bb32-c867d749e46f 1 1455 10652 -edge_2_0_+disjointig_10_0_35069 12228 13680 35069 -1 -1 1036 0.0345456
Chain
	Aln	2	-8f5d0d09-aff1-43ed-bb32-c867d749e46f 9196 10650 10652 +edge_2_0_+disjointig_10_0_35069 21388 22840 35069 -1 -1 1036 0.0345456
Chain
	Aln	180	+1f435aed-0496-42de-842d-0dd03c00e675 181 501 1593 +edge_91_6_+disjointig_6_10674_11435 151 471 761 -1 -1 33 0.196886
	Aln	182	+1f435aed-0496-42de-842d-0dd03c00e675 483 1165 1593 +edge_92_0_+disjointig_6_1111_1794 0 681 683 -1 -1 659 0.00418764
	Aln	180	+1f435aed-0496-42de-842d-0dd03c00e675 1167 1590 1593 +edge_91_6_+disjointig_6_10674_11435 0 423 761 -1 -1 423 0.00255027
Chain
	Aln	181	-1f435aed-0496-42de-842d-0dd03c00e675 2 425 1593 -edge_91_6_+disjointig_6_10674_11435 337 760 761 -1 -1 423 0.00255027
	Aln	183	-1f435aed-0496-42de-842d-0dd03c00e675 427 1109 1593 -edge_92_0_+disjointig_6_1111_1794 1 682 683 -1 -1 659 0.00418764
	Aln	181	-1f435aed-0496-42de-842d-0dd03c00e675 1091 1411 1593 -edge_91_6_+disjointig_6_10674_11435 289 609 761 -1 -1 33 0.196886
Chain
	Aln	3	+7ae5effd-b6e3-4ac2-a7ec-dd5d06ab8ee8 228 2659 2668 -edge_2_0_+disjointig_10_0_35069 10124 12554 35069 -1 -1 1721 0.0362207
Chain
	Aln	2	-7ae5effd-b6e3-4ac2-a7ec-dd5d06ab8ee8 8 2439 2668 +edge_2_0_+disjointig_10_0_35069 22514 24944 35069 -1 -1 1721 0.0362207
Chain
	Aln	21	+1b26b11e-bce4-4f7f-8511-835e4fe2a49d 42 4732 4735 -edge_11_0_+disjointig_108_0_11077 40 4573 11077 -1 -1 3406 0.0243287
Chain
	Aln	20	-1b26b11e-bce4-4f7f-8511-835e4fe2a49d 2 4692 4735 +edge_11_0_+disjointig_108_0_11077 6503 11036 11077 -1 -1 3406 0.0243287
Chain
	Aln	294	+860b364a-7922-4d64-b08d-f9e0d9d99712 160 4904 5275 +edge_148_0_+disjointig_19_5222_9979 1 4727 4757 -1 -1 2389 0.063633
Chain
	Aln	295	-860b364a-7922-4d64-b08d-f9e0d9d99712 370 5114 5275 -edge_148_0_+disjointig_19_5222_9979 29 4755 4757 -1 -1 2389 0.063633
Chain
	Aln	294	+50009759-53da-491d-9cd2-d27e07f87a6e 22 1206 1213 +edge_148_0_+disjointig_19_5222_9979 341 1526 4757 -1 -1 478 0.0834208
Chain
	Aln	295	-50009759-53da-491d-9cd2-d27e07f87a6e 6 1190 1213 -edge_148_0_+disjointig_19_5222_9979 3230 4415 4757 -1 -1 478 0.0834208
Chain
	Aln	2	+7cdceee7-4b05-4e74-bcec-021983bf5fae 8 4462 4492 +edge_2_0_+disjointig_10_0_35069 19741 24178 35069 -1 -1 2760 0.0434728
Chain
	Aln	3	-7cdceee7-4b05-4e74-bcec-021983bf5fae 29 4483 4492 -edge_2_0_+disjointig_10_0_35069 10890 15327 35069 -1 -1 2760 0.0434728
Chain
	Aln	2	+8cb20c88-345d-4002-b3d7-896dc04da54f 348 6121 7936 +edge_2_0_+disjointig_10_0_35069 19180 24985 35069 -1 -1 3599 0.0432303
Chain
	Aln	3	-8cb20c88-345d-4002-b3d7-896dc04da54f 1814 7587 7936 -edge_2_0_+disjointig_10_0_35069 10083 15888 35069 -1 -1 3599 0.0432303
Chain
	Aln	3	+e21e8ce0-0a22-4266-a43e-60c30e828088 15 4363 4427 -edge_2_0_+disjointig_10_0_35069 10890 15254 35069 -1 -1 2637 0.0448092
Chain
	Aln	2	-e21e8ce0-0a22-4266-a43e-60c30e828088 63 4411 4427 +edge_2_0_+disjointig_10_0_35069 19814 24178 35069 -1 -1 2637 0.0448092
Chain
	Aln	2	+0e4e93a8-34c3-4532-9b8c-b13dce1f31f2 39 1710 3046 +edge_2_0_+disjointig_10_0_35069 23489 25175 35069 -1 -1 1056 0.0470503
Chain
	Aln	3	-0e4e93a8-34c3-4532-9b8c-b13dce1f31f2 1335 3006 3046 -edge_2_0_+disjointig_10_0_35069 9893 11579 35069 -1 -1 1056 0.0470503
Chain
	Aln	90	+9ab0aff3-2739-4cd7-b0c8-c6c989e2967d 871 1883 9857 +edge_46_0_+disjointig_28_0_2546 1531 2537 2546 -1 -1 820 0.0220246
Chain
	Aln	91	-9ab0aff3-2739-4cd7-b0c8-c6c989e2967d 7973 8985 9857 -edge_46_0_+disjointig_28_0_2546 8 1014 2546 -1 -1 820 0.0220246
Chain
	Aln	68	+7457227d-d9d0-40f4-a1e3-405f23bf490d 3 3671 3741 +edge_35_0_+disjointig_19_0_5222 802 4473 5222 -1 -1 1726 0.0616559
Chain
	Aln	69	-7457227d-d9d0-40f4-a1e3-405f23bf490d 69 3737 3741 -edge_35_0_+disjointig_19_0_5222 748 4419 5222 -1 -1 1726 0.0616559
Chain
	Aln	2	+331e628f-aaf2-44fe-a183-4f7dce728e1a 4723 5806 6542 +edge_2_0_+disjointig_10_0_35069 24150 25235 35069 -1 -1 651 0.0504489
Chain
	Aln	3	-331e628f-aaf2-44fe-a183-4f7dce728e1a 735 1818 6542 -edge_2_0_+disjointig_10_0_35069 9833 10918 35069 -1 -1 651 0.0504489
Chain
	Aln	135	+dfcea373-6272-44ed-8d66-30ea98014297 17 160 4111 -edge_68_15_+disjointig_40_10667_11186 375 518 519 -1 -1 139 0.01096
	Aln	135	+dfcea373-6272-44ed-8d66-30ea98014297 112 758 4111 -edge_68_25_+disjointig_41_8828_9487 10 656 659 -1 -1 576 0.0166881
	Aln	135	+dfcea373-6272-44ed-8d66-30ea98014297 739 1425 4111 -edge_68_30_+disjointig_41_12413_13120 20 706 707 -1 -1 626 0.010039
	Aln	135	+dfcea373-6272-44ed-8d66-30ea98014297 1406 2272 4111 -edge_68_6_+disjointig_40_4545_5436 21 890 891 -1 -1 768 0.0153
	Aln	135	+dfcea373-6272-44ed-8d66-30ea98014297 2271 2818 4111 -edge_68_3_+disjointig_40_2299_2852 5 552 553 -1 -1 493 0.0239824
	Aln	135	+dfcea373-6272-44ed-8d66-30ea98014297 2820 3656 4111 -edge_68_33_+disjointig_41_14414_15265 1 850 851 -1 -1 758 0.0183236
	Aln	135	+dfcea373-6272-44ed-8d66-30ea98014297 3657 4107 4111 -edge_68_26_+disjointig_41_9487_10167 1 450 680 -1 -1 411 0.0149943
Chain
	Aln	134	-dfcea373-6272-44ed-8d66-30ea98014297 3 453 4111 +edge_68_26_+disjointig_41_9487_10167 229 678 680 -1 -1 411 0.0149943
	Aln	134	-dfcea373-6272-44ed-8d66-30ea98014297 454 1290 4111 +edge_68_33_+disjointig_41_14414_15265 0 849 851 -1 -1 758 0.0183236
	Aln	134	-dfcea373-6272-44ed-8d66-30ea98014297 1292 1839 4111 +edge_68_3_+disjointig_40_2299_2852 0 547 553 -1 -1 493 0.0239824
	Aln	134	-dfcea373-6272-44ed-8d66-30ea98014297 1838 2704 4111 +edge_68_6_+disjointig_40_4545_5436 0 869 891 -1 -1 768 0.0153
	Aln	134	-dfcea373-6272-44ed-8d66-30ea98014297 2685 3371 4111 +edge_68_30_+disjointig_41_12413_13120 0 686 707 -1 -1 626 0.010039
	Aln	134	-dfcea373-6272-44ed-8d66-30ea98014297 3352 3998 4111 +edge_68_25_+disjointig_41_8828_9487 2 648 659 -1 -1 576 0.0166881
	Aln	134	-dfcea373-6272-44ed-8d66-30ea98014297 3950 4093 4111 +edge_68_15_+disjointig_40_10667_11186 0 143 519 -1 -1 139 0.01096
Chain
	Aln	102	+3a825945-8b99-4c9d-9795-cd98e1ed8f2f 77 1929 2768 +edge_52_0_-disjointig_3_10297_12171 18 1870 1874 -1 -1 1727 0.00994483
	Aln	97	+3a825945-8b99-4c9d-9795-cd98e1ed8f2f 1943 2764 2768 -edge_49_1_+disjointig_3_3698_4540 9 830 842 -1 -1 771 0.0105132
Chain
	Aln	96	-3a825945-8b99-4c9d-9795-cd98e1ed8f2f 3 824 2768 +edge_49_1_+disjointig_3_3698_4540 11 832 842 -1 -1 771 0.0105132
	Aln	103	-3a825945-8b99-4c9d-9795-cd98e1ed8f2f 838 2690 2768 -edge_52_0_-disjointig_3_10297_12171 3 1855 1874 -1 -1 1727 0.00994483
Chain
	Aln	3	+c4233e27-750d-42d6-b628-252a9caacfd2 9 2460 2462 -edge_2_0_+disjointig_10_0_35069 10977 13456 35069 -1 -1 1660 0.0386414
Chain
	Aln	2	-c4233e27-750d-42d6-b628-252a9caacfd2 1 2452 2462 +edge_2_0_+disjointig_10_0_35069 21612 24091 35069 -1 -1 1660 0.0386414
Chain
	Aln	133	+b1849c03-da4c-4601-b74b-053a3f686f33 10 1090 1094 -edge_67_0_+disjointig_4_0_2310 625 1705 2310 -1 -1 843 0.0253775
Chain
	Aln	132	-b1849c03-da4c-4601-b74b-053a3f686f33 3 1083 1094 +edge_67_0_+disjointig_4_0_2310 604 1684 2310 -1 -1 843 0.0253775
Chain
	Aln	134	+d63f2666-37db-48a4-bc6c-0c15aaa255ae 12 243 15265 +edge_68_23_+disjointig_41_7627_8247 386 617 620 -1 -1 184 0.0293269
	Aln	134	+d63f2666-37db-48a4-bc6c-0c15aaa255ae 212 720 15265 +edge_68_7_+disjointig_40_5436_5962 9 517 526 -1 -1 504 0.00130806
	Aln	134	+d63f2666-37db-48a4-bc6c-0c15aaa255ae 729 1305 15265 +edge_68_32_+disjointig_41_13828_14414 0 576 586 -1 -1 505 0.0219947
	Aln	134	+d63f2666-37db-48a4-bc6c-0c15aaa255ae 1316 1863 15265 +edge_68_3_+disjointig_40_2299_2852 0 547 553 -1 -1 493 0.0239824
	Aln	134	+d63f2666-37db-48a4-bc6c-0c15aaa255ae 1862 2560 15265 +edge_68_30_+disjointig_41_12413_13120 0 698 707 -1 -1 644 0.0115639
	Aln	134	+d63f2666-37db-48a4-bc6c-0c15aaa255ae 2527 3018 15265 +edge_68_1_+disjointig_40_961_1474 0 491 513 -1 -1 398 0.0218227
	Aln	134	+d63f2666-37db-48a4-bc6c-0c15aaa255ae 3016 3581 15265 +edge_68_11_+disjointig_40_8063_8650 0 565 587 -1 -1 500 0.016476
	Aln	134	+d63f2666-37db-48a4-bc6c-0c15aaa255ae 3562 4248 15265 +edge_68_30_+disjointig_41_12413_13120 0 686 707 -1 -1 640 0.00833389
	Aln	134	+d63f2666-37db-48a4-bc6c-0c15aaa255ae 4227 4876 15265 +edge_68_25_+disjointig_41_8828_9487 0 649 659 -1 -1 579 0.0149457
	Aln	134	+d63f2666-37db-48a4-bc6c-0c15aaa255ae 4827 5343 15265 +edge_68_15_+disjointig_40_10667_11186 0 516 519 -1 -1 425 0.0293037
	Aln	134	+d63f2666-37db-48a4-bc6c-0c15aaa255ae 5303 5811 15265 +edge_68_7_+disjointig_40_5436_5962 0 508 526 -1 -1 498 0.00404453
	Aln	134	+d63f2666-37db-48a4-bc6c-0c15aaa255ae 5829 6405 15265 +edge_68_32_+disjointig_41_13828_14414 0 576 586 -1 -1 505 0.0218916
	Aln	134	+d63f2666-37db-48a4-bc6c-0c15aaa255ae 6415 7264 15265 +edge_68_33_+disjointig_41_14414_15265 0 849 851 -1 -1 760 0.0175115
	Aln	134	+d63f2666-37db-48a4-bc6c-0c15aaa255ae 7266 7831 15265 +edge_68_11_+disjointig_40_8063_8650 0 565 587 -1 -1 482 0.0209554
	Aln	134	+d63f2666-37db-48a4-bc6c-0c15aaa255ae 7812 8681 15265 +edge_68_6_+disjointig_40_4545_5436 0 869 891 -1 -1 785 0.01396
	Aln	134	+d63f2666-37db-48a4-bc6c-0c15aaa255ae 8662 9359 15265 +edge_68_30_+disjointig_41_12413_13120 0 698 707 -1 -1 660 0.0076221
	Aln	134	+d63f2666-37db-48a4-bc6c-0c15aaa255ae 9326 9963 15265 +edge_68_25_+disjointig_41_8828_9487 0 637 659 -1 -1 567 0.0179449
	Aln	134	+d63f2666-37db-48a4-bc6c-0c15aaa255ae 9926 10443 15265 +edge_68_15_+disjointig_40_10667_11186 0 516 519 -1 -1 443 0.0233288
	Aln	134	+d63f2666-37db-48a4-bc6c-0c15aaa255ae 10420 10896 15265 +edge_68_7_+disjointig_40_5436_5962 17 494 526 -1 -1 367 0.0274077
	Aln	134	+d63f2666-37db-48a4-bc6c-0c15aaa255ae 10869 11347 15265 +edge_68_1_+disjointig_40_961_1474 13 491 513 -1 -1 381 0.0222287
	Aln	134	+d63f2666-37db-48a4-bc6c-0c15aaa255ae 11345 11910 15265 +edge_68_11_+disjointig_40_8063_8650 0 565 587 -1 -1 468 0.0232166
	Aln	134	+d63f2666-37db-48a4-bc6c-0c15aaa255ae 11891 12760 15265 +edge_68_6_+disjointig_40_4545_5436 0 869 891 -1 -1 767 0.0179836
	Aln	134	+d63f2666-37db-48a4-bc6c-0c15aaa255ae 12741 13599 15265 +edge_68_6_+disjointig_40_4545_5436 0 858 891 -1 -1 762 0.0170887
	Aln	134	+d63f2666-37db-48a4-bc6c-0c15aaa255ae 13602 14277 15265 +edge_68_30_+disjointig_41_12413_13120 11 686 707 -1 -1 605 0.0138829
	Aln	134	+d63f2666-37db-48a4-bc6c-0c15aaa255ae 14256 14905 15265 +edge_68_25_+disjointig_41_8828_9487 0 649 659 -1 -1 531 0.0243254
	Aln	134	+d63f2666-37db-48a4-bc6c-0c15aaa255ae 14856 15262 15265 +edge_68_15_+disjointig_40_10667_11186 0 406 519 -1 -1 350 0.0247835
Chain
	Aln	135	-d63f2666-37db-48a4-bc6c-0c15aaa255ae 2 408 15265 -edge_68_15_+disjointig_40_10667_11186 112 518 519 -1 -1 350 0.0247835
	Aln	135	-d63f2666-37db-48a4-bc6c-0c15aaa255ae 359 1008 15265 -edge_68_25_+disjointig_41_8828_9487 9 658 659 -1 -1 531 0.0243254
	Aln	135	-d63f2666-37db-48a4-bc6c-0c15aaa255ae 987 1662 15265 -edge_68_30_+disjointig_41_12413_13120 20 695 707 -1 -1 605 0.0138829
	Aln	135	-d63f2666-37db-48a4-bc6c-0c15aaa255ae 1665 2523 15265 -edge_68_6_+disjointig_40_4545_5436 32 890 891 -1 -1 762 0.0170887
	Aln	135	-d63f2666-37db-48a4-bc6c-0c15aaa255ae 2504 3373 15265 -edge_68_6_+disjointig_40_4545_5436 21 890 891 -1 -1 767 0.0179836
	Aln	135	-d63f2666-37db-48a4-bc6c-0c15aaa255ae 3354 3919 15265 -edge_68_11_+disjointig_40_8063_8650 21 586 587 -1 -1 468 0.0232166
	Aln	135	-d63f2666-37db-48a4-bc6c-0c15aaa255ae 3917 4395 15265 -edge_68_1_+disjointig_40_961_1474 21 499 513 -1 -1 381 0.0222287
	Aln	135	-d63f2666-37db-48a4-bc6c-0c15aaa255ae 4368 4844 15265 -edge_68_7_+disjointig_40_5436_5962 31 508 526 -1 -1 367 0.0274077
	Aln	135	-d63f2666-37db-48a4-bc6c-0c15aaa255ae 4821 5338 15265 -edge_68_15_+disjointig_40_10667_11186 2 518 519 -1 -1 443 0.0233288
	Aln	135	-d63f2666-37db-48a4-bc6c-0c15aaa255ae 5301 5938 15265 -edge_68_25_+disjointig_41_8828_9487 21 658 659 -1 -1 567 0.0179449
	Aln	135	-d63f2666-37db-48a4-bc6c-0c15aaa255ae 5905 6602 15265 -edge_68_30_+disjointig_41_12413_13120 8 706 707 -1 -1 660 0.0076221
	Aln	135	-d63f2666-37db-48a4-bc6c-0c15aaa255ae 6583 7452 15265 -edge_68_6_+disjointig_40_4545_5436 21 890 891 -1 -1 785 0.01396
	Aln	135	-d63f2666-37db-48a4-bc6c-0c15aaa255ae 7433 7998 15265 -edge_68_11_+disjointig_40_8063_8650 21 586 587 -1 -1 482 0.0209554
	Aln	135	-d63f2666-37db-48a4-bc6c-0c15aaa255ae 8000 8849 15265 -edge_68_33_+disjointig_41_14414_15265 1 850 851 -1 -1 760 0.0175115
	Aln	135	-d63f2666-37db-48a4-bc6c-0c15aaa255ae 8859 9435 15265 -edge_68_32_+disjointig_41_13828_14414 9 585 586 -1 -1 505 0.0218916
	Aln	135	-d63f2666-37db-48a4-bc6c-0c15aaa255ae 9453 9961 15265 -edge_68_7_+disjointig_40_5436_5962 17 525 526 -1 -1 498 0.00404453
	Aln	135	-d63f2666-37db-48a4-bc6c-0c15aaa255ae 9921 10437 15265 -edge_68_15_+disjointig_40_10667_11186 2 518 519 -1 -1 425 0.0293037
	Aln	135	-d63f2666-37db-48a4-bc6c-0c15aaa255ae 10388 11037 15265 -edge_68_25_+disjointig_41_8828_9487 9 658 659 -1 -1 579 0.0149457
	Aln	135	-d63f2666-37db-48a4-bc6c-0c15aaa255ae 11016 11702 15265 -edge_68_30_+disjointig_41_12413_13120 20 706 707 -1 -1 640 0.00833389
	Aln	135	-d63f2666-37db-48a4-bc6c-0c15aaa255ae 11683 12248 15265 -edge_68_11_+disjointig_40_8063_8650 21 586 587 -1 -1 500 0.016476
	Aln	135	-d63f2666-37db-48a4-bc6c-0c15aaa255ae 12246 12737 15265 -edge_68_1_+disjointig_40_961_1474 21 512 513 -1 -1 398 0.0218227
	Aln	135	-d63f2666-37db-48a4-bc6c-0c15aaa255ae 12704 13402 15265 -edge_68_30_+disjointig_41_12413_13120 8 706 707 -1 -1 644 0.0115639
	Aln	135	-d63f2666-37db-48a4-bc6c-0c15aaa255ae 13401 13948 15265 -edge_68_3_+disjointig_40_2299_2852 5 552 553 -1 -1 493 0.0239824
	Aln	135	-d63f2666-37db-48a4-bc6c-0c15aaa255ae 13959 14535 15265 -edge_68_32_+disjointig_41_13828_14414 9 585 586 -1 -1 505 0.0219947
	Aln	135	-d63f2666-37db-48a4-bc6c-0c15aaa255ae 14544 15052 15265 -edge_68_7_+disjointig_40_5436_5962 8 516 526 -1 -1 504 0.00130806
	Aln	135	-d63f2666-37db-48a4-bc6c-0c15aaa255ae 15021 15252 15265 -edge_68_23_+disjointig_41_7627_8247 2 233 620 -1 -1 184 0.0293269
Chain
	Aln	2	+1238bc0c-5cc6-4cef-b768-e1b1ffdc8db1 11656 14355 18150 +edge_2_0_+disjointig_10_0_35069 22444 25153 35069 -1 -1 1759 0.0394095
Chain
	Aln	3	-1238bc0c-5cc6-4cef-b768-e1b1ffdc8db1 3794 6493 18150 -edge_2_0_+disjointig_10_0_35069 9915 12624 35069 -1 -1 1759 0.0394095
Chain
	Aln	3	+04bc9b08-36ac-4326-9089-2c11ec55130f 32 2245 3852 -edge_2_0_+disjointig_10_0_35069 9907 12126 35069 -1 -1 1127 0.0614914
Chain
	Aln	2	-04bc9b08-36ac-4326-9089-2c11ec55130f 1606 3819 3852 +edge_2_0_+disjointig_10_0_35069 22942 25161 35069 -1 -1 1127 0.0614914
Chain
	Aln	156	+89634b09-3caf-4972-ba8d-57800f0c1588 33 218 17334 +edge_79_4_+disjointig_5_6584_7223 442 628 639 -1 -1 137 0.048432
	Aln	156	+89634b09-3caf-4972-ba8d-57800f0c1588 172 672 17334 +edge_79_1_+disjointig_5_3174_3773 88 588 599 -1 -1 355 0.0461538
	Aln	156	+89634b09-3caf-4972-ba8d-57800f0c1588 712 1899 17334 +edge_79_0_+disjointig_5_1900_3174 28 1237 1274 -1 -1 732 0.0470535
	Aln	156	+89634b09-3caf-4972-ba8d-57800f0c1588 1853 2151 17334 +edge_79_6_+disjointig_5_8256_8869 102 405 613 -1 -1 61 0.118593
	Aln	156	+89634b09-3caf-4972-ba8d-57800f0c1588 2126 2745 17334 +edge_79_4_+disjointig_5_6584_7223 13 628 639 -1 -1 387 0.059999
	Aln	156	+89634b09-3caf-4972-ba8d-57800f0c1588 2699 3192 17334 +edge_79_1_+disjointig_5_3174_3773 88 583 599 -1 -1 355 0.0471629
	Aln	156	+89634b09-3caf-4972-ba8d-57800f0c1588 3237 4462 17334 +edge_79_0_+disjointig_5_1900_3174 28 1267 1274 -1 -1 729 0.0442714
	Aln	156	+89634b09-3caf-4972-ba8d-57800f0c1588 4469 4643 17334 +edge_79_9_+disjointig_5_11642_12366 535 709 724 -1 -1 98 0.0651899
	Aln	156	+89634b09-3caf-4972-ba8d-57800f0c1588 4664 5282 17334 +edge_79_4_+disjointig_5_6584_7223 13 628 639 -1 -1 397 0.0555427
	Aln	156	+89634b09-3caf-4972-ba8d-57800f0c1588 5236 5688 17334 +edge_79_1_+disjointig_5_3174_3773 88 540 599 -1 -1 363 0.031894
	Aln	156	+89634b09-3caf-4972-ba8d-57800f0c1588 5776 7010 17334 +edge_79_0_+disjointig_5_1900_3174 28 1267 1274 -1 -1 779 0.0500869
	Aln	156	+89634b09-3caf-4972-ba8d-57800f0c1588 7017 7557 17334 +edge_79_1_+disjointig_5_3174_3773 0 540 599 -1 -1 412 0.037515
	Aln	156	+89634b09-3caf-4972-ba8d-57800f0c1588 7645 8856 17334 +edge_79_0_+disjointig_5_1900_3174 28 1237 1274 -1 -1 811 0.0406723
	Aln	156	+89634b09-3caf-4972-ba8d-57800f0c1588 8958 9110 17334 +edge_79_6_+disjointig_5_8256_8869 421 569 613 -1 -1 82 0.0776199
	Aln	156	+89634b09-3caf-4972-ba8d-57800f0c1588 9121 9745 17334 +edge_79_3_+disjointig_5_5946_6584 5 635 638 -1 -1 255 0.0852858
	Aln	156	+89634b09-3caf-4972-ba8d-57800f0c1588 9700 10108 17334 +edge_79_1_+disjointig_5_3174_3773 134 540 599 -1 -1 206 0.0626443
	Aln	156	+89634b09-3caf-4972-ba8d-57800f0c1588 10196 11417 17334 +edge_79_0_+disjointig_5_1900_3174 28 1267 1274 -1 -1 804 0.0402597
	Aln	156	+89634b09-3caf-4972-ba8d-57800f0c1588 11424 11598 17334 +edge_79_9_+disjointig_5_11642_12366 535 709 724 -1 -1 85 0.0952385
	Aln	156	+89634b09-3caf-4972-ba8d-57800f0c1588 11619 12238 17334 +edge_79_4_+disjointig_5_6584_7223 13 628 639 -1 -1 387 0.0556397
	Aln	156	+89634b09-3caf-4972-ba8d-57800f0c1588 12192 12644 17334 +edge_79_1_+disjointig_5_3174_3773 88 540 599 -1 -1 356 0.0358612
	Aln	156	+89634b09-3caf-4972-ba8d-57800f0c1588 12732 13974 17334 +edge_79_0_+disjointig_5_1900_3174 28 1267 1274 -1 -1 828 0.0416267
	Aln	156	+89634b09-3caf-4972-ba8d-57800f0c1588 14046 14198 17334 +edge_79_6_+disjointig_5_8256_8869 421 569 613 -1 -1 82 0.0776199
	Aln	156	+89634b09-3caf-4972-ba8d-57800f0c1588 14176 14793 17334 +edge_79_4_+disjointig_5_6584_7223 13 628 639 -1 -1 340 0.0733092
	Aln	156	+89634b09-3caf-4972-ba8d-57800f0c1588 14744 15200 17334 +edge_79_1_+disjointig_5_3174_3773 85 540 599 -1 -1 362 0.0390589
	Aln	156	+89634b09-3caf-4972-ba8d-57800f0c1588 15252 16490 17334 +edge_79_0_+disjointig_5_1900_3174 0 1267 1274 -1 -1 731 0.0479286
	Aln	156	+89634b09-3caf-4972-ba8d-57800f0c1588 16497 16671 17334 +edge_79_9_+disjointig_5_11642_12366 535 709 724 -1 -1 101 0.0861708
	Aln	156	+89634b09-3caf-4972-ba8d-57800f0c1588 16692 17311 17334 +edge_79_4_+disjointig_5_6584_7223 13 628 639 -1 -1 393 0.0542555
Chain
	Aln	157	-89634b09-3caf-4972-ba8d-57800f0c1588 22 641 17334 -edge_79_4_+disjointig_5_6584_7223 10 625 639 -1 -1 393 0.0542555
	Aln	157	-89634b09-3caf-4972-ba8d-57800f0c1588 662 836 17334 -edge_79_9_+disjointig_5_11642_12366 14 188 724 -1 -1 101 0.0861708
	Aln	157	-89634b09-3caf-4972-ba8d-57800f0c1588 843 2081 17334 -edge_79_0_+disjointig_5_1900_3174 6 1273 1274 -1 -1 731 0.0479286
	Aln	157	-89634b09-3caf-4972-ba8d-57800f0c1588 2133 2589 17334 -edge_79_1_+disjointig_5_3174_3773 58 513 599 -1 -1 362 0.0390589
	Aln	157	-89634b09-3caf-4972-ba8d-57800f0c1588 2540 3157 17334 -edge_79_4_+disjointig_5_6584_7223 10 625 639 -1 -1 340 0.0733092
	Aln	157	-89634b09-3caf-4972-ba8d-57800f0c1588 3135 3287 17334 -edge_79_6_+disjointig_5_8256_8869 43 191 613 -1 -1 82 0.0776199
	Aln	157	-89634b09-3caf-4972-ba8d-57800f0c1588 3359 4601 17334 -edge_79_0_+disjointig_5_1900_3174 6 1245 1274 -1 -1 828 0.0416267
	Aln	157	-89634b09-3caf-4972-ba8d-57800f0c1588 4689 5141 17334 -edge_79_1_+disjointig_5_3174_3773 58 510 599 -1 -1 356 0.0358612
	Aln	157	-89634b09-3caf-4972-ba8d-57800f0c1588 5095 5714 17334 -edge_79_4_+disjointig_5_6584_7223 10 625 639 -1 -1 387 0.0556397
	Aln	157	-89634b09-3caf-4972-ba8d-57800f0c1588 5735 5909 17334 -edge_79_9_+disjointig_5_11642_12366 14 188 724 -1 -1 85 0.0952385
	Aln	157	-89634b09-3caf-4972-ba8d-57800f0c1588 5916 7137 17334 -edge_79_0_+disjointig_5_1900_3174 6 1245 1274 -1 -1 804 0.0402597
	Aln	157	-89634b09-3caf-4972-ba8d-57800f0c1588 7225 7633 17334 -edge_79_1_+disjointig_5_3174_3773 58 464 599 -1 -1 206 0.0626443
	Aln	157	-89634b09-3caf-4972-ba8d-57800f0c1588 7588 8212 17334 -edge_79_3_+disjointig_5_5946_6584 2 632 638 -1 -1 255 0.0852858
	Aln	157	-89634b09-3caf-4972-ba8d-57800f0c1588 8223 8375 17334 -edge_79_6_+disjointig_5_8256_8869 43 191 613 -1 -1 82 0.0776199
	Aln	157	-89634b09-3caf-4972-ba8d-57800f0c1588 8477 9688 17334 -edge_79_0_+disjointig_5_1900_3174 36 1245 1274 -1 -1 811 0.0406723
	Aln	157	-89634b09-3caf-4972-ba8d-57800f0c1588 9776 10316 17334 -edge_79_1_+disjointig_5_3174_3773 58 598 599 -1 -1 412 0.037515
	Aln	157	-89634b09-3caf-4972-ba8d-57800f0c1588 10323 11557 17334 -edge_79_0_+disjointig_5_1900_3174 6 1245 1274 -1 -1 779 0.0500869
	Aln	157	-89634b09-3caf-4972-ba8d-57800f0c1588 11645 12097 17334 -edge_79_1_+disjointig_5_3174_3773 58 510 599 -1 -1 363 0.031894
	Aln	157	-89634b09-3caf-4972-ba8d-57800f0c1588 12051 12669 17334 -edge_79_4_+disjointig_5_6584_7223 10 625 639 -1 -1 397 0.0555427
	Aln	157	-89634b09-3caf-4972-ba8d-57800f0c1588 12690 12864 17334 -edge_79_9_+disjointig_5_11642_12366 14 188 724 -1 -1 98 0.0651899
	Aln	157	-89634b09-3caf-4972-ba8d-57800f0c1588 12871 14096 17334 -edge_79_0_+disjointig_5_1900_3174 6 1245 1274 -1 -1 729 0.0442714
	Aln	157	-89634b09-3caf-4972-ba8d-57800f0c1588 14141 14634 17334 -edge_79_1_+disjointig_5_3174_3773 15 510 599 -1 -1 355 0.0471629
	Aln	157	-89634b09-3caf-4972-ba8d-57800f0c1588 14588 15207 17334 -edge_79_4_+disjointig_5_6584_7223 10 625 639 -1 -1 387 0.059999
	Aln	157	-89634b09-3caf-4972-ba8d-57800f0c1588 15182 15480 17334 -edge_79_6_+disjointig_5_8256_8869 207 510 613 -1 -1 61 0.118593
	Aln	157	-89634b09-3caf-4972-ba8d-57800f0c1588 15434 16621 17334 -edge_79_0_+disjointig_5_1900_3174 36 1245 1274 -1 -1 732 0.0470535
	Aln	157	-89634b09-3caf-4972-ba8d-57800f0c1588 16661 17161 17334 -edge_79_1_+disjointig_5_3174_3773 10 510 599 -1 -1 355 0.0461538
	Aln	157	-89634b09-3caf-4972-ba8d-57800f0c1588 17115 17300 17334 -edge_79_4_+disjointig_5_6584_7223 10 196 639 -1 -1 137 0.048432
Chain
	Aln	126	+a172b3dd-b93f-4660-b212-06a1788e2f73 17 5291 5329 +edge_64_0_+disjointig_37_0_5291 1 5231 5291 -1 -1 3391 0.0374019
Chain
	Aln	127	-a172b3dd-b93f-4660-b212-06a1788e2f73 37 5311 5329 -edge_64_0_+disjointig_37_0_5291 59 5289 5291 -1 -1 3391 0.0374019
Chain
	Aln	127	+bffd3240-bdc3-4cd6-ac0f-6b1bdb9e4efa 6 5340 5342 -edge_64_0_+disjointig_37_0_5291 5 5289 5291 -1 -1 3585 0.0357473
Chain
	Aln	126	-bffd3240-bdc3-4cd6-ac0f-6b1bdb9e4efa 1 5335 5342 +edge_64_0_+disjointig_37_0_5291 1 5285 5291 -1 -1 3585 0.0357473
Chain
	Aln	2	+95e9ac63-8095-430e-b92c-4bf203cc3a3d 13 1611 2531 +edge_2_0_+disjointig_10_0_35069 23651 25269 35069 -1 -1 897 0.051557
Chain
	Aln	3	-95e9ac63-8095-430e-b92c-4bf203cc3a3d 919 2517 2531 -edge_2_0_+disjointig_10_0_35069 9799 11417 35069 -1 -1 897 0.051557
Chain
	Aln	3	+d7053631-77f7-4daf-95ab-045a8eab05d3 1244 2488 2522 -edge_2_0_+disjointig_10_0_35069 10114 11373 35069 -1 -1 845 0.0372921
Chain
	Aln	2	-d7053631-77f7-4daf-95ab-045a8eab05d3 33 1277 2522 +edge_2_0_+disjointig_10_0_35069 23695 24954 35069 -1 -1 845 0.0372921
Chain
	Aln	157	+f5309f61-a26c-4997-90d2-62a7b1eec6a6 114 347 35347 -edge_79_3_+disjointig_5_5946_6584 383 616 638 -1 -1 173 0.039583
	Aln	159	+f5309f61-a26c-4997-90d2-62a7b1eec6a6 370 1137 35347 -edge_80_1_+disjointig_5_10123_11040 1 768 917 -1 -1 484 0.0514739
	Aln	157	+f5309f61-a26c-4997-90d2-62a7b1eec6a6 1137 1728 35347 -edge_79_8_+disjointig_5_11040_11642 10 601 602 -1 -1 323 0.0536689
	Aln	159	+f5309f61-a26c-4997-90d2-62a7b1eec6a6 1766 2648 35347 -edge_80_1_+disjointig_5_10123_11040 37 916 917 -1 -1 482 0.0621659
	Aln	159	+f5309f61-a26c-4997-90d2-62a7b1eec6a6 2922 3688 35347 -edge_80_1_+disjointig_5_10123_11040 1 768 917 -1 -1 484 0.0494097
	Aln	157	+f5309f61-a26c-4997-90d2-62a7b1eec6a6 3688 4278 35347 -edge_79_8_+disjointig_5_11040_11642 10 601 602 -1 -1 295 0.0580282
	Aln	157	+f5309f61-a26c-4997-90d2-62a7b1eec6a6 4261 4416 35347 -edge_79_6_+disjointig_5_8256_8869 20 171 613 -1 -1 31 0.154048
	Aln	157	+f5309f61-a26c-4997-90d2-62a7b1eec6a6 4538 4925 35347 -edge_79_6_+disjointig_5_8256_8869 126 510 613 -1 -1 93 0.14317
	Aln	157	+f5309f61-a26c-4997-90d2-62a7b1eec6a6 4909 5449 35347 -edge_79_8_+disjointig_5_11040_11642 40 580 602 -1 -1 339 0.0559974
	Aln	159	+f5309f61-a26c-4997-90d2-62a7b1eec6a6 5472 6239 35347 -edge_80_1_+disjointig_5_10123_11040 1 768 917 -1 -1 491 0.0474155
	Aln	157	+f5309f61-a26c-4997-90d2-62a7b1eec6a6 6239 6348 35347 -edge_79_1_+disjointig_5_3174_3773 464 574 599 -1 -1 45 0.0929452
	Aln	157	+f5309f61-a26c-4997-90d2-62a7b1eec6a6 6537 7071 35347 -edge_79_6_+disjointig_5_8256_8869 79 612 613 -1 -1 308 0.0551161
	Aln	157	+f5309f61-a26c-4997-90d2-62a7b1eec6a6 7075 7385 35347 -edge_79_4_+disjointig_5_6584_7223 329 636 639 -1 -1 104 0.105771
	Aln	157	+f5309f61-a26c-4997-90d2-62a7b1eec6a6 7465 8006 35347 -edge_79_8_+disjointig_5_11040_11642 40 580 602 -1 -1 367 0.0499589
	Aln	159	+f5309f61-a26c-4997-90d2-62a7b1eec6a6 8036 8793 35347 -edge_80_1_+disjointig_5_10123_11040 11 768 917 -1 -1 476 0.0506885
	Aln	157	+f5309f61-a26c-4997-90d2-62a7b1eec6a6 8793 9383 35347 -edge_79_8_+disjointig_5_11040_11642 10 601 602 -1 -1 302 0.0565389
	Aln	159	+f5309f61-a26c-4997-90d2-62a7b1eec6a6 9421 10306 35347 -edge_80_1_+disjointig_5_10123_11040 37 916 917 -1 -1 477 0.0625693
	Aln	159	+f5309f61-a26c-4997-90d2-62a7b1eec6a6 10580 11346 35347 -edge_80_1_+disjointig_5_10123_11040 1 768 917 -1 -1 477 0.0474155
	Aln	157	+f5309f61-a26c-4997-90d2-62a7b1eec6a6 11346 11936 35347 -edge_79_8_+disjointig_5_11040_11642 10 601 602 -1 -1 345 0.0509324
	Aln	157	+f5309f61-a26c-4997-90d2-62a7b1eec6a6 11919 12074 35347 -edge_79_6_+disjointig_5_8256_8869 20 171 613 -1 -1 31 0.154048
	Aln	157	+f5309f61-a26c-4997-90d2-62a7b1eec6a6 12196 12583 35347 -edge_79_6_+disjointig_5_8256_8869 126 510 613 -1 -1 93 0.14317
	Aln	157	+f5309f61-a26c-4997-90d2-62a7b1eec6a6 12567 13113 35347 -edge_79_8_+disjointig_5_11040_11642 40 580 602 -1 -1 360 0.0563245
	Aln	159	+f5309f61-a26c-4997-90d2-62a7b1eec6a6 13136 13903 35347 -edge_80_0_+disjointig_5_5027_5946 1 770 919 -1 -1 488 0.0505886
	Aln	157	+f5309f61-a26c-4997-90d2-62a7b1eec6a6 13903 14492 35347 -edge_79_8_+disjointig_5_11040_11642 10 601 602 -1 -1 352 0.0496104
	Aln	159	+f5309f61-a26c-4997-90d2-62a7b1eec6a6 14530 15412 35347 -edge_80_1_+disjointig_5_10123_11040 37 916 917 -1 -1 498 0.0530982
	Aln	159	+f5309f61-a26c-4997-90d2-62a7b1eec6a6 15686 16453 35347 -edge_80_0_+disjointig_5_5027_5946 1 770 919 -1 -1 478 0.0516297
	Aln	157	+f5309f61-a26c-4997-90d2-62a7b1eec6a6 16453 17044 35347 -edge_79_8_+disjointig_5_11040_11642 10 601 602 -1 -1 333 0.0496104
	Aln	159	+f5309f61-a26c-4997-90d2-62a7b1eec6a6 17082 17964 35347 -edge_80_1_+disjointig_5_10123_11040 37 916 917 -1 -1 487 0.0541069
	Aln	159	+f5309f61-a26c-4997-90d2-62a7b1eec6a6 18238 19002 35347 -edge_80_1_+disjointig_5_10123_11040 1 768 917 -1 -1 438 0.0547907
	Aln	157	+f5309f61-a26c-4997-90d2-62a7b1eec6a6 19002 19591 35347 -edge_79_8_+disjointig_5_11040_11642 10 601 602 -1 -1 285 0.0550864
	Aln	159	+f5309f61-a26c-4997-90d2-62a7b1eec6a6 19628 20512 35347 -edge_80_1_+disjointig_5_10123_11040 37 916 917 -1 -1 488 0.0514619
	Aln	159	+f5309f61-a26c-4997-90d2-62a7b1eec6a6 20785 21550 35347 -edge_80_1_+disjointig_5_10123_11040 1 768 917 -1 -1 452 0.0536132
	Aln	157	+f5309f61-a26c-4997-90d2-62a7b1eec6a6 21550 22139 35347 -edge_79_8_+disjointig_5_11040_11642 10 601 602 -1 -1 341 0.0509324
	Aln	159	+f5309f61-a26c-4997-90d2-62a7b1eec6a6 22177 23057 35347 -edge_80_1_+disjointig_5_10123_11040 37 916 917 -1 -1 503 0.0530307
	Aln	159	+f5309f61-a26c-4997-90d2-62a7b1eec6a6 23338 24096 35347 -edge_80_0_+disjointig_5_5027_5946 11 770 919 -1 -1 417 0.0624964
	Aln	157	+f5309f61-a26c-4997-90d2-62a7b1eec6a6 24096 24687 35347 -edge_79_8_+disjointig_5_11040_11642 10 601 602 -1 -1 317 0.0536689
	Aln	159	+f5309f61-a26c-4997-90d2-62a7b1eec6a6 24725 25605 35347 -edge_80_1_+disjointig_5_10123_11040 37 916 917 -1 -1 497 0.0521044
	Aln	159	+f5309f61-a26c-4997-90d2-62a7b1eec6a6 25879 26647 35347 -edge_80_1_+disjointig_5_10123_11040 1 768 917 -1 -1 454 0.0536911
	Aln	157	+f5309f61-a26c-4997-90d2-62a7b1eec6a6 26647 27237 35347 -edge_79_8_+disjointig_5_11040_11642 10 601 602 -1 -1 314 0.0580282
	Aln	159	+f5309f61-a26c-4997-90d2-62a7b1eec6a6 27275 28159 35347 -edge_80_1_+disjointig_5_10123_11040 37 916 917 -1 -1 505 0.0514619
	Aln	159	+f5309f61-a26c-4997-90d2-62a7b1eec6a6 28430 29197 35347 -edge_80_1_+disjointig_5_10123_11040 1 768 917 -1 -1 429 0.0594066
	Aln	157	+f5309f61-a26c-4997-90d2-62a7b1eec6a6 29197 29758 35347 -edge_79_8_+disjointig_5_11040_11642 10 572 602 -1 -1 321 0.0550478
	Aln	159	+f5309f61-a26c-4997-90d2-62a7b1eec6a6 29789 30662 35347 -edge_80_1_+disjointig_5_10123_11040 1 872 917 -1 -1 498 0.0507177
	Aln	157	+f5309f61-a26c-4997-90d2-62a7b1eec6a6 30646 31195 35347 -edge_79_1_+disjointig_5_3174_3773 43 598 599 -1 -1 265 0.0880895
	Aln	157	+f5309f61-a26c-4997-90d2-62a7b1eec6a6 31213 31744 35347 -edge_79_5_+disjointig_5_7223_8256 3 534 1033 -1 -1 282 0.0726429
	Aln	157	+f5309f61-a26c-4997-90d2-62a7b1eec6a6 31753 32305 35347 -edge_79_8_+disjointig_5_11040_11642 19 572 602 -1 -1 308 0.052602
	Aln	159	+f5309f61-a26c-4997-90d2-62a7b1eec6a6 32336 33249 35347 -edge_80_1_+disjointig_5_10123_11040 1 912 917 -1 -1 552 0.0524818
	Aln	159	+f5309f61-a26c-4997-90d2-62a7b1eec6a6 33526 34294 35347 -edge_80_1_+disjointig_5_10123_11040 1 768 917 -1 -1 456 0.052845
	Aln	157	+f5309f61-a26c-4997-90d2-62a7b1eec6a6 34294 34883 35347 -edge_79_8_+disjointig_5_11040_11642 10 600 602 -1 -1 307 0.0564386
	Aln	157	+f5309f61-a26c-4997-90d2-62a7b1eec6a6 34867 35022 35347 -edge_79_6_+disjointig_5_8256_8869 20 171 613 -1 -1 49 0.089424
	Aln	157	+f5309f61-a26c-4997-90d2-62a7b1eec6a6 35125 35314 35347 -edge_79_4_+disjointig_5_6584_7223 329 515 639 -1 -1 76 0.110298
Chain
	Aln	156	-f5309f61-a26c-4997-90d2-62a7b1eec6a6 32 221 35347 +edge_79_4_+disjointig_5_6584_7223 123 309 639 -1 -1 76 0.110298
	Aln	156	-f5309f61-a26c-4997-90d2-62a7b1eec6a6 324 479 35347 +edge_79_6_+disjointig_5_8256_8869 441 592 613 -1 -1 49 0.089424
	Aln	156	-f5309f61-a26c-4997-90d2-62a7b1eec6a6 463 1052 35347 +edge_79_8_+disjointig_5_11040_11642 1 591 602 -1 -1 307 0.0564386
	Aln	158	-f5309f61-a26c-4997-90d2-62a7b1eec6a6 1052 1820 35347 +edge_80_1_+disjointig_5_10123_11040 148 915 917 -1 -1 456 0.052845
	Aln	158	-f5309f61-a26c-4997-90d2-62a7b1eec6a6 2097 3010 35347 +edge_80_1_+disjointig_5_10123_11040 4 915 917 -1 -1 552 0.0524818
	Aln	156	-f5309f61-a26c-4997-90d2-62a7b1eec6a6 3041 3593 35347 +edge_79_8_+disjointig_5_11040_11642 29 582 602 -1 -1 308 0.052602
	Aln	156	-f5309f61-a26c-4997-90d2-62a7b1eec6a6 3602 4133 35347 +edge_79_5_+disjointig_5_7223_8256 498 1029 1033 -1 -1 282 0.0726429
	Aln	156	-f5309f61-a26c-4997-90d2-62a7b1eec6a6 4151 4700 35347 +edge_79_1_+disjointig_5_3174_3773 0 555 599 -1 -1 265 0.0880895
	Aln	158	-f5309f61-a26c-4997-90d2-62a7b1eec6a6 4684 5557 35347 +edge_80_1_+disjointig_5_10123_11040 44 915 917 -1 -1 498 0.0507177
	Aln	156	-f5309f61-a26c-4997-90d2-62a7b1eec6a6 5588 6149 35347 +edge_79_8_+disjointig_5_11040_11642 29 591 602 -1 -1 321 0.0550478
	Aln	158	-f5309f61-a26c-4997-90d2-62a7b1eec6a6 6149 6916 35347 +edge_80_1_+disjointig_5_10123_11040 148 915 917 -1 -1 429 0.0594066
	Aln	158	-f5309f61-a26c-4997-90d2-62a7b1eec6a6 7187 8071 35347 +edge_80_1_+disjointig_5_10123_11040 0 879 917 -1 -1 505 0.0514619
	Aln	156	-f5309f61-a26c-4997-90d2-62a7b1eec6a6 8109 8699 35347 +edge_79_8_+disjointig_5_11040_11642 0 591 602 -1 -1 314 0.0580282
	Aln	158	-f5309f61-a26c-4997-90d2-62a7b1eec6a6 8699 9467 35347 +edge_80_1_+disjointig_5_10123_11040 148 915 917 -1 -1 454 0.0536911
	Aln	158	-f5309f61-a26c-4997-90d2-62a7b1eec6a6 9741 10621 35347 +edge_80_1_+disjointig_5_10123_11040 0 879 917 -1 -1 497 0.0521044
	Aln	156	-f5309f61-a26c-4997-90d2-62a7b1eec6a6 10659 11250 35347 +edge_79_8_+disjointig_5_11040_11642 0 591 602 -1 -1 317 0.0536689
	Aln	158	-f5309f61-a26c-4997-90d2-62a7b1eec6a6 11250 12008 35347 +edge_80_0_+disjointig_5_5027_5946 148 907 919 -1 -1 417 0.0624964
	Aln	158	-f5309f61-a26c-4997-90d2-62a7b1eec6a6 12289 13169 35347 +edge_80_1_+disjointig_5_10123_11040 0 879 917 -1 -1 503 0.0530307
	Aln	156	-f5309f61-a26c-4997-90d2-62a7b1eec6a6 13207 13796 35347 +edge_79_8_+disjointig_5_11040_11642 0 591 602 -1 -1 341 0.0509324
	Aln	158	-f5309f61-a26c-4997-90d2-62a7b1eec6a6 13796 14561 35347 +edge_80_1_+disjointig_5_10123_11040 148 915 917 -1 -1 452 0.0536132
	Aln	158	-f5309f61-a26c-4997-90d2-62a7b1eec6a6 14834 15718 35347 +edge_80_1_+disjointig_5_10123_11040 0 879 917 -1 -1 488 0.0514619
	Aln	156	-f5309f61-a26c-4997-90d2-62a7b1eec6a6 15755 16344 35347 +edge_79_8_+disjointig_5_11040_11642 0 591 602 -1 -1 285 0.0550864
	Aln	158	-f5309f61-a26c-4997-90d2-62a7b1eec6a6 16344 17108 35347 +edge_80_1_+disjointig_5_10123_11040 148 915 917 -1 -1 438 0.0547907
	Aln	158	-f5309f61-a26c-4997-90d2-62a7b1eec6a6 17382 18264 35347 +edge_80_1_+disjointig_5_10123_11040 0 879 917 -1 -1 487 0.0541069
	Aln	156	-f5309f61-a26c-4997-90d2-62a7b1eec6a6 18302 18893 35347 +edge_79_8_+disjointig_5_11040_11642 0 591 602 -1 -1 333 0.0496104
	Aln	158	-f5309f61-a26c-4997-90d2-62a7b1eec6a6 18893 19660 35347 +edge_80_0_+disjointig_5_5027_5946 148 917 919 -1 -1 478 0.0516297
	Aln	158	-f5309f61-a26c-4997-90d2-62a7b1eec6a6 19934 20816 35347 +edge_80_1_+disjointig_5_10123_11040 0 879 917 -1 -1 498 0.0530982
	Aln	156	-f5309f61-a26c-4997-90d2-62a7b1eec6a6 20854 21443 35347 +edge_79_8_+disjointig_5_11040_11642 0 591 602 -1 -1 352 0.0496104
	Aln	158	-f5309f61-a26c-4997-90d2-62a7b1eec6a6 21443 22210 35347 +edge_80_0_+disjointig_5_5027_5946 148 917 919 -1 -1 488 0.0505886
	Aln	156	-f5309f61-a26c-4997-90d2-62a7b1eec6a6 22233 22779 35347 +edge_79_8_+disjointig_5_11040_11642 21 561 602 -1 -1 360 0.0563245
	Aln	156	-f5309f61-a26c-4997-90d2-62a7b1eec6a6 22763 23150 35347 +edge_79_6_+disjointig_5_8256_8869 102 486 613 -1 -1 93 0.14317
	Aln	156	-f5309f61-a26c-4997-90d2-62a7b1eec6a6 23272 23427 35347 +edge_79_6_+disjointig_5_8256_8869 441 592 613 -1 -1 31 0.154048
	Aln	156	-f5309f61-a26c-4997-90d2-62a7b1eec6a6 23410 24000 35347 +edge_79_8_+disjointig_5_11040_11642 0 591 602 -1 -1 345 0.0509324
	Aln	158	-f5309f61-a26c-4997-90d2-62a7b1eec6a6 24000 24766 35347 +edge_80_1_+disjointig_5_10123_11040 148 915 917 -1 -1 477 0.0474155
	Aln	158	-f5309f61-a26c-4997-90d2-62a7b1eec6a6 25040 25925 35347 +edge_80_1_+disjointig_5_10123_11040 0 879 917 -1 -1 477 0.0625693
	Aln	156	-f5309f61-a26c-4997-90d2-62a7b1eec6a6 25963 26553 35347 +edge_79_8_+disjointig_5_11040_11642 0 591 602 -1 -1 302 0.0565389
	Aln	158	-f5309f61-a26c-4997-90d2-62a7b1eec6a6 26553 27310 35347 +edge_80_1_+disjointig_5_10123_11040 148 905 917 -1 -1 476 0.0506885
	Aln	156	-f5309f61-a26c-4997-90d2-62a7b1eec6a6 27340 27881 35347 +edge_79_8_+disjointig_5_11040_11642 21 561 602 -1 -1 367 0.0499589
	Aln	156	-f5309f61-a26c-4997-90d2-62a7b1eec6a6 27961 28271 35347 +edge_79_4_+disjointig_5_6584_7223 2 309 639 -1 -1 104 0.105771
	Aln	156	-f5309f61-a26c-4997-90d2-62a7b1eec6a6 28275 28809 35347 +edge_79_6_+disjointig_5_8256_8869 0 533 613 -1 -1 308 0.0551161
	Aln	156	-f5309f61-a26c-4997-90d2-62a7b1eec6a6 28998 29107 35347 +edge_79_1_+disjointig_5_3174_3773 24 134 599 -1 -1 45 0.0929452
	Aln	158	-f5309f61-a26c-4997-90d2-62a7b1eec6a6 29107 29874 35347 +edge_80_1_+disjointig_5_10123_11040 148 915 917 -1 -1 491 0.0474155
	Aln	156	-f5309f61-a26c-4997-90d2-62a7b1eec6a6 29897 30437 35347 +edge_79_8_+disjointig_5_11040_11642 21 561 602 -1 -1 339 0.0559974
	Aln	156	-f5309f61-a26c-4997-90d2-62a7b1eec6a6 30421 30808 35347 +edge_79_6_+disjointig_5_8256_8869 102 486 613 -1 -1 93 0.14317
	Aln	156	-f5309f61-a26c-4997-90d2-62a7b1eec6a6 30930 31085 35347 +edge_79_6_+disjointig_5_8256_8869 441 592 613 -1 -1 31 0.154048
	Aln	156	-f5309f61-a26c-4997-90d2-62a7b1eec6a6 31068 31658 35347 +edge_79_8_+disjointig_5_11040_11642 0 591 602 -1 -1 295 0.0580282
	Aln	158	-f5309f61-a26c-4997-90d2-62a7b1eec6a6 31658 32424 35347 +edge_80_1_+disjointig_5_10123_11040 148 915 917 -1 -1 484 0.0494097
	Aln	158	-f5309f61-a26c-4997-90d2-62a7b1eec6a6 32698 33580 35347 +edge_80_1_+disjointig_5_10123_11040 0 879 917 -1 -1 482 0.0621659
	Aln	156	-f5309f61-a26c-4997-90d2-62a7b1eec6a6 33618 34209 35347 +edge_79_8_+disjointig_5_11040_11642 0 591 602 -1 -1 323 0.0536689
	Aln	158	-f5309f61-a26c-4997-90d2-62a7b1eec6a6 34209 34976 35347 +edge_80_1_+disjointig_5_10123_11040 148 915 917 -1 -1 484 0.0514739
	Aln	156	-f5309f61-a26c-4997-90d2-62a7b1eec6a6 34999 35232 35347 +edge_79_3_+disjointig_5_5946_6584 21 254 638 -1 -1 173 0.039583
Chain
	Aln	14	+a7ca7839-f94d-4db9-846a-29cdfa589f15 33 8194 8210 +edge_8_0_+disjointig_105_0_8250 13 8166 8250 -1 -1 6897 0.0146484
Chain
	Aln	15	-a7ca7839-f94d-4db9-846a-29cdfa589f15 15 8176 8210 -edge_8_0_+disjointig_105_0_8250 83 8236 8250 -1 -1 6897 0.0146484
Chain
	Aln	15	+d56d3411-d315-4c54-ac79-5dbb97c42895 15 8243 8246 -edge_8_0_+disjointig_105_0_8250 14 8247 8250 -1 -1 5809 0.0336841
Chain
	Aln	14	-d56d3411-d315-4c54-ac79-5dbb97c42895 2 8230 8246 +edge_8_0_+disjointig_105_0_8250 2 8235 8250 -1 -1 5809 0.0336841
Chain
	Aln	3	+2e232eb4-1f9e-45e8-abe8-bd82919a092a 1772 4497 4528 -edge_2_0_+disjointig_10_0_35069 9916 12657 35069 -1 -1 1644 0.049927
Chain
	Aln	2	-2e232eb4-1f9e-45e8-abe8-bd82919a092a 30 2755 4528 +edge_2_0_+disjointig_10_0_35069 22411 25152 35069 -1 -1 1644 0.049927
Chain
	Aln	261	+b2dda546-72f9-43f6-b02b-01fd456bffcb 7 2540 2542 -edge_131_0_+disjointig_85_0_2514 6 2512 2514 -1 -1 2153 0.0170076
Chain
	Aln	260	-b2dda546-72f9-43f6-b02b-01fd456bffcb 1 2534 2542 +edge_131_0_+disjointig_85_0_2514 1 2507 2514 -1 -1 2153 0.0170076
Chain
	Aln	260	+59a0432c-197b-481f-bea9-28116724699c 23 2513 2516 +edge_131_0_+disjointig_85_0_2514 1 2491 2514 -1 -1 2314 0.00788518
Chain
	Aln	261	-59a0432c-197b-481f-bea9-28116724699c 2 2492 2516 -edge_131_0_+disjointig_85_0_2514 22 2512 2514 -1 -1 2314 0.00788518
Chain
	Aln	2	+89963076-191d-4607-b37e-065c076c70fd 131 3514 8976 +edge_2_0_+disjointig_10_0_35069 21745 25153 35069 -1 -1 2116 0.0436747
Chain
	Aln	3	-89963076-191d-4607-b37e-065c076c70fd 5461 8844 8976 -edge_2_0_+disjointig_10_0_35069 9915 13323 35069 -1 -1 2116 0.0436747
Chain
	Aln	267	+b5e4018f-8907-41cc-8b2c-e30abe165268 0 1961 1965 -edge_134_0_+disjointig_88_0_26283 15588 17547 26283 -1 -1 1794 0.00818808
Chain
	Aln	266	-b5e4018f-8907-41cc-8b2c-e30abe165268 3 1964 1965 +edge_134_0_+disjointig_88_0_26283 8735 10694 26283 -1 -1 1794 0.00818808
Chain
	Aln	142	+2fc8ad28-b27a-436a-8999-c0b38b70f2fa 29 3696 3699 +edge_72_0_+disjointig_44_0_3686 1 3665 3686 -1 -1 3520 0.00289438
Chain
	Aln	143	-2fc8ad28-b27a-436a-8999-c0b38b70f2fa 2 3669 3699 -edge_72_0_+disjointig_44_0_3686 20 3684 3686 -1 -1 3520 0.00289438
Chain
	Aln	143	+201afef6-b0a9-407b-a4e3-c8b30d9f533d 13 3687 3689 -edge_72_0_+disjointig_44_0_3686 12 3684 3686 -1 -1 3402 0.00803897
Chain
	Aln	142	-201afef6-b0a9-407b-a4e3-c8b30d9f533d 1 3675 3689 +edge_72_0_+disjointig_44_0_3686 1 3673 3686 -1 -1 3402 0.00803897
Chain
	Aln	76	+4f25956b-1caf-4546-943a-04c4a9d967c3 19 4306 4471 +edge_39_0_+disjointig_20_0_4323 1 4287 4323 -1 -1 3452 0.0200734
Chain
	Aln	77	-4f25956b-1caf-4546-943a-04c4a9d967c3 164 4451 4471 -edge_39_0_+disjointig_20_0_4323 35 4321 4323 -1 -1 3452 0.0200734
Chain
	Aln	77	+fb827325-942b-4017-acdf-806d911df157 39 4291 4302 -edge_39_0_+disjointig_20_0_4323 43 4312 4323 -1 -1 2873 0.0362092
Chain
	Aln	76	-fb827325-942b-4017-acdf-806d911df157 10 4262 4302 +edge_39_0_+disjointig_20_0_4323 10 4279 4323 -1 -1 2873 0.0362092
Chain
	Aln	82	+d302b8a0-5cf0-4881-b6dc-3b3cf91b3a7b 37 4272 4280 +edge_42_0_+disjointig_23_0_4282 17 4256 4282 -1 -1 3847 0.00878927
Chain
	Aln	83	-d302b8a0-5cf0-4881-b6dc-3b3cf91b3a7b 7 4242 4280 -edge_42_0_+disjointig_23_0_4282 25 4264 4282 -1 -1 3847 0.00878927
Chain
	Aln	2	+930009e3-d94f-4dea-b710-9d9f18a76acf 4931 10972 12971 +edge_2_0_+disjointig_10_0_35069 19238 25235 35069 -1 -1 3670 0.0451019
Chain
	Aln	3	-930009e3-d94f-4dea-b710-9d9f18a76acf 1998 8039 12971 -edge_2_0_+disjointig_10_0_35069 9833 15830 35069 -1 -1 3670 0.0451019
Chain
	Aln	3	+ea35df51-5b79-46b8-8c25-dbae0637d032 8 5028 5841 -edge_2_0_+disjointig_10_0_35069 10862 15885 35069 -1 -1 2966 0.0508561
Chain
	Aln	2	-ea35df51-5b79-46b8-8c25-dbae0637d032 812 5832 5841 +edge_2_0_+disjointig_10_0_35069 19183 24206 35069 -1 -1 2966 0.0508561
Chain
	Aln	2	+5254b0a6-5ecc-4e7d-97d6-3b3a0d005933 967 2485 3073 +edge_2_0_+disjointig_10_0_35069 23657 25175 35069 -1 -1 1054 0.0391583
Chain
	Aln	3	-5254b0a6-5ecc-4e7d-97d6-3b3a0d005933 587 2105 3073 -edge_2_0_+disjointig_10_0_35069 9893 11411 35069 -1 -1 1054 0.0391583
Chain
	Aln	83	+70d4ba3d-0e23-4448-a8ce-b9ae2433df28 51 4265 4268 -edge_42_0_+disjointig_23_0_4282 49 4279 4282 -1 -1 3185 0.025647
Chain
	Aln	82	-70d4ba3d-0e23-4448-a8ce-b9ae2433df28 2 4216 4268 +edge_42_0_+disjointig_23_0_4282 2 4232 4282 -1 -1 3185 0.025647
Chain
	Aln	273	+4ddb20e7-a51a-472c-a94c-7f1c74351e78 13 2273 2275 -edge_137_0_+disjointig_90_0_2292 12 2290 2292 -1 -1 1892 0.0177815
Chain
	Aln	272	-4ddb20e7-a51a-472c-a94c-7f1c74351e78 1 2261 2275 +edge_137_0_+disjointig_90_0_2292 1 2279 2292 -1 -1 1892 0.0177815
Chain
	Aln	272	+97e19de1-05b9-4f11-ab20-d67c7ac7bf14 19 2286 2289 +edge_137_0_+disjointig_90_0_2292 1 2268 2292 -1 -1 2205 0.00206361
Chain
	Aln	273	-97e19de1-05b9-4f11-ab20-d67c7ac7bf14 2 2269 2289 -edge_137_0_+disjointig_90_0_2292 23 2290 2292 -1 -1 2205 0.00206361
Chain
	Aln	125	+cb34e28f-08e7-45bb-9172-f68566f210fe 17 2308 2314 -edge_63_0_+disjointig_36_0_2247 16 2241 2247 -1 -1 1521 0.0359654
Chain
	Aln	124	-cb34e28f-08e7-45bb-9172-f68566f210fe 5 2296 2314 +edge_63_0_+disjointig_36_0_2247 5 2230 2247 -1 -1 1521 0.0359654
Chain
	Aln	124	+91816342-b817-4d7e-a32f-71e7615b21ef 28 2304 2335 +edge_63_0_+disjointig_36_0_2247 5 2195 2247 -1 -1 1343 0.0450911
Chain
	Aln	125	-91816342-b817-4d7e-a32f-71e7615b21ef 30 2306 2335 -edge_63_0_+disjointig_36_0_2247 51 2241 2247 -1 -1 1343 0.0450911
Chain
	Aln	3	+8fc9b4ef-b302-419e-a8b5-0207aab67271 21 2439 2443 -edge_2_0_+disjointig_10_0_35069 10967 13387 35069 -1 -1 1724 0.0325359
Chain
	Aln	2	-8fc9b4ef-b302-419e-a8b5-0207aab67271 3 2421 2443 +edge_2_0_+disjointig_10_0_35069 21681 24101 35069 -1 -1 1724 0.0325359
Chain
	Aln	189	+abc93f00-0408-41b5-a2da-c3db013ae5cf 11 5846 5856 -edge_95_0_+disjointig_60_0_5831 10 5824 5831 -1 -1 3353 0.0455648
Chain
	Aln	188	-abc93f00-0408-41b5-a2da-c3db013ae5cf 9 5844 5856 +edge_95_0_+disjointig_60_0_5831 6 5820 5831 -1 -1 3353 0.0455648
Chain
	Aln	188	+5162f84e-a089-4eda-856b-a64c0d4b7785 20 5850 5876 +edge_95_0_+disjointig_60_0_5831 1 5791 5831 -1 -1 4778 0.0189047
Chain
	Aln	189	-5162f84e-a089-4eda-856b-a64c0d4b7785 25 5855 5876 -edge_95_0_+disjointig_60_0_5831 39 5829 5831 -1 -1 4778 0.0189047
Chain
	Aln	3	+45989f4a-a2fb-4eb6-a56d-c2bb8888ecfb 1323 3290 8850 -edge_2_0_+disjointig_10_0_35069 9799 11773 35069 -1 -1 1320 0.0381116
Chain
	Aln	2	-45989f4a-a2fb-4eb6-a56d-c2bb8888ecfb 5559 7526 8850 +edge_2_0_+disjointig_10_0_35069 23295 25269 35069 -1 -1 1320 0.0381116
Chain
	Aln	206	+ceb85a4b-4a31-42a6-8b87-017ebd194bda 30 10841 10845 +edge_104_0_+disjointig_66_0_10815 10 10812 10815 -1 -1 6889 0.0332679
Chain
	Aln	207	-ceb85a4b-4a31-42a6-8b87-017ebd194bda 3 10814 10845 -edge_104_0_+disjointig_66_0_10815 2 10804 10815 -1 -1 6889 0.0332679
Chain
	Aln	2	+bd83d1aa-9935-45dd-8253-52eb1377d0e4 2 4849 19957 +edge_2_0_+disjointig_10_0_35069 20117 24964 35069 -1 -1 3359 0.0384769
Chain
	Aln	3	-bd83d1aa-9935-45dd-8253-52eb1377d0e4 15107 19954 19957 -edge_2_0_+disjointig_10_0_35069 10104 14951 35069 -1 -1 3359 0.0384769
Chain
	Aln	149	+6606335a-3b54-4571-9278-699448d25d46 6 1150 1152 -edge_75_0_+disjointig_47_0_3558 1027 2166 3558 -1 -1 1058 0.0112075
Chain
	Aln	148	-6606335a-3b54-4571-9278-699448d25d46 1 1145 1152 +edge_75_0_+disjointig_47_0_3558 1391 2530 3558 -1 -1 1058 0.0112075
Chain
	Aln	64	+e8353847-3968-418a-bcb4-bf4f4b8961cf 15 4783 4815 +edge_33_0_+disjointig_17_0_4819 2 4769 4819 -1 -1 4458 0.00678437
Chain
	Aln	65	-e8353847-3968-418a-bcb4-bf4f4b8961cf 31 4799 4815 -edge_33_0_+disjointig_17_0_4819 49 4816 4819 -1 -1 4458 0.00678437
Chain
	Aln	65	+c098cc9e-aba7-43d3-bb49-b26875ec3df2 6 4726 4783 -edge_33_0_+disjointig_17_0_4819 5 4765 4819 -1 -1 3816 0.0207516
Chain
	Aln	64	-c098cc9e-aba7-43d3-bb49-b26875ec3df2 56 4776 4783 +edge_33_0_+disjointig_17_0_4819 53 4813 4819 -1 -1 3816 0.0207516
Chain
	Aln	2	+7b0293fa-2db0-4c03-a4ba-6ebd3b8976e1 290 1311 3664 +edge_2_0_+disjointig_10_0_35069 24201 25230 35069 -1 -1 549 0.0583441
Chain
	Aln	3	-7b0293fa-2db0-4c03-a4ba-6ebd3b8976e1 2352 3373 3664 -edge_2_0_+disjointig_10_0_35069 9838 10867 35069 -1 -1 549 0.0583441
Chain
	Aln	168	+96a48492-2238-42ff-ab43-4c5feae6e76a 26 9116 9124 +edge_85_0_+disjointig_54_0_9109 5 9084 9109 -1 -1 8470 0.00605642
Chain
	Aln	169	-96a48492-2238-42ff-ab43-4c5feae6e76a 7 9097 9124 -edge_85_0_+disjointig_54_0_9109 24 9103 9109 -1 -1 8470 0.00605642
Chain
	Aln	169	+8237a89c-ca28-4b94-9151-c1cd12edfc71 6 9029 9032 -edge_85_0_+disjointig_54_0_9109 5 9106 9109 -1 -1 7691 0.0170702
Chain
	Aln	168	-8237a89c-ca28-4b94-9151-c1cd12edfc71 2 9025 9032 +edge_85_0_+disjointig_54_0_9109 2 9103 9109 -1 -1 7691 0.0170702
Chain
	Aln	121	+0c0f0182-9f83-4181-9bb2-c0952d8526f1 19 3313 3322 -edge_61_0_+disjointig_34_0_6498 18 3289 6498 -1 -1 2627 0.0258811
Chain
	Aln	120	-0c0f0182-9f83-4181-9bb2-c0952d8526f1 8 3302 3322 +edge_61_0_+disjointig_34_0_6498 3208 6479 6498 -1 -1 2627 0.0258811
Chain
	Aln	120	+9145775b-1080-41fd-8bcc-78d8636dcf12 1 6487 6650 +edge_61_0_+disjointig_34_0_6498 1 6487 6498 -1 -1 6011 0.00688507
Chain
	Aln	121	-9145775b-1080-41fd-8bcc-78d8636dcf12 162 6648 6650 -edge_61_0_+disjointig_34_0_6498 10 6496 6498 -1 -1 6011 0.00688507
Chain
	Aln	281	+d6cbd72a-d7d6-4691-b96e-39e2a5883c6f 32 1739 1748 -edge_141_0_+disjointig_94_0_11008 9265 10979 11008 -1 -1 1054 0.0408705
Chain
	Aln	280	-d6cbd72a-d7d6-4691-b96e-39e2a5883c6f 8 1715 1748 +edge_141_0_+disjointig_94_0_11008 28 1742 11008 -1 -1 1054 0.0408705
Chain
	Aln	281	+269be700-8b41-46b9-9fb9-7256b000755d 9 9387 9398 -edge_141_0_+disjointig_94_0_11008 8 9212 11008 -1 -1 5877 0.0393762
Chain
	Aln	280	-269be700-8b41-46b9-9fb9-7256b000755d 10 9388 9398 +edge_141_0_+disjointig_94_0_11008 1795 10999 11008 -1 -1 5877 0.0393762
Chain
	Aln	280	+b2e50940-1a22-4080-a2e6-b5f7a66551fc 4 11169 11186 +edge_141_0_+disjointig_94_0_11008 4 10990 11008 -1 -1 8050 0.0256045
Chain
	Aln	281	-b2e50940-1a22-4080-a2e6-b5f7a66551fc 16 11181 11186 -edge_141_0_+disjointig_94_0_11008 17 11003 11008 -1 -1 8050 0.0256045
Chain
	Aln	157	+57b1a568-5930-45c5-a05c-5ac4a0e8373a 18 398 9336 -edge_79_3_+disjointig_5_5946_6584 216 596 638 -1 -1 294 0.0316694
	Aln	157	+57b1a568-5930-45c5-a05c-5ac4a0e8373a 547 1095 9336 -edge_79_8_+disjointig_5_11040_11642 32 580 602 -1 -1 403 0.0382853
	Aln	157	+57b1a568-5930-45c5-a05c-5ac4a0e8373a 1227 1391 9336 -edge_79_8_+disjointig_5_11040_11642 32 196 602 -1 -1 117 0.050899
Chain
	Aln	156	-57b1a568-5930-45c5-a05c-5ac4a0e8373a 7944 8108 9336 +edge_79_8_+disjointig_5_11040_11642 405 569 602 -1 -1 117 0.050899
	Aln	156	-57b1a568-5930-45c5-a05c-5ac4a0e8373a 8240 8788 9336 +edge_79_8_+disjointig_5_11040_11642 21 569 602 -1 -1 403 0.0382853
	Aln	156	-57b1a568-5930-45c5-a05c-5ac4a0e8373a 8937 9317 9336 +edge_79_3_+disjointig_5_5946_6584 41 421 638 -1 -1 294 0.0316694
Chain
	Aln	2	+333f8bae-6d22-47a2-bd84-b9d033708f7a 92 4091 5071 +edge_2_0_+disjointig_10_0_35069 21174 25175 35069 -1 -1 2408 0.0471173
Chain
	Aln	3	-333f8bae-6d22-47a2-bd84-b9d033708f7a 979 4978 5071 -edge_2_0_+disjointig_10_0_35069 9893 13894 35069 -1 -1 2408 0.0471173
Chain
	Aln	3	+0fcf4bfe-990d-4809-a19c-1829954edd88 941 2056 3457 -edge_2_0_+disjointig_10_0_35069 9915 11030 35069 -1 -1 677 0.0485716
Chain
	Aln	2	-0fcf4bfe-990d-4809-a19c-1829954edd88 1400 2515 3457 +edge_2_0_+disjointig_10_0_35069 24038 25153 35069 -1 -1 677 0.0485716
Chain
	Aln	298	+f1f83b4d-e34c-4670-a17d-8076d7e88da0 14 1421 2170 +edge_150_0_+disjointig_64_2197_4318 669 2069 2121 -1 -1 1226 0.0174742
	Aln	198	+f1f83b4d-e34c-4670-a17d-8076d7e88da0 1474 2162 2170 +edge_100_0_+disjointig_64_1270_2197 0 687 927 -1 -1 666 0.00265739
Chain
	Aln	199	-f1f83b4d-e34c-4670-a17d-8076d7e88da0 7 695 2170 -edge_100_0_+disjointig_64_1270_2197 239 926 927 -1 -1 666 0.00265739
	Aln	299	-f1f83b4d-e34c-4670-a17d-8076d7e88da0 748 2155 2170 -edge_150_0_+disjointig_64_2197_4318 51 1451 2121 -1 -1 1226 0.0174742
Chain
	Aln	51	+7afc176d-d397-4cf0-a378-3cb0500a5471 16 8670 8699 -edge_26_0_+disjointig_121_0_11670 2989 11641 11670 -1 -1 8331 0.00402317
Chain
	Aln	50	-7afc176d-d397-4cf0-a378-3cb0500a5471 28 8682 8699 +edge_26_0_+disjointig_121_0_11670 28 8680 11670 -1 -1 8331 0.00402317
Chain
	Aln	50	+fc977a22-53ed-473f-8fcf-85c7eb27f2dc 23 11673 11682 +edge_26_0_+disjointig_121_0_11670 3 11662 11670 -1 -1 10572 0.00911004
Chain
	Aln	51	-fc977a22-53ed-473f-8fcf-85c7eb27f2dc 8 11658 11682 -edge_26_0_+disjointig_121_0_11670 7 11666 11670 -1 -1 10572 0.00911004
Chain
	Aln	115	+9338f755-0da5-41b9-95a1-5bcfa106d086 4853 6037 10942 -edge_58_1_+disjointig_33_8959_10184 28 1221 1225 -1 -1 907 0.0262698
	Aln	116	+9338f755-0da5-41b9-95a1-5bcfa106d086 6049 10174 10942 +edge_59_0_-disjointig_33_6001_10112 9 4107 4111 -1 -1 2670 0.0416156
	Aln	115	+9338f755-0da5-41b9-95a1-5bcfa106d086 10203 10940 10942 -edge_58_0_+disjointig_33_3622_4848 28 766 1226 -1 -1 607 0.017897
Chain
	Aln	114	-9338f755-0da5-41b9-95a1-5bcfa106d086 1 738 10942 +edge_58_0_+disjointig_33_3622_4848 459 1197 1226 -1 -1 607 0.017897
	Aln	117	-9338f755-0da5-41b9-95a1-5bcfa106d086 767 4892 10942 -edge_59_0_-disjointig_33_6001_10112 3 4101 4111 -1 -1 2670 0.0416156
	Aln	114	-9338f755-0da5-41b9-95a1-5bcfa106d086 4904 6088 10942 +edge_58_1_+disjointig_33_8959_10184 3 1196 1225 -1 -1 907 0.0262698
Chain
	Aln	114	+8b7329b0-8709-43e7-beab-f0a6379d9bbc 330 1513 12151 +edge_58_1_+disjointig_33_8959_10184 8 1196 1225 -1 -1 849 0.0300503
	Aln	117	+8b7329b0-8709-43e7-beab-f0a6379d9bbc 1542 5653 12151 -edge_59_0_-disjointig_33_6001_10112 3 4101 4111 -1 -1 2079 0.056735
	Aln	114	+8b7329b0-8709-43e7-beab-f0a6379d9bbc 5665 6856 12151 +edge_58_1_+disjointig_33_8959_10184 3 1196 1225 -1 -1 909 0.024146
Chain
	Aln	115	-8b7329b0-8709-43e7-beab-f0a6379d9bbc 5294 6485 12151 -edge_58_1_+disjointig_33_8959_10184 28 1221 1225 -1 -1 909 0.024146
	Aln	116	-8b7329b0-8709-43e7-beab-f0a6379d9bbc 6497 10608 12151 +edge_59_0_-disjointig_33_6001_10112 9 4107 4111 -1 -1 2079 0.056735
	Aln	115	-8b7329b0-8709-43e7-beab-f0a6379d9bbc 10637 11820 12151 -edge_58_1_+disjointig_33_8959_10184 28 1216 1225 -1 -1 849 0.0300503
Chain
	Aln	299	+5578c173-c237-43ea-a4dd-cf5654a0869a 8 1980 3007 -edge_150_0_+disjointig_64_2197_4318 156 2120 2121 -1 -1 1772 0.0147544
Chain
	Aln	199	+5578c173-c237-43ea-a4dd-cf5654a0869a 1995 2907 3007 -edge_100_0_+disjointig_64_1270_2197 14 926 927 -1 -1 859 0.00704382
Chain
	Aln	198	-5578c173-c237-43ea-a4dd-cf5654a0869a 99 1011 3007 +edge_100_0_+disjointig_64_1270_2197 0 912 927 -1 -1 859 0.00704382
Chain
	Aln	298	-5578c173-c237-43ea-a4dd-cf5654a0869a 1026 2998 3007 +edge_150_0_+disjointig_64_2197_4318 0 1964 2121 -1 -1 1772 0.0147544
Chain
	Aln	298	+92388a70-5f06-470e-8bfe-dc0ff5fb9fa2 24 1534 3839 +edge_150_0_+disjointig_64_2197_4318 516 2022 2121 -1 -1 1246 0.0241828
	Aln	198	+92388a70-5f06-470e-8bfe-dc0ff5fb9fa2 1637 2558 3839 +edge_100_0_+disjointig_64_1270_2197 0 919 927 -1 -1 841 0.00831681
Chain
	Aln	298	+92388a70-5f06-470e-8bfe-dc0ff5fb9fa2 2566 3815 3839 +edge_150_0_+disjointig_64_2197_4318 0 1249 2121 -1 -1 1140 0.0130428
Chain
	Aln	299	-92388a70-5f06-470e-8bfe-dc0ff5fb9fa2 23 1272 3839 -edge_150_0_+disjointig_64_2197_4318 871 2120 2121 -1 -1 1140 0.0130428
Chain
	Aln	199	-92388a70-5f06-470e-8bfe-dc0ff5fb9fa2 1280 2201 3839 -edge_100_0_+disjointig_64_1270_2197 7 926 927 -1 -1 841 0.00831681
	Aln	299	-92388a70-5f06-470e-8bfe-dc0ff5fb9fa2 2304 3814 3839 -edge_150_0_+disjointig_64_2197_4318 98 1604 2121 -1 -1 1246 0.0241828
Chain
	Aln	198	+95c226fc-fa83-45a6-ace9-aba3eec17be7 296 1217 3560 +edge_100_0_+disjointig_64_1270_2197 0 919 927 -1 -1 805 0.0131878
Chain
	Aln	298	+95c226fc-fa83-45a6-ace9-aba3eec17be7 1225 3296 3560 +edge_150_0_+disjointig_64_2197_4318 1 2069 2121 -1 -1 1729 0.0225823
Chain
	Aln	200	+95c226fc-fa83-45a6-ace9-aba3eec17be7 3394 3519 3560 +edge_101_0_+disjointig_64_4318_5165 42 165 847 -1 -1 80 0.0533003
Chain
	Aln	201	-95c226fc-fa83-45a6-ace9-aba3eec17be7 40 165 3560 -edge_101_0_+disjointig_64_4318_5165 681 804 847 -1 -1 80 0.0533003
Chain
	Aln	299	-95c226fc-fa83-45a6-ace9-aba3eec17be7 263 2334 3560 -edge_150_0_+disjointig_64_2197_4318 51 2119 2121 -1 -1 1729 0.0225823
Chain
	Aln	199	-95c226fc-fa83-45a6-ace9-aba3eec17be7 2342 3263 3560 -edge_100_0_+disjointig_64_1270_2197 7 926 927 -1 -1 805 0.0131878
Chain
	Aln	101	+6789a4c4-61fe-4c69-8874-bb7d049c8c7b 1197 1843 3516 -edge_51_0_-disjointig_3_6174_7097 120 773 923 -1 -1 134 0.132903
Chain
	Aln	96	+6789a4c4-61fe-4c69-8874-bb7d049c8c7b 1821 3049 3516 +edge_49_0_+disjointig_3_529_1824 0 1228 1295 -1 -1 1178 0.00588564
Chain
	Aln	97	-6789a4c4-61fe-4c69-8874-bb7d049c8c7b 466 1694 3516 -edge_49_0_+disjointig_3_529_1824 66 1294 1295 -1 -1 1178 0.00588564
Chain
	Aln	100	-6789a4c4-61fe-4c69-8874-bb7d049c8c7b 1672 2318 3516 +edge_51_0_-disjointig_3_6174_7097 149 802 923 -1 -1 134 0.132903
Chain
	Aln	97	+ba59bfb1-204b-4c5f-8337-11ee4b970129 11 522 1794 -edge_49_3_+disjointig_3_7821_9117 781 1292 1296 -1 -1 286 0.0512847
Chain
	Aln	100	+ba59bfb1-204b-4c5f-8337-11ee4b970129 532 1445 1794 +edge_51_0_-disjointig_3_6174_7097 7 915 923 -1 -1 422 0.0715388
Chain
	Aln	97	+ba59bfb1-204b-4c5f-8337-11ee4b970129 1636 1791 1794 -edge_49_2_+disjointig_3_6164_6898 185 340 734 -1 -1 101 0.0439423
Chain
	Aln	96	-ba59bfb1-204b-4c5f-8337-11ee4b970129 2 157 1794 +edge_49_2_+disjointig_3_6164_6898 393 548 734 -1 -1 101 0.0439423
Chain
	Aln	101	-ba59bfb1-204b-4c5f-8337-11ee4b970129 348 1261 1794 -edge_51_0_-disjointig_3_6174_7097 7 915 923 -1 -1 422 0.0715388
Chain
	Aln	96	-ba59bfb1-204b-4c5f-8337-11ee4b970129 1271 1782 1794 +edge_49_3_+disjointig_3_7821_9117 3 514 1296 -1 -1 286 0.0512847
Chain
	Aln	100	+2551d47c-0b25-4254-90dd-0fd3d6b5ab95 348 1202 3317 +edge_51_0_-disjointig_3_6174_7097 61 915 923 -1 -1 512 0.0525363
Chain
	Aln	97	+2551d47c-0b25-4254-90dd-0fd3d6b5ab95 1414 2130 3317 -edge_49_0_+disjointig_3_529_1824 559 1279 1295 -1 -1 341 0.0683886
Chain
	Aln	100	+2551d47c-0b25-4254-90dd-0fd3d6b5ab95 2205 3063 3317 +edge_51_0_-disjointig_3_6174_7097 61 915 923 -1 -1 445 0.0632278
Chain
	Aln	101	-2551d47c-0b25-4254-90dd-0fd3d6b5ab95 253 1111 3317 -edge_51_0_-disjointig_3_6174_7097 7 861 923 -1 -1 445 0.0632278
Chain
	Aln	96	-2551d47c-0b25-4254-90dd-0fd3d6b5ab95 1186 1902 3317 +edge_49_0_+disjointig_3_529_1824 15 735 1295 -1 -1 341 0.0683886
Chain
	Aln	101	-2551d47c-0b25-4254-90dd-0fd3d6b5ab95 2114 2968 3317 -edge_51_0_-disjointig_3_6174_7097 7 861 923 -1 -1 512 0.0525363
Chain
	Aln	299	+2143f311-8e43-4cd9-b935-79ab09067b95 11 1040 3238 -edge_150_0_+disjointig_64_2197_4318 1085 2120 2121 -1 -1 949 0.0117015
Chain
	Aln	199	+2143f311-8e43-4cd9-b935-79ab09067b95 1055 1966 3238 -edge_100_0_+disjointig_64_1270_2197 14 926 927 -1 -1 868 0.00464252
	Aln	299	+2143f311-8e43-4cd9-b935-79ab09067b95 2019 3236 3238 -edge_150_0_+disjointig_64_2197_4318 51 1260 2121 -1 -1 955 0.0313722
Chain
	Aln	298	-2143f311-8e43-4cd9-b935-79ab09067b95 1 1218 3238 +edge_150_0_+disjointig_64_2197_4318 860 2069 2121 -1 -1 955 0.0313722
	Aln	198	-2143f311-8e43-4cd9-b935-79ab09067b95 1271 2182 3238 +edge_100_0_+disjointig_64_1270_2197 0 912 927 -1 -1 868 0.00464252
Chain
	Aln	298	-2143f311-8e43-4cd9-b935-79ab09067b95 2197 3226 3238 +edge_150_0_+disjointig_64_2197_4318 0 1035 2121 -1 -1 949 0.0117015
Chain
	Aln	97	+d3cc4393-4086-4410-8791-bd28c6b965cc 509 795 2760 -edge_49_4_+disjointig_3_11481_12324 559 842 843 -1 -1 108 0.0848587
Chain
	Aln	98	+d3cc4393-4086-4410-8791-bd28c6b965cc 777 2653 2760 +edge_50_0_-disjointig_3_2514_4878 478 2354 2364 -1 -1 1025 0.0535491
Chain
	Aln	99	-d3cc4393-4086-4410-8791-bd28c6b965cc 106 1982 2760 -edge_50_0_-disjointig_3_2514_4878 9 1885 2364 -1 -1 1025 0.0535491
Chain
	Aln	96	-d3cc4393-4086-4410-8791-bd28c6b965cc 1964 2250 2760 +edge_49_4_+disjointig_3_11481_12324 0 283 843 -1 -1 108 0.0848587
Chain
	Aln	102	+e6be000e-cef8-48de-85b2-a5b6338c8e02 48 1497 15136 +edge_52_0_-disjointig_3_10297_12171 253 1870 1874 -1 -1 931 0.020052
	Aln	97	+e6be000e-cef8-48de-85b2-a5b6338c8e02 1506 2373 15136 -edge_49_0_+disjointig_3_529_1824 4 870 1295 -1 -1 823 0.00908366
	Aln	102	+e6be000e-cef8-48de-85b2-a5b6338c8e02 2857 4557 15136 +edge_52_0_-disjointig_3_10297_12171 0 1870 1874 -1 -1 1103 0.0264632
	Aln	97	+e6be000e-cef8-48de-85b2-a5b6338c8e02 4566 5404 15136 -edge_49_1_+disjointig_3_3698_4540 4 841 842 -1 -1 762 0.0132089
	Aln	102	+e6be000e-cef8-48de-85b2-a5b6338c8e02 5404 7099 15136 +edge_52_0_-disjointig_3_10297_12171 0 1870 1874 -1 -1 1122 0.0240379
	Aln	97	+e6be000e-cef8-48de-85b2-a5b6338c8e02 7108 7944 15136 -edge_49_1_+disjointig_3_3698_4540 4 841 842 -1 -1 765 0.0116611
	Aln	102	+e6be000e-cef8-48de-85b2-a5b6338c8e02 7944 9813 15136 +edge_52_0_-disjointig_3_10297_12171 0 1870 1874 -1 -1 1535 0.0169591
	Aln	97	+e6be000e-cef8-48de-85b2-a5b6338c8e02 9822 10659 15136 -edge_49_1_+disjointig_3_3698_4540 4 841 842 -1 -1 799 0.00835284
	Aln	102	+e6be000e-cef8-48de-85b2-a5b6338c8e02 10659 12500 15136 +edge_52_0_-disjointig_3_10297_12171 0 1847 1874 -1 -1 1682 0.0103613
	Aln	97	+e6be000e-cef8-48de-85b2-a5b6338c8e02 12532 13369 15136 -edge_49_1_+disjointig_3_3698_4540 4 841 842 -1 -1 762 0.013922
Chain
	Aln	297	+e6be000e-cef8-48de-85b2-a5b6338c8e02 13615 15116 15136 -edge_149_1_+disjointig_3_12324_13947 4 1505 1623 -1 -1 1377 0.0119406
Chain
	Aln	296	-e6be000e-cef8-48de-85b2-a5b6338c8e02 19 1520 15136 +edge_149_1_+disjointig_3_12324_13947 117 1618 1623 -1 -1 1377 0.0119406
Chain
	Aln	96	-e6be000e-cef8-48de-85b2-a5b6338c8e02 1766 2603 15136 +edge_49_1_+disjointig_3_3698_4540 0 837 842 -1 -1 762 0.013922
	Aln	103	-e6be000e-cef8-48de-85b2-a5b6338c8e02 2635 4476 15136 -edge_52_0_-disjointig_3_10297_12171 26 1873 1874 -1 -1 1682 0.0103613
	Aln	96	-e6be000e-cef8-48de-85b2-a5b6338c8e02 4476 5313 15136 +edge_49_1_+disjointig_3_3698_4540 0 837 842 -1 -1 799 0.00835284
	Aln	103	-e6be000e-cef8-48de-85b2-a5b6338c8e02 5322 7191 15136 -edge_52_0_-disjointig_3_10297_12171 3 1873 1874 -1 -1 1535 0.0169591
	Aln	96	-e6be000e-cef8-48de-85b2-a5b6338c8e02 7191 8027 15136 +edge_49_1_+disjointig_3_3698_4540 0 837 842 -1 -1 765 0.0116611
	Aln	103	-e6be000e-cef8-48de-85b2-a5b6338c8e02 8036 9731 15136 -edge_52_0_-disjointig_3_10297_12171 3 1873 1874 -1 -1 1122 0.0240379
	Aln	96	-e6be000e-cef8-48de-85b2-a5b6338c8e02 9731 10569 15136 +edge_49_1_+disjointig_3_3698_4540 0 837 842 -1 -1 762 0.0132089
	Aln	103	-e6be000e-cef8-48de-85b2-a5b6338c8e02 10578 12278 15136 -edge_52_0_-disjointig_3_10297_12171 3 1873 1874 -1 -1 1103 0.0264632
	Aln	96	-e6be000e-cef8-48de-85b2-a5b6338c8e02 12762 13629 15136 +edge_49_0_+disjointig_3_529_1824 424 1290 1295 -1 -1 823 0.00908366
	Aln	103	-e6be000e-cef8-48de-85b2-a5b6338c8e02 13638 15087 15136 -edge_52_0_-disjointig_3_10297_12171 3 1620 1874 -1 -1 931 0.020052
Chain
	Aln	96	+181ab9c8-5df5-4a5e-9353-915b5c92b327 29 393 5036 +edge_49_1_+disjointig_3_3698_4540 473 837 842 -1 -1 349 0.0123456
	Aln	103	+181ab9c8-5df5-4a5e-9353-915b5c92b327 402 2105 5036 -edge_52_0_-disjointig_3_10297_12171 3 1873 1874 -1 -1 1259 0.0142428
	Aln	96	+181ab9c8-5df5-4a5e-9353-915b5c92b327 2105 2943 5036 +edge_49_1_+disjointig_3_3698_4540 0 837 842 -1 -1 778 0.0102914
Chain
	Aln	296	+181ab9c8-5df5-4a5e-9353-915b5c92b327 2948 4526 5036 +edge_149_0_+disjointig_3_4540_6164 0 1619 1624 -1 -1 1339 0.019047
Chain
	Aln	96	+181ab9c8-5df5-4a5e-9353-915b5c92b327 4531 4987 5036 +edge_49_2_+disjointig_3_6164_6898 0 456 734 -1 -1 391 0.0205918
Chain
	Aln	97	-181ab9c8-5df5-4a5e-9353-915b5c92b327 48 504 5036 -edge_49_2_+disjointig_3_6164_6898 277 733 734 -1 -1 391 0.0205918
Chain
	Aln	297	-181ab9c8-5df5-4a5e-9353-915b5c92b327 509 2087 5036 -edge_149_0_+disjointig_3_4540_6164 4 1623 1624 -1 -1 1339 0.019047
Chain
	Aln	97	-181ab9c8-5df5-4a5e-9353-915b5c92b327 2092 2930 5036 -edge_49_1_+disjointig_3_3698_4540 4 841 842 -1 -1 778 0.0102914
	Aln	102	-181ab9c8-5df5-4a5e-9353-915b5c92b327 2930 4633 5036 +edge_52_0_-disjointig_3_10297_12171 0 1870 1874 -1 -1 1259 0.0142428
	Aln	97	-181ab9c8-5df5-4a5e-9353-915b5c92b327 4642 5006 5036 -edge_49_1_+disjointig_3_3698_4540 4 368 842 -1 -1 349 0.0123456
Chain
	Aln	137	+3be5e2ce-db26-430c-8a28-5f336e4ec9bc 115 7136 18101 -edge_69_0_-disjointig_41_9663_16671 8 7007 7008 -1 -1 6240 0.0118369
Chain
	Aln	134	+3be5e2ce-db26-430c-8a28-5f336e4ec9bc 7144 7743 18101 +edge_68_22_+disjointig_41_7008_7627 8 607 619 -1 -1 271 0.0827741
	Aln	134	+3be5e2ce-db26-430c-8a28-5f336e4ec9bc 7774 8281 18101 +edge_68_23_+disjointig_41_7627_8247 19 526 620 -1 -1 238 0.0727946
	Aln	134	+3be5e2ce-db26-430c-8a28-5f336e4ec9bc 8536 8822 18101 +edge_68_24_+disjointig_41_8247_8828 161 448 581 -1 -1 33 0.190668
	Aln	134	+3be5e2ce-db26-430c-8a28-5f336e4ec9bc 8933 9150 18101 +edge_68_7_+disjointig_40_5436_5962 245 462 526 -1 -1 63 0.12005
	Aln	134	+3be5e2ce-db26-430c-8a28-5f336e4ec9bc 9201 9800 18101 +edge_68_22_+disjointig_41_7008_7627 8 607 619 -1 -1 275 0.0827741
	Aln	134	+3be5e2ce-db26-430c-8a28-5f336e4ec9bc 9831 10338 18101 +edge_68_23_+disjointig_41_7627_8247 19 526 620 -1 -1 230 0.0751017
	Aln	134	+3be5e2ce-db26-430c-8a28-5f336e4ec9bc 10593 10877 18101 +edge_68_24_+disjointig_41_8247_8828 161 448 581 -1 -1 32 0.190668
	Aln	134	+3be5e2ce-db26-430c-8a28-5f336e4ec9bc 10988 11205 18101 +edge_68_7_+disjointig_40_5436_5962 245 462 526 -1 -1 63 0.12005
	Aln	134	+3be5e2ce-db26-430c-8a28-5f336e4ec9bc 11256 11850 18101 +edge_68_22_+disjointig_41_7008_7627 8 607 619 -1 -1 278 0.0805541
	Aln	134	+3be5e2ce-db26-430c-8a28-5f336e4ec9bc 11881 12387 18101 +edge_68_23_+disjointig_41_7627_8247 19 526 620 -1 -1 230 0.0751017
	Aln	134	+3be5e2ce-db26-430c-8a28-5f336e4ec9bc 12642 12928 18101 +edge_68_24_+disjointig_41_8247_8828 161 448 581 -1 -1 33 0.190668
	Aln	134	+3be5e2ce-db26-430c-8a28-5f336e4ec9bc 13039 13256 18101 +edge_68_7_+disjointig_40_5436_5962 245 462 526 -1 -1 80 0.109053
	Aln	134	+3be5e2ce-db26-430c-8a28-5f336e4ec9bc 13307 13906 18101 +edge_68_22_+disjointig_41_7008_7627 8 607 619 -1 -1 271 0.0827741
	Aln	134	+3be5e2ce-db26-430c-8a28-5f336e4ec9bc 13937 14444 18101 +edge_68_23_+disjointig_41_7627_8247 19 526 620 -1 -1 230 0.0751017
	Aln	134	+3be5e2ce-db26-430c-8a28-5f336e4ec9bc 14699 14985 18101 +edge_68_24_+disjointig_41_8247_8828 161 448 581 -1 -1 33 0.190668
	Aln	134	+3be5e2ce-db26-430c-8a28-5f336e4ec9bc 15096 15313 18101 +edge_68_7_+disjointig_40_5436_5962 245 462 526 -1 -1 50 0.150099
	Aln	134	+3be5e2ce-db26-430c-8a28-5f336e4ec9bc 15364 15963 18101 +edge_68_22_+disjointig_41_7008_7627 8 607 619 -1 -1 280 0.0763506
	Aln	134	+3be5e2ce-db26-430c-8a28-5f336e4ec9bc 15994 16501 18101 +edge_68_23_+disjointig_41_7627_8247 19 526 620 -1 -1 230 0.0751017
	Aln	134	+3be5e2ce-db26-430c-8a28-5f336e4ec9bc 16756 17042 18101 +edge_68_24_+disjointig_41_8247_8828 161 448 581 -1 -1 33 0.190668
	Aln	134	+3be5e2ce-db26-430c-8a28-5f336e4ec9bc 17153 17370 18101 +edge_68_7_+disjointig_40_5436_5962 245 462 526 -1 -1 50 0.150099
	Aln	134	+3be5e2ce-db26-430c-8a28-5f336e4ec9bc 17421 18020 18101 +edge_68_22_+disjointig_41_7008_7627 8 607 619 -1 -1 263 0.0850812
Chain
	Aln	135	-3be5e2ce-db26-430c-8a28-5f336e4ec9bc 80 679 18101 -edge_68_22_+disjointig_41_7008_7627 11 610 619 -1 -1 263 0.0850812
	Aln	135	-3be5e2ce-db26-430c-8a28-5f336e4ec9bc 730 947 18101 -edge_68_7_+disjointig_40_5436_5962 63 280 526 -1 -1 50 0.150099
	Aln	135	-3be5e2ce-db26-430c-8a28-5f336e4ec9bc 1058 1344 18101 -edge_68_24_+disjointig_41_8247_8828 132 419 581 -1 -1 33 0.190668
	Aln	135	-3be5e2ce-db26-430c-8a28-5f336e4ec9bc 1599 2106 18101 -edge_68_23_+disjointig_41_7627_8247 93 600 620 -1 -1 230 0.0751017
	Aln	135	-3be5e2ce-db26-430c-8a28-5f336e4ec9bc 2137 2736 18101 -edge_68_22_+disjointig_41_7008_7627 11 610 619 -1 -1 280 0.0763506
	Aln	135	-3be5e2ce-db26-430c-8a28-5f336e4ec9bc 2787 3004 18101 -edge_68_7_+disjointig_40_5436_5962 63 280 526 -1 -1 50 0.150099
	Aln	135	-3be5e2ce-db26-430c-8a28-5f336e4ec9bc 3115 3401 18101 -edge_68_24_+disjointig_41_8247_8828 132 419 581 -1 -1 33 0.190668
	Aln	135	-3be5e2ce-db26-430c-8a28-5f336e4ec9bc 3656 4163 18101 -edge_68_23_+disjointig_41_7627_8247 93 600 620 -1 -1 230 0.0751017
	Aln	135	-3be5e2ce-db26-430c-8a28-5f336e4ec9bc 4194 4793 18101 -edge_68_22_+disjointig_41_7008_7627 11 610 619 -1 -1 271 0.0827741
	Aln	135	-3be5e2ce-db26-430c-8a28-5f336e4ec9bc 4844 5061 18101 -edge_68_7_+disjointig_40_5436_5962 63 280 526 -1 -1 80 0.109053
	Aln	135	-3be5e2ce-db26-430c-8a28-5f336e4ec9bc 5172 5458 18101 -edge_68_24_+disjointig_41_8247_8828 132 419 581 -1 -1 33 0.190668
	Aln	135	-3be5e2ce-db26-430c-8a28-5f336e4ec9bc 5713 6219 18101 -edge_68_23_+disjointig_41_7627_8247 93 600 620 -1 -1 230 0.0751017
	Aln	135	-3be5e2ce-db26-430c-8a28-5f336e4ec9bc 6250 6844 18101 -edge_68_22_+disjointig_41_7008_7627 11 610 619 -1 -1 278 0.0805541
	Aln	135	-3be5e2ce-db26-430c-8a28-5f336e4ec9bc 6895 7112 18101 -edge_68_7_+disjointig_40_5436_5962 63 280 526 -1 -1 63 0.12005
	Aln	135	-3be5e2ce-db26-430c-8a28-5f336e4ec9bc 7223 7507 18101 -edge_68_24_+disjointig_41_8247_8828 132 419 581 -1 -1 32 0.190668
	Aln	135	-3be5e2ce-db26-430c-8a28-5f336e4ec9bc 7762 8269 18101 -edge_68_23_+disjointig_41_7627_8247 93 600 620 -1 -1 230 0.0751017
	Aln	135	-3be5e2ce-db26-430c-8a28-5f336e4ec9bc 8300 8899 18101 -edge_68_22_+disjointig_41_7008_7627 11 610 619 -1 -1 275 0.0827741
	Aln	135	-3be5e2ce-db26-430c-8a28-5f336e4ec9bc 8950 9167 18101 -edge_68_7_+disjointig_40_5436_5962 63 280 526 -1 -1 63 0.12005
	Aln	135	-3be5e2ce-db26-430c-8a28-5f336e4ec9bc 9278 9564 18101 -edge_68_24_+disjointig_41_8247_8828 132 419 581 -1 -1 33 0.190668
	Aln	135	-3be5e2ce-db26-430c-8a28-5f336e4ec9bc 9819 10326 18101 -edge_68_23_+disjointig_41_7627_8247 93 600 620 -1 -1 238 0.0727946
	Aln	135	-3be5e2ce-db26-430c-8a28-5f336e4ec9bc 10357 10956 18101 -edge_68_22_+disjointig_41_7008_7627 11 610 619 -1 -1 271 0.0827741
Chain
	Aln	136	-3be5e2ce-db26-430c-8a28-5f336e4ec9bc 10964 17985 18101 +edge_69_0_-disjointig_41_9663_16671 0 6999 7008 -1 -1 6240 0.0118369
Chain
	Aln	295	+451fdaf7-73df-4fe4-86bc-ffe1c9594450 5 533 5657 -edge_148_0_+disjointig_19_5222_9979 4227 4756 4757 -1 -1 322 0.0504191
Chain
	Aln	69	+451fdaf7-73df-4fe4-86bc-ffe1c9594450 598 5653 5657 -edge_35_0_+disjointig_19_0_5222 64 5112 5222 -1 -1 2839 0.0521733
Chain
	Aln	68	-451fdaf7-73df-4fe4-86bc-ffe1c9594450 3 5058 5657 +edge_35_0_+disjointig_19_0_5222 109 5157 5222 -1 -1 2839 0.0521733
Chain
	Aln	294	-451fdaf7-73df-4fe4-86bc-ffe1c9594450 5123 5651 5657 +edge_148_0_+disjointig_19_5222_9979 0 529 4757 -1 -1 322 0.0504191
Chain
	Aln	295	+7445a21c-f5c5-4dd1-9417-7792ca0d7c97 17 4269 7546 -edge_148_0_+disjointig_19_5222_9979 514 4755 4757 -1 -1 2114 0.0637117
Chain
	Aln	69	+7445a21c-f5c5-4dd1-9417-7792ca0d7c97 4966 7463 7546 -edge_35_0_+disjointig_19_0_5222 14 2510 5222 -1 -1 1018 0.0825945
Chain
	Aln	68	-7445a21c-f5c5-4dd1-9417-7792ca0d7c97 82 2579 7546 +edge_35_0_+disjointig_19_0_5222 2711 5207 5222 -1 -1 1018 0.0825945
Chain
	Aln	294	-7445a21c-f5c5-4dd1-9417-7792ca0d7c97 3276 7528 7546 +edge_148_0_+disjointig_19_5222_9979 1 4242 4757 -1 -1 2114 0.0637117
Chain
	Aln	237	+0c82a358-fbac-412e-813e-0c02e221a969 3 954 3375 -edge_119_0_+disjointig_77_18509_20024 565 1514 1515 -1 -1 839 0.015107
Chain
	Aln	240	+0c82a358-fbac-412e-813e-0c02e221a969 954 2084 3375 +edge_121_2_-disjointig_77_4224_5377 0 1125 1153 -1 -1 993 0.0152583
	Aln	235	+0c82a358-fbac-412e-813e-0c02e221a969 2088 3364 3375 -edge_118_0_+disjointig_77_5116_6669 8 1292 1553 -1 -1 1170 0.0132286
Chain
	Aln	234	-0c82a358-fbac-412e-813e-0c02e221a969 10 1286 3375 +edge_118_0_+disjointig_77_5116_6669 260 1544 1553 -1 -1 1170 0.0132286
	Aln	241	-0c82a358-fbac-412e-813e-0c02e221a969 1290 2420 3375 -edge_121_2_-disjointig_77_4224_5377 27 1152 1153 -1 -1 993 0.0152583
Chain
	Aln	236	-0c82a358-fbac-412e-813e-0c02e221a969 2420 3371 3375 +edge_119_0_+disjointig_77_18509_20024 0 949 1515 -1 -1 839 0.015107
Chain
	Aln	157	+4717eada-889d-4da2-9f4c-ad99eac03b92 88 408 1278 -edge_79_4_+disjointig_5_6584_7223 320 638 639 -1 -1 80 0.101843
Chain
	Aln	155	+4717eada-889d-4da2-9f4c-ad99eac03b92 379 1274 1278 -edge_78_0_+disjointig_5_0_1900 50 954 1900 -1 -1 661 0.041803
Chain
	Aln	154	-4717eada-889d-4da2-9f4c-ad99eac03b92 3 898 1278 +edge_78_0_+disjointig_5_0_1900 945 1849 1900 -1 -1 661 0.041803
Chain
	Aln	156	-4717eada-889d-4da2-9f4c-ad99eac03b92 869 1189 1278 +edge_79_4_+disjointig_5_6584_7223 0 318 639 -1 -1 80 0.101843
Chain
	Aln	154	+dc400689-a2ae-46ed-a9da-ac0daf6c02a0 239 2074 7527 +edge_78_0_+disjointig_5_0_1900 6 1840 1900 -1 -1 1491 0.0282021
Chain
	Aln	156	+dc400689-a2ae-46ed-a9da-ac0daf6c02a0 2133 3401 7527 +edge_79_0_+disjointig_5_1900_3174 0 1267 1274 -1 -1 803 0.0445143
	Aln	156	+dc400689-a2ae-46ed-a9da-ac0daf6c02a0 3432 3956 7527 +edge_79_1_+disjointig_5_3174_3773 24 549 599 -1 -1 338 0.0601573
	Aln	156	+dc400689-a2ae-46ed-a9da-ac0daf6c02a0 4035 5275 7527 +edge_79_0_+disjointig_5_1900_3174 28 1267 1274 -1 -1 719 0.0527211
	Aln	156	+dc400689-a2ae-46ed-a9da-ac0daf6c02a0 5347 5521 7527 +edge_79_6_+disjointig_5_8256_8869 421 592 613 -1 -1 75 0.0952385
	Aln	156	+dc400689-a2ae-46ed-a9da-ac0daf6c02a0 5476 6093 7527 +edge_79_4_+disjointig_5_6584_7223 13 628 639 -1 -1 376 0.0583155
	Aln	156	+dc400689-a2ae-46ed-a9da-ac0daf6c02a0 6047 6508 7527 +edge_79_1_+disjointig_5_3174_3773 88 549 599 -1 -1 348 0.0370416
	Aln	156	+dc400689-a2ae-46ed-a9da-ac0daf6c02a0 6587 7517 7527 +edge_79_0_+disjointig_5_1900_3174 28 951 1274 -1 -1 563 0.050899
Chain
	Aln	157	-dc400689-a2ae-46ed-a9da-ac0daf6c02a0 9 939 7527 -edge_79_0_+disjointig_5_1900_3174 322 1245 1274 -1 -1 563 0.050899
	Aln	157	-dc400689-a2ae-46ed-a9da-ac0daf6c02a0 1018 1479 7527 -edge_79_1_+disjointig_5_3174_3773 49 510 599 -1 -1 348 0.0370416
	Aln	157	-dc400689-a2ae-46ed-a9da-ac0daf6c02a0 1433 2050 7527 -edge_79_4_+disjointig_5_6584_7223 10 625 639 -1 -1 376 0.0583155
	Aln	157	-dc400689-a2ae-46ed-a9da-ac0daf6c02a0 2005 2179 7527 -edge_79_6_+disjointig_5_8256_8869 20 191 613 -1 -1 75 0.0952385
	Aln	157	-dc400689-a2ae-46ed-a9da-ac0daf6c02a0 2251 3491 7527 -edge_79_0_+disjointig_5_1900_3174 6 1245 1274 -1 -1 719 0.0527211
	Aln	157	-dc400689-a2ae-46ed-a9da-ac0daf6c02a0 3570 4094 7527 -edge_79_1_+disjointig_5_3174_3773 49 574 599 -1 -1 338 0.0601573
	Aln	157	-dc400689-a2ae-46ed-a9da-ac0daf6c02a0 4125 5393 7527 -edge_79_0_+disjointig_5_1900_3174 6 1273 1274 -1 -1 803 0.0445143
Chain
	Aln	155	-dc400689-a2ae-46ed-a9da-ac0daf6c02a0 5452 7287 7527 -edge_78_0_+disjointig_5_0_1900 59 1893 1900 -1 -1 1491 0.0282021
Chain
	Aln	157	+e8e8880c-2729-48cb-bafe-6fefe766a647 73 188 11865 -edge_79_9_+disjointig_5_11642_12366 608 723 724 -1 -1 63 0.0631787
	Aln	157	+e8e8880c-2729-48cb-bafe-6fefe766a647 146 1066 11865 -edge_79_0_+disjointig_5_1900_3174 325 1245 1274 -1 -1 578 0.049932
	Aln	157	+e8e8880c-2729-48cb-bafe-6fefe766a647 1154 1694 11865 -edge_79_1_+disjointig_5_3174_3773 58 598 599 -1 -1 412 0.0399163
	Aln	157	+e8e8880c-2729-48cb-bafe-6fefe766a647 1701 2943 11865 -edge_79_0_+disjointig_5_1900_3174 6 1245 1274 -1 -1 848 0.0384463
	Aln	157	+e8e8880c-2729-48cb-bafe-6fefe766a647 3031 3462 11865 -edge_79_1_+disjointig_5_3174_3773 58 489 599 -1 -1 323 0.0359516
	Aln	157	+e8e8880c-2729-48cb-bafe-6fefe766a647 3437 4056 11865 -edge_79_4_+disjointig_5_6584_7223 10 625 639 -1 -1 355 0.0588961
	Aln	157	+e8e8880c-2729-48cb-bafe-6fefe766a647 4034 4186 11865 -edge_79_6_+disjointig_5_8256_8869 43 191 613 -1 -1 82 0.0780187
	Aln	157	+e8e8880c-2729-48cb-bafe-6fefe766a647 4258 5500 11865 -edge_79_0_+disjointig_5_1900_3174 6 1245 1274 -1 -1 848 0.0384463
	Aln	157	+e8e8880c-2729-48cb-bafe-6fefe766a647 5588 6129 11865 -edge_79_1_+disjointig_5_3174_3773 58 598 599 -1 -1 402 0.038814
	Aln	157	+e8e8880c-2729-48cb-bafe-6fefe766a647 6136 7378 11865 -edge_79_0_+disjointig_5_1900_3174 6 1245 1274 -1 -1 831 0.0389645
	Aln	157	+e8e8880c-2729-48cb-bafe-6fefe766a647 7430 8006 11865 -edge_79_1_+disjointig_5_3174_3773 22 598 599 -1 -1 418 0.042562
	Aln	157	+e8e8880c-2729-48cb-bafe-6fefe766a647 8013 9240 11865 -edge_79_0_+disjointig_5_1900_3174 6 1230 1274 -1 -1 836 0.0373075
	Aln	157	+e8e8880c-2729-48cb-bafe-6fefe766a647 9343 9795 11865 -edge_79_1_+disjointig_5_3174_3773 58 510 599 -1 -1 356 0.0357285
Chain
	Aln	155	+e8e8880c-2729-48cb-bafe-6fefe766a647 9972 11863 11865 -edge_78_0_+disjointig_5_0_1900 8 1898 1900 -1 -1 1537 0.026905
Chain
	Aln	154	-e8e8880c-2729-48cb-bafe-6fefe766a647 1 1892 11865 +edge_78_0_+disjointig_5_0_1900 1 1891 1900 -1 -1 1537 0.026905
Chain
	Aln	156	-e8e8880c-2729-48cb-bafe-6fefe766a647 2069 2521 11865 +edge_79_1_+disjointig_5_3174_3773 88 540 599 -1 -1 356 0.0357285
	Aln	156	-e8e8880c-2729-48cb-bafe-6fefe766a647 2624 3851 11865 +edge_79_0_+disjointig_5_1900_3174 43 1267 1274 -1 -1 836 0.0373075
	Aln	156	-e8e8880c-2729-48cb-bafe-6fefe766a647 3858 4434 11865 +edge_79_1_+disjointig_5_3174_3773 0 576 599 -1 -1 418 0.042562
	Aln	156	-e8e8880c-2729-48cb-bafe-6fefe766a647 4486 5728 11865 +edge_79_0_+disjointig_5_1900_3174 28 1267 1274 -1 -1 831 0.0389645
	Aln	156	-e8e8880c-2729-48cb-bafe-6fefe766a647 5735 6276 11865 +edge_79_1_+disjointig_5_3174_3773 0 540 599 -1 -1 402 0.038814
	Aln	156	-e8e8880c-2729-48cb-bafe-6fefe766a647 6364 7606 11865 +edge_79_0_+disjointig_5_1900_3174 28 1267 1274 -1 -1 848 0.0384463
	Aln	156	-e8e8880c-2729-48cb-bafe-6fefe766a647 7678 7830 11865 +edge_79_6_+disjointig_5_8256_8869 421 569 613 -1 -1 82 0.0780187
	Aln	156	-e8e8880c-2729-48cb-bafe-6fefe766a647 7808 8427 11865 +edge_79_4_+disjointig_5_6584_7223 13 628 639 -1 -1 355 0.0588961
	Aln	156	-e8e8880c-2729-48cb-bafe-6fefe766a647 8402 8833 11865 +edge_79_1_+disjointig_5_3174_3773 109 540 599 -1 -1 323 0.0359516
	Aln	156	-e8e8880c-2729-48cb-bafe-6fefe766a647 8921 10163 11865 +edge_79_0_+disjointig_5_1900_3174 28 1267 1274 -1 -1 848 0.0384463
	Aln	156	-e8e8880c-2729-48cb-bafe-6fefe766a647 10170 10710 11865 +edge_79_1_+disjointig_5_3174_3773 0 540 599 -1 -1 412 0.0399163
	Aln	156	-e8e8880c-2729-48cb-bafe-6fefe766a647 10798 11718 11865 +edge_79_0_+disjointig_5_1900_3174 28 948 1274 -1 -1 578 0.049932
	Aln	156	-e8e8880c-2729-48cb-bafe-6fefe766a647 11676 11791 11865 +edge_79_9_+disjointig_5_11642_12366 0 115 724 -1 -1 63 0.0631787
Chain
	Aln	295	+49ac8ec0-1350-4a52-a48b-df6487c7eb92 108 4443 13755 -edge_148_0_+disjointig_19_5222_9979 417 4755 4757 -1 -1 2101 0.0731184
	Aln	295	+49ac8ec0-1350-4a52-a48b-df6487c7eb92 4582 9201 13755 -edge_148_0_+disjointig_19_5222_9979 138 4756 4757 -1 -1 2069 0.0773404
Chain
	Aln	69	+49ac8ec0-1350-4a52-a48b-df6487c7eb92 9210 13745 13755 -edge_35_0_+disjointig_19_0_5222 8 4532 5222 -1 -1 3205 0.0353545
Chain
	Aln	68	-49ac8ec0-1350-4a52-a48b-df6487c7eb92 9 4544 13755 +edge_35_0_+disjointig_19_0_5222 689 5213 5222 -1 -1 3205 0.0353545
Chain
	Aln	294	-49ac8ec0-1350-4a52-a48b-df6487c7eb92 4553 9172 13755 +edge_148_0_+disjointig_19_5222_9979 0 4618 4757 -1 -1 2069 0.0773404
	Aln	294	-49ac8ec0-1350-4a52-a48b-df6487c7eb92 9311 13646 13755 +edge_148_0_+disjointig_19_5222_9979 1 4339 4757 -1 -1 2101 0.0731184
Chain
	Aln	68	+9947656e-c772-48bc-a1aa-9bea65e509b1 0 4884 13758 +edge_35_0_+disjointig_19_0_5222 320 5192 5222 -1 -1 3612 0.0320104
Chain
	Aln	294	+9947656e-c772-48bc-a1aa-9bea65e509b1 4915 9533 13758 +edge_148_0_+disjointig_19_5222_9979 1 4618 4757 -1 -1 2115 0.0760116
	Aln	294	+9947656e-c772-48bc-a1aa-9bea65e509b1 9671 13754 13758 +edge_148_0_+disjointig_19_5222_9979 0 4083 4757 -1 -1 2028 0.0687687
Chain
	Aln	295	-9947656e-c772-48bc-a1aa-9bea65e509b1 3 4086 13758 -edge_148_0_+disjointig_19_5222_9979 673 4756 4757 -1 -1 2028 0.0687687
	Aln	295	-9947656e-c772-48bc-a1aa-9bea65e509b1 4224 8842 13758 -edge_148_0_+disjointig_19_5222_9979 138 4755 4757 -1 -1 2115 0.0760116
Chain
	Aln	69	-9947656e-c772-48bc-a1aa-9bea65e509b1 8873 13757 13758 -edge_35_0_+disjointig_19_0_5222 29 4901 5222 -1 -1 3612 0.0320104
Chain
	Aln	137	+e7a79eb6-21b5-4656-98b6-c239c66d7ef7 341 7334 9117 -edge_69_0_-disjointig_41_9663_16671 46 7007 7008 -1 -1 5795 0.0189216
Chain
	Aln	134	+e7a79eb6-21b5-4656-98b6-c239c66d7ef7 7374 7941 9117 +edge_68_22_+disjointig_41_7008_7627 40 607 619 -1 -1 187 0.094961
	Aln	134	+e7a79eb6-21b5-4656-98b6-c239c66d7ef7 8003 8478 9117 +edge_68_23_+disjointig_41_7627_8247 50 526 620 -1 -1 200 0.0788795
	Aln	134	+e7a79eb6-21b5-4656-98b6-c239c66d7ef7 8733 8926 9117 +edge_68_24_+disjointig_41_8247_8828 161 355 581 -1 -1 33 0.167327
Chain
	Aln	135	-e7a79eb6-21b5-4656-98b6-c239c66d7ef7 190 383 9117 -edge_68_24_+disjointig_41_8247_8828 225 419 581 -1 -1 33 0.167327
	Aln	135	-e7a79eb6-21b5-4656-98b6-c239c66d7ef7 638 1113 9117 -edge_68_23_+disjointig_41_7627_8247 93 569 620 -1 -1 200 0.0788795
	Aln	135	-e7a79eb6-21b5-4656-98b6-c239c66d7ef7 1175 1742 9117 -edge_68_22_+disjointig_41_7008_7627 11 578 619 -1 -1 187 0.094961
Chain
	Aln	136	-e7a79eb6-21b5-4656-98b6-c239c66d7ef7 1782 8775 9117 +edge_69_0_-disjointig_41_9663_16671 0 6961 7008 -1 -1 5795 0.0189216
Chain
	Aln	301	+1d20947a-f14e-471f-b8ea-3ec106ebc481 8 1107 1625 -edge_151_0_+disjointig_77_164_5116 3852 4951 4952 -1 -1 833 0.0282166
Chain
	Aln	240	+1d20947a-f14e-471f-b8ea-3ec106ebc481 1112 1618 1625 +edge_121_3_-disjointig_77_1561_2709 5 510 1148 -1 -1 447 0.0242971
Chain
	Aln	241	-1d20947a-f14e-471f-b8ea-3ec106ebc481 6 512 1625 -edge_121_3_-disjointig_77_1561_2709 637 1142 1148 -1 -1 447 0.0242971
Chain
	Aln	300	-1d20947a-f14e-471f-b8ea-3ec106ebc481 517 1616 1625 +edge_151_0_+disjointig_77_164_5116 0 1099 4952 -1 -1 833 0.0282166
Chain
	Aln	241	+3ccae6c2-9ce3-478f-a871-0410a3f61ac8 11 537 1623 -edge_121_3_-disjointig_77_1561_2709 621 1147 1148 -1 -1 490 0.0123103
Chain
	Aln	300	+3ccae6c2-9ce3-478f-a871-0410a3f61ac8 538 1611 1623 +edge_151_0_+disjointig_77_164_5116 1 1077 4952 -1 -1 862 0.0231775
Chain
	Aln	301	-3ccae6c2-9ce3-478f-a871-0410a3f61ac8 11 1084 1623 -edge_151_0_+disjointig_77_164_5116 3874 4950 4952 -1 -1 862 0.0231775
Chain
	Aln	240	-3ccae6c2-9ce3-478f-a871-0410a3f61ac8 1085 1611 1623 +edge_121_3_-disjointig_77_1561_2709 0 526 1148 -1 -1 490 0.0123103
Chain
	Aln	295	+c3e20fab-63a2-4b0d-86c1-1d25532d2546 126 4884 5535 -edge_148_0_+disjointig_19_5222_9979 2 4752 4757 -1 -1 2207 0.0694503
Chain
	Aln	69	+c3e20fab-63a2-4b0d-86c1-1d25532d2546 4897 5530 5535 -edge_35_0_+disjointig_19_0_5222 8 643 5222 -1 -1 332 0.0641797
Chain
	Aln	68	-c3e20fab-63a2-4b0d-86c1-1d25532d2546 4 637 5535 +edge_35_0_+disjointig_19_0_5222 4578 5213 5222 -1 -1 332 0.0641797
Chain
	Aln	294	-c3e20fab-63a2-4b0d-86c1-1d25532d2546 650 5408 5535 +edge_148_0_+disjointig_19_5222_9979 4 4754 4757 -1 -1 2207 0.0694503
Chain
	Aln	180	+f6a16c22-3e7d-4dc9-b8ce-56ca170faabf 5 517 11637 +edge_91_0_+disjointig_6_0_1111 587 1109 1111 -1 -1 380 0.032969
Chain
	Aln	186	+f6a16c22-3e7d-4dc9-b8ce-56ca170faabf 519 1184 11637 +edge_94_1_+disjointig_6_9991_10674 0 668 683 -1 -1 472 0.0262101
Chain
	Aln	180	+f6a16c22-3e7d-4dc9-b8ce-56ca170faabf 1198 2289 11637 +edge_91_0_+disjointig_6_0_1111 17 1109 1111 -1 -1 821 0.0268685
	Aln	182	+f6a16c22-3e7d-4dc9-b8ce-56ca170faabf 2291 2972 11637 +edge_92_1_+disjointig_6_6439_7122 0 681 683 -1 -1 660 0
	Aln	180	+f6a16c22-3e7d-4dc9-b8ce-56ca170faabf 2956 4042 11637 +edge_91_0_+disjointig_6_0_1111 0 1109 1111 -1 -1 823 0.0317348
	Aln	182	+f6a16c22-3e7d-4dc9-b8ce-56ca170faabf 4044 4723 11637 +edge_92_0_+disjointig_6_1111_1794 0 681 683 -1 -1 607 0.0085069
	Aln	180	+f6a16c22-3e7d-4dc9-b8ce-56ca170faabf 4707 5816 11637 +edge_91_0_+disjointig_6_0_1111 0 1109 1111 -1 -1 932 0.0193292
	Aln	182	+f6a16c22-3e7d-4dc9-b8ce-56ca170faabf 5818 6499 11637 +edge_92_1_+disjointig_6_6439_7122 0 681 683 -1 -1 629 0.00255988
	Aln	180	+f6a16c22-3e7d-4dc9-b8ce-56ca170faabf 6483 7591 11637 +edge_91_0_+disjointig_6_0_1111 0 1109 1111 -1 -1 939 0.0180463
	Aln	182	+f6a16c22-3e7d-4dc9-b8ce-56ca170faabf 8072 8732 11637 +edge_92_1_+disjointig_6_6439_7122 21 681 683 -1 -1 629 0.00122393
	Aln	180	+f6a16c22-3e7d-4dc9-b8ce-56ca170faabf 8716 9835 11637 +edge_91_0_+disjointig_6_0_1111 0 1109 1111 -1 -1 954 0.0174238
	Aln	182	+f6a16c22-3e7d-4dc9-b8ce-56ca170faabf 9868 10508 11637 +edge_92_1_+disjointig_6_6439_7122 31 671 683 -1 -1 609 0.00365241
	Aln	180	+f6a16c22-3e7d-4dc9-b8ce-56ca170faabf 10519 11602 11637 +edge_91_0_+disjointig_6_0_1111 17 1100 1111 -1 -1 917 0.0151006
Chain
	Aln	181	-f6a16c22-3e7d-4dc9-b8ce-56ca170faabf 34 1117 11637 -edge_91_0_+disjointig_6_0_1111 10 1093 1111 -1 -1 917 0.0151006
	Aln	183	-f6a16c22-3e7d-4dc9-b8ce-56ca170faabf 1128 1768 11637 -edge_92_1_+disjointig_6_6439_7122 11 651 683 -1 -1 609 0.00365241
	Aln	181	-f6a16c22-3e7d-4dc9-b8ce-56ca170faabf 1801 2920 11637 -edge_91_0_+disjointig_6_0_1111 1 1110 1111 -1 -1 954 0.0174238
	Aln	183	-f6a16c22-3e7d-4dc9-b8ce-56ca170faabf 2904 3564 11637 -edge_92_1_+disjointig_6_6439_7122 1 661 683 -1 -1 629 0.00122393
	Aln	181	-f6a16c22-3e7d-4dc9-b8ce-56ca170faabf 4045 5153 11637 -edge_91_0_+disjointig_6_0_1111 1 1110 1111 -1 -1 939 0.0180463
	Aln	183	-f6a16c22-3e7d-4dc9-b8ce-56ca170faabf 5137 5818 11637 -edge_92_1_+disjointig_6_6439_7122 1 682 683 -1 -1 629 0.00255988
	Aln	181	-f6a16c22-3e7d-4dc9-b8ce-56ca170faabf 5820 6929 11637 -edge_91_0_+disjointig_6_0_1111 1 1110 1111 -1 -1 932 0.0193292
	Aln	183	-f6a16c22-3e7d-4dc9-b8ce-56ca170faabf 6913 7592 11637 -edge_92_0_+disjointig_6_1111_1794 1 682 683 -1 -1 607 0.0085069
	Aln	181	-f6a16c22-3e7d-4dc9-b8ce-56ca170faabf 7594 8680 11637 -edge_91_0_+disjointig_6_0_1111 1 1110 1111 -1 -1 823 0.0317348
	Aln	183	-f6a16c22-3e7d-4dc9-b8ce-56ca170faabf 8664 9345 11637 -edge_92_1_+disjointig_6_6439_7122 1 682 683 -1 -1 660 0
	Aln	181	-f6a16c22-3e7d-4dc9-b8ce-56ca170faabf 9347 10438 11637 -edge_91_0_+disjointig_6_0_1111 1 1093 1111 -1 -1 821 0.0268685
Chain
	Aln	187	-f6a16c22-3e7d-4dc9-b8ce-56ca170faabf 10452 11117 11637 -edge_94_1_+disjointig_6_9991_10674 14 682 683 -1 -1 472 0.0262101
Chain
	Aln	181	-f6a16c22-3e7d-4dc9-b8ce-56ca170faabf 11119 11631 11637 -edge_91_0_+disjointig_6_0_1111 1 523 1111 -1 -1 380 0.032969
Chain
	Aln	184	+cdc5a374-f969-4ab3-8000-456c73d7d504 194 864 5603 +edge_93_0_+disjointig_6_2887_3570 11 681 683 -1 -1 670 0
Chain
	Aln	180	+cdc5a374-f969-4ab3-8000-456c73d7d504 866 1957 5603 +edge_91_4_+disjointig_6_7122_8215 0 1091 1093 -1 -1 1012 0.00907085
Chain
	Aln	184	+cdc5a374-f969-4ab3-8000-456c73d7d504 1959 2640 5603 +edge_93_0_+disjointig_6_2887_3570 0 681 683 -1 -1 647 0.00255988
Chain
	Aln	180	+cdc5a374-f969-4ab3-8000-456c73d7d504 2642 3733 5603 +edge_91_5_+disjointig_6_8898_9991 0 1091 1093 -1 -1 1042 0.00507335
	Aln	182	+cdc5a374-f969-4ab3-8000-456c73d7d504 3735 4416 5603 +edge_92_0_+disjointig_6_1111_1794 0 681 683 -1 -1 656 0
	Aln	180	+cdc5a374-f969-4ab3-8000-456c73d7d504 4418 5509 5603 +edge_91_4_+disjointig_6_7122_8215 0 1091 1093 -1 -1 1079 0.000565668
Chain
	Aln	181	-cdc5a374-f969-4ab3-8000-456c73d7d504 93 1184 5603 -edge_91_4_+disjointig_6_7122_8215 1 1092 1093 -1 -1 1079 0.000565668
	Aln	183	-cdc5a374-f969-4ab3-8000-456c73d7d504 1186 1867 5603 -edge_92_0_+disjointig_6_1111_1794 1 682 683 -1 -1 656 0
	Aln	181	-cdc5a374-f969-4ab3-8000-456c73d7d504 1869 2960 5603 -edge_91_5_+disjointig_6_8898_9991 1 1092 1093 -1 -1 1042 0.00507335
Chain
	Aln	185	-cdc5a374-f969-4ab3-8000-456c73d7d504 2962 3643 5603 -edge_93_0_+disjointig_6_2887_3570 1 682 683 -1 -1 647 0.00255988
Chain
	Aln	181	-cdc5a374-f969-4ab3-8000-456c73d7d504 3645 4736 5603 -edge_91_4_+disjointig_6_7122_8215 1 1092 1093 -1 -1 1012 0.00907085
Chain
	Aln	185	-cdc5a374-f969-4ab3-8000-456c73d7d504 4738 5408 5603 -edge_93_0_+disjointig_6_2887_3570 1 671 683 -1 -1 670 0
Chain
	Aln	181	+58313466-2f79-497f-a121-abcec6bf5b6a 16 911 2246 -edge_91_1_+disjointig_6_1794_2887 226 1092 1093 -1 -1 584 0.0322243
Chain
	Aln	185	+58313466-2f79-497f-a121-abcec6bf5b6a 913 1588 2246 -edge_93_0_+disjointig_6_2887_3570 1 682 683 -1 -1 617 0.00205495
Chain
	Aln	181	+58313466-2f79-497f-a121-abcec6bf5b6a 1590 2244 2246 -edge_91_1_+disjointig_6_1794_2887 1 666 1093 -1 -1 582 0.0109896
Chain
	Aln	180	-58313466-2f79-497f-a121-abcec6bf5b6a 1 655 2246 +edge_91_1_+disjointig_6_1794_2887 426 1091 1093 -1 -1 582 0.0109896
Chain
	Aln	184	-58313466-2f79-497f-a121-abcec6bf5b6a 657 1332 2246 +edge_93_0_+disjointig_6_2887_3570 0 681 683 -1 -1 617 0.00205495
Chain
	Aln	180	-58313466-2f79-497f-a121-abcec6bf5b6a 1334 2229 2246 +edge_91_1_+disjointig_6_1794_2887 0 866 1093 -1 -1 584 0.0322243
Chain
	Aln	187	+8563bdb4-821b-4285-89ef-5b0c4af5427e 10 397 7411 -edge_94_0_+disjointig_6_4663_5346 284 671 683 -1 -1 363 0.00901854
Chain
	Aln	181	+8563bdb4-821b-4285-89ef-5b0c4af5427e 878 1980 7411 -edge_91_0_+disjointig_6_0_1111 1 1103 1111 -1 -1 899 0.0250618
	Aln	183	+8563bdb4-821b-4285-89ef-5b0c4af5427e 1991 2631 7411 -edge_92_1_+disjointig_6_6439_7122 21 661 683 -1 -1 587 0.00256306
	Aln	181	+8563bdb4-821b-4285-89ef-5b0c4af5427e 2654 3756 7411 -edge_91_0_+disjointig_6_0_1111 1 1103 1111 -1 -1 936 0.0214421
	Aln	183	+8563bdb4-821b-4285-89ef-5b0c4af5427e 3767 4407 7411 -edge_92_1_+disjointig_6_6439_7122 21 661 683 -1 -1 566 0.0106496
	Aln	181	+8563bdb4-821b-4285-89ef-5b0c4af5427e 4430 5633 7411 -edge_91_0_+disjointig_6_0_1111 1 1110 1111 -1 -1 871 0.0236616
	Aln	183	+8563bdb4-821b-4285-89ef-5b0c4af5427e 5617 6298 7411 -edge_92_1_+disjointig_6_6439_7122 1 682 683 -1 -1 588 0.0101256
	Aln	181	+8563bdb4-821b-4285-89ef-5b0c4af5427e 6317 7403 7411 -edge_91_0_+disjointig_6_0_1111 18 1103 1111 -1 -1 971 0.0114426
Chain
	Aln	180	-8563bdb4-821b-4285-89ef-5b0c4af5427e 7 1093 7411 +edge_91_0_+disjointig_6_0_1111 7 1092 1111 -1 -1 971 0.0114426
	Aln	182	-8563bdb4-821b-4285-89ef-5b0c4af5427e 1112 1793 7411 +edge_92_1_+disjointig_6_6439_7122 0 681 683 -1 -1 588 0.0101256
	Aln	180	-8563bdb4-821b-4285-89ef-5b0c4af5427e 1777 2980 7411 +edge_91_0_+disjointig_6_0_1111 0 1109 1111 -1 -1 871 0.0236616
	Aln	182	-8563bdb4-821b-4285-89ef-5b0c4af5427e 3003 3643 7411 +edge_92_1_+disjointig_6_6439_7122 21 661 683 -1 -1 566 0.0106496
	Aln	180	-8563bdb4-821b-4285-89ef-5b0c4af5427e 3654 4756 7411 +edge_91_0_+disjointig_6_0_1111 7 1109 1111 -1 -1 936 0.0214421
	Aln	182	-8563bdb4-821b-4285-89ef-5b0c4af5427e 4779 5419 7411 +edge_92_1_+disjointig_6_6439_7122 21 661 683 -1 -1 587 0.00256306
	Aln	180	-8563bdb4-821b-4285-89ef-5b0c4af5427e 5430 6532 7411 +edge_91_0_+disjointig_6_0_1111 7 1109 1111 -1 -1 899 0.0250618
Chain
	Aln	186	-8563bdb4-821b-4285-89ef-5b0c4af5427e 7013 7400 7411 +edge_94_0_+disjointig_6_4663_5346 11 398 683 -1 -1 363 0.00901854
Chain
	Aln	184	+74f35a8a-3674-49aa-8ac2-16cc9e489234 419 1100 2279 +edge_93_0_+disjointig_6_2887_3570 0 681 683 -1 -1 627 0.00684979
Chain
	Aln	180	+74f35a8a-3674-49aa-8ac2-16cc9e489234 1102 2176 2279 +edge_91_4_+disjointig_6_7122_8215 0 1074 1093 -1 -1 987 0.0122866
Chain
	Aln	181	-74f35a8a-3674-49aa-8ac2-16cc9e489234 102 1176 2279 -edge_91_4_+disjointig_6_7122_8215 18 1092 1093 -1 -1 987 0.0122866
Chain
	Aln	185	-74f35a8a-3674-49aa-8ac2-16cc9e489234 1178 1859 2279 -edge_93_0_+disjointig_6_2887_3570 1 682 683 -1 -1 627 0.00684979
Chain
	Aln	187	+7bbbbebd-d1bf-42f9-bc5c-cf7e16254997 10 219 1736 -edge_94_0_+disjointig_6_4663_5346 472 682 683 -1 -1 209 0.0053523
Chain
	Aln	181	+7bbbbebd-d1bf-42f9-bc5c-cf7e16254997 221 1312 1736 -edge_91_5_+disjointig_6_8898_9991 1 1092 1093 -1 -1 1054 0.00430796
Chain
	Aln	187	+7bbbbebd-d1bf-42f9-bc5c-cf7e16254997 1314 1729 1736 -edge_94_1_+disjointig_6_9991_10674 1 416 683 -1 -1 399 0.000754967
Chain
	Aln	186	-7bbbbebd-d1bf-42f9-bc5c-cf7e16254997 6 421 1736 +edge_94_1_+disjointig_6_9991_10674 266 681 683 -1 -1 399 0.000754967
Chain
	Aln	180	-7bbbbebd-d1bf-42f9-bc5c-cf7e16254997 423 1514 1736 +edge_91_5_+disjointig_6_8898_9991 0 1091 1093 -1 -1 1054 0.00430796
Chain
	Aln	186	-7bbbbebd-d1bf-42f9-bc5c-cf7e16254997 1516 1725 1736 +edge_94_0_+disjointig_6_4663_5346 0 210 683 -1 -1 209 0.0053523
Chain
	Aln	180	+14f9cd5f-6def-4712-91aa-ba03723c41eb 8 985 3417 +edge_91_2_+disjointig_6_3570_4663 114 1091 1093 -1 -1 901 0.00936555
Chain
	Aln	184	+14f9cd5f-6def-4712-91aa-ba03723c41eb 987 1668 3417 +edge_93_0_+disjointig_6_2887_3570 0 681 683 -1 -1 617 0.00731055
Chain
	Aln	180	+14f9cd5f-6def-4712-91aa-ba03723c41eb 1683 2761 3417 +edge_91_1_+disjointig_6_1794_2887 13 1091 1093 -1 -1 958 0.0116968
Chain
	Aln	184	+14f9cd5f-6def-4712-91aa-ba03723c41eb 2763 3375 3417 +edge_93_0_+disjointig_6_2887_3570 0 668 683 -1 -1 238 0.0624253
Chain
	Aln	185	-14f9cd5f-6def-4712-91aa-ba03723c41eb 41 653 3417 -edge_93_0_+disjointig_6_2887_3570 14 682 683 -1 -1 238 0.0624253
Chain
	Aln	181	-14f9cd5f-6def-4712-91aa-ba03723c41eb 655 1733 3417 -edge_91_1_+disjointig_6_1794_2887 1 1079 1093 -1 -1 958 0.0116968
Chain
	Aln	185	-14f9cd5f-6def-4712-91aa-ba03723c41eb 1748 2429 3417 -edge_93_0_+disjointig_6_2887_3570 1 682 683 -1 -1 617 0.00731055
Chain
	Aln	181	-14f9cd5f-6def-4712-91aa-ba03723c41eb 2431 3408 3417 -edge_91_2_+disjointig_6_3570_4663 1 978 1093 -1 -1 901 0.00936555
Chain
	Aln	181	+412eeec9-d7b6-40ac-aee1-b86501cfc38b 15 1089 5674 -edge_91_4_+disjointig_6_7122_8215 18 1092 1093 -1 -1 1060 0.00214281
	Aln	183	+412eeec9-d7b6-40ac-aee1-b86501cfc38b 1091 1772 5674 -edge_92_0_+disjointig_6_1111_1794 1 682 683 -1 -1 681 0
	Aln	181	+412eeec9-d7b6-40ac-aee1-b86501cfc38b 1774 2591 5674 -edge_91_3_+disjointig_6_5346_6439 1 875 1093 -1 -1 210 0.0813084
Chain
	Aln	185	+412eeec9-d7b6-40ac-aee1-b86501cfc38b 2631 3085 5674 -edge_93_0_+disjointig_6_2887_3570 14 443 683 -1 -1 57 0.152891
Chain
	Aln	181	+412eeec9-d7b6-40ac-aee1-b86501cfc38b 3082 4173 5674 -edge_91_4_+disjointig_6_7122_8215 1 1092 1093 -1 -1 1075 0.00143795
Chain
	Aln	187	+412eeec9-d7b6-40ac-aee1-b86501cfc38b 4185 4856 5674 -edge_94_0_+disjointig_6_4663_5346 11 682 683 -1 -1 636 0
Chain
	Aln	181	+412eeec9-d7b6-40ac-aee1-b86501cfc38b 4858 5670 5674 -edge_91_1_+disjointig_6_1794_2887 1 813 1093 -1 -1 796 0.00392793
Chain
	Aln	180	-412eeec9-d7b6-40ac-aee1-b86501cfc38b 3 815 5674 +edge_91_1_+disjointig_6_1794_2887 279 1091 1093 -1 -1 796 0.00392793
Chain
	Aln	186	-412eeec9-d7b6-40ac-aee1-b86501cfc38b 817 1488 5674 +edge_94_0_+disjointig_6_4663_5346 0 671 683 -1 -1 636 0
Chain
	Aln	180	-412eeec9-d7b6-40ac-aee1-b86501cfc38b 1500 2591 5674 +edge_91_4_+disjointig_6_7122_8215 0 1091 1093 -1 -1 1075 0.00143795
Chain
	Aln	184	-412eeec9-d7b6-40ac-aee1-b86501cfc38b 2588 3042 5674 +edge_93_0_+disjointig_6_2887_3570 239 668 683 -1 -1 57 0.152891
Chain
	Aln	180	-412eeec9-d7b6-40ac-aee1-b86501cfc38b 3082 3899 5674 +edge_91_3_+disjointig_6_5346_6439 217 1091 1093 -1 -1 210 0.0813084
	Aln	182	-412eeec9-d7b6-40ac-aee1-b86501cfc38b 3901 4582 5674 +edge_92_0_+disjointig_6_1111_1794 0 681 683 -1 -1 681 0
	Aln	180	-412eeec9-d7b6-40ac-aee1-b86501cfc38b 4584 5658 5674 +edge_91_4_+disjointig_6_7122_8215 0 1074 1093 -1 -1 1060 0.00214281
Chain
	Aln	180	+e97296ff-4115-4956-bc69-cf37e238cec7 91 1110 6551 +edge_91_1_+disjointig_6_1794_2887 7 873 1093 -1 -1 711 0.0246777
Chain
	Aln	184	+e97296ff-4115-4956-bc69-cf37e238cec7 1158 1568 6551 +edge_93_1_+disjointig_6_8215_8898 75 487 683 -1 -1 45 0.171161
Chain
	Aln	180	+e97296ff-4115-4956-bc69-cf37e238cec7 1545 2626 6551 +edge_91_4_+disjointig_6_7122_8215 0 1091 1093 -1 -1 1065 0.00243325
Chain
	Aln	184	+e97296ff-4115-4956-bc69-cf37e238cec7 2628 3289 6551 +edge_93_0_+disjointig_6_2887_3570 0 661 683 -1 -1 622 0.00392793
Chain
	Aln	185	+e97296ff-4115-4956-bc69-cf37e238cec7 3301 3969 6551 -edge_93_0_+disjointig_6_2887_3570 14 682 683 -1 -1 629 0.00401619
Chain
	Aln	181	+e97296ff-4115-4956-bc69-cf37e238cec7 3971 5055 6551 -edge_91_4_+disjointig_6_7122_8215 1 1092 1093 -1 -1 1064 0.00243325
Chain
	Aln	185	+e97296ff-4115-4956-bc69-cf37e238cec7 5057 5714 6551 -edge_93_0_+disjointig_6_2887_3570 1 682 683 -1 -1 571 0.0124789
Chain
	Aln	181	+e97296ff-4115-4956-bc69-cf37e238cec7 5686 6202 6551 -edge_91_1_+disjointig_6_1794_2887 143 646 1093 -1 -1 44 0.171161
	Aln	183	+e97296ff-4115-4956-bc69-cf37e238cec7 6308 6477 6551 -edge_92_1_+disjointig_6_6439_7122 14 186 683 -1 -1 32 0.160551
Chain
	Aln	185	-e97296ff-4115-4956-bc69-cf37e238cec7 3261 3922 6551 -edge_93_0_+disjointig_6_2887_3570 21 682 683 -1 -1 622 0.00392793
Chain
	Aln	181	-e97296ff-4115-4956-bc69-cf37e238cec7 3924 5005 6551 -edge_91_4_+disjointig_6_7122_8215 1 1092 1093 -1 -1 1065 0.00243325
Chain
	Aln	185	-e97296ff-4115-4956-bc69-cf37e238cec7 4982 5392 6551 -edge_93_1_+disjointig_6_8215_8898 195 607 683 -1 -1 45 0.171161
Chain
	Aln	181	-e97296ff-4115-4956-bc69-cf37e238cec7 5440 6459 6551 -edge_91_1_+disjointig_6_1794_2887 219 1085 1093 -1 -1 711 0.0246777
Chain
	Aln	182	-e97296ff-4115-4956-bc69-cf37e238cec7 73 242 6551 +edge_92_1_+disjointig_6_6439_7122 496 668 683 -1 -1 32 0.160551
	Aln	180	-e97296ff-4115-4956-bc69-cf37e238cec7 348 864 6551 +edge_91_1_+disjointig_6_1794_2887 446 949 1093 -1 -1 44 0.171161
Chain
	Aln	184	-e97296ff-4115-4956-bc69-cf37e238cec7 836 1493 6551 +edge_93_0_+disjointig_6_2887_3570 0 681 683 -1 -1 571 0.0124789
Chain
	Aln	180	-e97296ff-4115-4956-bc69-cf37e238cec7 1495 2579 6551 +edge_91_4_+disjointig_6_7122_8215 0 1091 1093 -1 -1 1064 0.00243325
Chain
	Aln	184	-e97296ff-4115-4956-bc69-cf37e238cec7 2581 3249 6551 +edge_93_0_+disjointig_6_2887_3570 0 668 683 -1 -1 629 0.00401619
Chain
	Aln	186	+ac8d456c-650a-47be-912e-5768af29cd06 104 767 5881 +edge_94_1_+disjointig_6_9991_10674 18 681 683 -1 -1 643 0
Chain
	Aln	180	+ac8d456c-650a-47be-912e-5768af29cd06 769 1860 5881 +edge_91_5_+disjointig_6_8898_9991 0 1091 1093 -1 -1 984 0.0105056
Chain
	Aln	184	+ac8d456c-650a-47be-912e-5768af29cd06 1862 2543 5881 +edge_93_0_+disjointig_6_2887_3570 0 681 683 -1 -1 637 0.0041012
Chain
	Aln	180	+ac8d456c-650a-47be-912e-5768af29cd06 2545 3619 5881 +edge_91_4_+disjointig_6_7122_8215 0 1074 1093 -1 -1 1036 0.00376339
	Aln	182	+ac8d456c-650a-47be-912e-5768af29cd06 3638 4319 5881 +edge_92_0_+disjointig_6_1111_1794 0 681 683 -1 -1 674 0
	Aln	180	+ac8d456c-650a-47be-912e-5768af29cd06 4321 5394 5881 +edge_91_3_+disjointig_6_5346_6439 0 1074 1093 -1 -1 1027 0.00475762
Chain
	Aln	184	+ac8d456c-650a-47be-912e-5768af29cd06 5413 5878 5881 +edge_93_0_+disjointig_6_2887_3570 0 465 683 -1 -1 454 0
Chain
	Aln	185	-ac8d456c-650a-47be-912e-5768af29cd06 2 467 5881 -edge_93_0_+disjointig_6_2887_3570 217 682 683 -1 -1 454 0
Chain
	Aln	181	-ac8d456c-650a-47be-912e-5768af29cd06 486 1559 5881 -edge_91_3_+disjointig_6_5346_6439 18 1092 1093 -1 -1 1027 0.00475762
	Aln	183	-ac8d456c-650a-47be-912e-5768af29cd06 1561 2242 5881 -edge_92_0_+disjointig_6_1111_1794 1 682 683 -1 -1 674 0
	Aln	181	-ac8d456c-650a-47be-912e-5768af29cd06 2261 3335 5881 -edge_91_4_+disjointig_6_7122_8215 18 1092 1093 -1 -1 1036 0.00376339
Chain
	Aln	185	-ac8d456c-650a-47be-912e-5768af29cd06 3337 4018 5881 -edge_93_0_+disjointig_6_2887_3570 1 682 683 -1 -1 637 0.0041012
Chain
	Aln	181	-ac8d456c-650a-47be-912e-5768af29cd06 4020 5111 5881 -edge_91_5_+disjointig_6_8898_9991 1 1092 1093 -1 -1 984 0.0105056
Chain
	Aln	187	-ac8d456c-650a-47be-912e-5768af29cd06 5113 5776 5881 -edge_94_1_+disjointig_6_9991_10674 1 664 683 -1 -1 643 0
Chain
	Aln	180	+59a4fea6-33da-431f-a8c4-ea67dd408bba 44 805 5552 +edge_91_1_+disjointig_6_1794_2887 329 1091 1093 -1 -1 635 0.0173252
	Aln	182	+59a4fea6-33da-431f-a8c4-ea67dd408bba 1275 1956 5552 +edge_92_1_+disjointig_6_6439_7122 0 681 683 -1 -1 633 0.00306918
	Aln	180	+59a4fea6-33da-431f-a8c4-ea67dd408bba 1971 2789 5552 +edge_91_2_+disjointig_6_3570_4663 13 807 1093 -1 -1 599 0.0255829
Chain
	Aln	186	+59a4fea6-33da-431f-a8c4-ea67dd408bba 3342 3504 5552 +edge_94_0_+disjointig_6_4663_5346 0 161 683 -1 -1 132 0.0307768
Chain
	Aln	180	+59a4fea6-33da-431f-a8c4-ea67dd408bba 3492 4561 5552 +edge_91_0_+disjointig_6_0_1111 31 1109 1111 -1 -1 869 0.0206321
	Aln	182	+59a4fea6-33da-431f-a8c4-ea67dd408bba 4563 5244 5552 +edge_92_1_+disjointig_6_6439_7122 0 681 683 -1 -1 612 0.00739699
	Aln	180	+59a4fea6-33da-431f-a8c4-ea67dd408bba 5259 5541 5552 +edge_91_6_+disjointig_6_10674_11435 13 295 761 -1 -1 225 0.0299181
Chain
	Aln	181	-59a4fea6-33da-431f-a8c4-ea67dd408bba 10 292 5552 -edge_91_6_+disjointig_6_10674_11435 465 747 761 -1 -1 225 0.0299181
	Aln	183	-59a4fea6-33da-431f-a8c4-ea67dd408bba 307 988 5552 -edge_92_1_+disjointig_6_6439_7122 1 682 683 -1 -1 612 0.00739699
	Aln	181	-59a4fea6-33da-431f-a8c4-ea67dd408bba 990 2059 5552 -edge_91_0_+disjointig_6_0_1111 1 1079 1111 -1 -1 869 0.0206321
Chain
	Aln	187	-59a4fea6-33da-431f-a8c4-ea67dd408bba 2047 2209 5552 -edge_94_0_+disjointig_6_4663_5346 521 682 683 -1 -1 132 0.0307768
Chain
	Aln	181	-59a4fea6-33da-431f-a8c4-ea67dd408bba 2762 3580 5552 -edge_91_2_+disjointig_6_3570_4663 285 1079 1093 -1 -1 599 0.0255829
	Aln	183	-59a4fea6-33da-431f-a8c4-ea67dd408bba 3595 4276 5552 -edge_92_1_+disjointig_6_6439_7122 1 682 683 -1 -1 633 0.00306918
	Aln	181	-59a4fea6-33da-431f-a8c4-ea67dd408bba 4746 5507 5552 -edge_91_1_+disjointig_6_1794_2887 1 763 1093 -1 -1 635 0.0173252
Chain
	Aln	180	+a561702c-8bf9-4b3d-9171-1bc836d417bd 6 895 16073 +edge_91_2_+disjointig_6_3570_4663 201 1091 1093 -1 -1 855 0.00392793
Chain
	Aln	184	+a561702c-8bf9-4b3d-9171-1bc836d417bd 897 1579 16073 +edge_93_0_+disjointig_6_2887_3570 0 681 683 -1 -1 681 0
Chain
	Aln	180	+a561702c-8bf9-4b3d-9171-1bc836d417bd 1581 2672 16073 +edge_91_5_+disjointig_6_8898_9991 0 1091 1093 -1 -1 1077 0.00180411
Chain
	Aln	184	+a561702c-8bf9-4b3d-9171-1bc836d417bd 2674 3355 16073 +edge_93_0_+disjointig_6_2887_3570 0 681 683 -1 -1 675 0
Chain
	Aln	180	+a561702c-8bf9-4b3d-9171-1bc836d417bd 3357 4448 16073 +edge_91_1_+disjointig_6_1794_2887 0 1091 1093 -1 -1 1073 0.00180411
Chain
	Aln	184	+a561702c-8bf9-4b3d-9171-1bc836d417bd 4450 5131 16073 +edge_93_0_+disjointig_6_2887_3570 0 681 683 -1 -1 676 0
Chain
	Aln	180	+a561702c-8bf9-4b3d-9171-1bc836d417bd 5133 6224 16073 +edge_91_4_+disjointig_6_7122_8215 0 1091 1093 -1 -1 1074 0.00333565
Chain
	Aln	184	+a561702c-8bf9-4b3d-9171-1bc836d417bd 6226 6907 16073 +edge_93_0_+disjointig_6_2887_3570 0 681 683 -1 -1 667 0
Chain
	Aln	180	+a561702c-8bf9-4b3d-9171-1bc836d417bd 6909 7997 16073 +edge_91_5_+disjointig_6_8898_9991 0 1091 1093 -1 -1 1040 0.00568399
Chain
	Aln	186	+a561702c-8bf9-4b3d-9171-1bc836d417bd 7999 8680 16073 +edge_94_1_+disjointig_6_9991_10674 0 681 683 -1 -1 681 0
Chain
	Aln	180	+a561702c-8bf9-4b3d-9171-1bc836d417bd 8682 9548 16073 +edge_91_4_+disjointig_6_7122_8215 0 873 1093 -1 -1 836 0.00564102
Chain
	Aln	184	+a561702c-8bf9-4b3d-9171-1bc836d417bd 9596 10003 16073 +edge_93_1_+disjointig_6_8215_8898 75 487 683 -1 -1 31 0.211935
Chain
	Aln	180	+a561702c-8bf9-4b3d-9171-1bc836d417bd 9980 11071 16073 +edge_91_5_+disjointig_6_8898_9991 0 1091 1093 -1 -1 1023 0.00669531
	Aln	182	+a561702c-8bf9-4b3d-9171-1bc836d417bd 11073 11754 16073 +edge_92_1_+disjointig_6_6439_7122 0 681 683 -1 -1 661 0
	Aln	180	+a561702c-8bf9-4b3d-9171-1bc836d417bd 11756 12847 16073 +edge_91_4_+disjointig_6_7122_8215 0 1091 1093 -1 -1 1058 0.0047438
Chain
	Aln	186	+a561702c-8bf9-4b3d-9171-1bc836d417bd 12851 13530 16073 +edge_94_1_+disjointig_6_9991_10674 2 681 683 -1 -1 654 0
Chain
	Aln	180	+a561702c-8bf9-4b3d-9171-1bc836d417bd 13532 14623 16073 +edge_91_5_+disjointig_6_8898_9991 0 1091 1093 -1 -1 1012 0.0073793
Chain
	Aln	186	+a561702c-8bf9-4b3d-9171-1bc836d417bd 14625 15306 16073 +edge_94_1_+disjointig_6_9991_10674 0 681 683 -1 -1 669 0
Chain
	Aln	180	+a561702c-8bf9-4b3d-9171-1bc836d417bd 15308 16069 16073 +edge_91_4_+disjointig_6_7122_8215 0 761 1093 -1 -1 754 0.00232251
Chain
	Aln	181	-a561702c-8bf9-4b3d-9171-1bc836d417bd 3 764 16073 -edge_91_4_+disjointig_6_7122_8215 331 1092 1093 -1 -1 754 0.00232251
Chain
	Aln	187	-a561702c-8bf9-4b3d-9171-1bc836d417bd 766 1447 16073 -edge_94_1_+disjointig_6_9991_10674 1 682 683 -1 -1 669 0
Chain
	Aln	181	-a561702c-8bf9-4b3d-9171-1bc836d417bd 1449 2540 16073 -edge_91_5_+disjointig_6_8898_9991 1 1092 1093 -1 -1 1012 0.0073793
Chain
	Aln	187	-a561702c-8bf9-4b3d-9171-1bc836d417bd 2542 3221 16073 -edge_94_1_+disjointig_6_9991_10674 1 680 683 -1 -1 654 0
Chain
	Aln	181	-a561702c-8bf9-4b3d-9171-1bc836d417bd 3225 4316 16073 -edge_91_4_+disjointig_6_7122_8215 1 1092 1093 -1 -1 1058 0.0047438
	Aln	183	-a561702c-8bf9-4b3d-9171-1bc836d417bd 4318 4999 16073 -edge_92_1_+disjointig_6_6439_7122 1 682 683 -1 -1 661 0
	Aln	181	-a561702c-8bf9-4b3d-9171-1bc836d417bd 5001 6092 16073 -edge_91_5_+disjointig_6_8898_9991 1 1092 1093 -1 -1 1023 0.00669531
Chain
	Aln	185	-a561702c-8bf9-4b3d-9171-1bc836d417bd 6069 6476 16073 -edge_93_1_+disjointig_6_8215_8898 195 607 683 -1 -1 31 0.211935
Chain
	Aln	181	-a561702c-8bf9-4b3d-9171-1bc836d417bd 6524 7390 16073 -edge_91_4_+disjointig_6_7122_8215 219 1092 1093 -1 -1 836 0.00564102
Chain
	Aln	187	-a561702c-8bf9-4b3d-9171-1bc836d417bd 7392 8073 16073 -edge_94_1_+disjointig_6_9991_10674 1 682 683 -1 -1 681 0
Chain
	Aln	181	-a561702c-8bf9-4b3d-9171-1bc836d417bd 8075 9163 16073 -edge_91_5_+disjointig_6_8898_9991 1 1092 1093 -1 -1 1040 0.00568399
Chain
	Aln	185	-a561702c-8bf9-4b3d-9171-1bc836d417bd 9165 9846 16073 -edge_93_0_+disjointig_6_2887_3570 1 682 683 -1 -1 667 0
Chain
	Aln	181	-a561702c-8bf9-4b3d-9171-1bc836d417bd 9848 10939 16073 -edge_91_4_+disjointig_6_7122_8215 1 1092 1093 -1 -1 1074 0.00333565
Chain
	Aln	185	-a561702c-8bf9-4b3d-9171-1bc836d417bd 10941 11622 16073 -edge_93_0_+disjointig_6_2887_3570 1 682 683 -1 -1 676 0
Chain
	Aln	181	-a561702c-8bf9-4b3d-9171-1bc836d417bd 11624 12715 16073 -edge_91_1_+disjointig_6_1794_2887 1 1092 1093 -1 -1 1073 0.00180411
Chain
	Aln	185	-a561702c-8bf9-4b3d-9171-1bc836d417bd 12717 13398 16073 -edge_93_0_+disjointig_6_2887_3570 1 682 683 -1 -1 675 0
Chain
	Aln	181	-a561702c-8bf9-4b3d-9171-1bc836d417bd 13400 14491 16073 -edge_91_5_+disjointig_6_8898_9991 1 1092 1093 -1 -1 1077 0.00180411
Chain
	Aln	185	-a561702c-8bf9-4b3d-9171-1bc836d417bd 14493 15175 16073 -edge_93_0_+disjointig_6_2887_3570 1 682 683 -1 -1 681 0
Chain
	Aln	181	-a561702c-8bf9-4b3d-9171-1bc836d417bd 15177 16066 16073 -edge_91_2_+disjointig_6_3570_4663 1 891 1093 -1 -1 855 0.00392793
Chain
	Aln	180	+3553b121-4bd0-4a13-a8f5-bf13e25b3385 12 845 5295 +edge_91_1_+disjointig_6_1794_2887 40 873 1093 -1 -1 808 0.00456849
Chain
	Aln	184	+3553b121-4bd0-4a13-a8f5-bf13e25b3385 893 1303 5295 +edge_93_1_+disjointig_6_8215_8898 75 487 683 -1 -1 32 0.211935
Chain
	Aln	180	+3553b121-4bd0-4a13-a8f5-bf13e25b3385 1280 2370 5295 +edge_91_4_+disjointig_6_7122_8215 0 1091 1093 -1 -1 1068 0.00306918
	Aln	182	+3553b121-4bd0-4a13-a8f5-bf13e25b3385 2372 3048 5295 +edge_92_1_+disjointig_6_6439_7122 0 681 683 -1 -1 643 0
	Aln	180	+3553b121-4bd0-4a13-a8f5-bf13e25b3385 3050 4141 5295 +edge_91_4_+disjointig_6_7122_8215 0 1091 1093 -1 -1 1065 0.00206375
	Aln	182	+3553b121-4bd0-4a13-a8f5-bf13e25b3385 4143 4804 5295 +edge_92_0_+disjointig_6_1111_1794 0 661 683 -1 -1 648 0
	Aln	180	+3553b121-4bd0-4a13-a8f5-bf13e25b3385 4826 5288 5295 +edge_91_6_+disjointig_6_10674_11435 0 462 761 -1 -1 443 0.00857256
Chain
	Aln	181	-3553b121-4bd0-4a13-a8f5-bf13e25b3385 6 468 5295 -edge_91_6_+disjointig_6_10674_11435 298 760 761 -1 -1 443 0.00857256
	Aln	183	-3553b121-4bd0-4a13-a8f5-bf13e25b3385 490 1151 5295 -edge_92_0_+disjointig_6_1111_1794 21 682 683 -1 -1 648 0
	Aln	181	-3553b121-4bd0-4a13-a8f5-bf13e25b3385 1153 2244 5295 -edge_91_4_+disjointig_6_7122_8215 1 1092 1093 -1 -1 1065 0.00206375
	Aln	183	-3553b121-4bd0-4a13-a8f5-bf13e25b3385 2246 2922 5295 -edge_92_1_+disjointig_6_6439_7122 1 682 683 -1 -1 643 0
	Aln	181	-3553b121-4bd0-4a13-a8f5-bf13e25b3385 2924 4014 5295 -edge_91_4_+disjointig_6_7122_8215 1 1092 1093 -1 -1 1068 0.00306918
Chain
	Aln	185	-3553b121-4bd0-4a13-a8f5-bf13e25b3385 3991 4401 5295 -edge_93_1_+disjointig_6_8215_8898 195 607 683 -1 -1 32 0.211935
Chain
	Aln	181	-3553b121-4bd0-4a13-a8f5-bf13e25b3385 4449 5282 5295 -edge_91_1_+disjointig_6_1794_2887 219 1052 1093 -1 -1 808 0.00456849
Chain
	Aln	184	+4a964dd7-f0c0-44bc-9db2-70c7ec33c07e 178 859 6076 +edge_93_0_+disjointig_6_2887_3570 0 681 683 -1 -1 659 7.75051e-05
Chain
	Aln	180	+4a964dd7-f0c0-44bc-9db2-70c7ec33c07e 861 1952 6076 +edge_91_4_+disjointig_6_7122_8215 0 1091 1093 -1 -1 1004 0.00807136
Chain
	Aln	184	+4a964dd7-f0c0-44bc-9db2-70c7ec33c07e 2438 3118 6076 +edge_93_0_+disjointig_6_2887_3570 0 681 683 -1 -1 611 0.0112905
Chain
	Aln	180	+4a964dd7-f0c0-44bc-9db2-70c7ec33c07e 3120 4211 6076 +edge_91_4_+disjointig_6_7122_8215 0 1091 1093 -1 -1 1003 0.00777836
Chain
	Aln	184	+4a964dd7-f0c0-44bc-9db2-70c7ec33c07e 4213 4894 6076 +edge_93_1_+disjointig_6_8215_8898 0 681 683 -1 -1 597 0.00955171
Chain
	Aln	180	+4a964dd7-f0c0-44bc-9db2-70c7ec33c07e 4896 5984 6076 +edge_91_4_+disjointig_6_7122_8215 0 1091 1093 -1 -1 1002 0.0127797
Chain
	Aln	181	-4a964dd7-f0c0-44bc-9db2-70c7ec33c07e 91 1179 6076 -edge_91_4_+disjointig_6_7122_8215 1 1092 1093 -1 -1 1002 0.0127797
Chain
	Aln	185	-4a964dd7-f0c0-44bc-9db2-70c7ec33c07e 1181 1862 6076 -edge_93_1_+disjointig_6_8215_8898 1 682 683 -1 -1 597 0.00955171
Chain
	Aln	181	-4a964dd7-f0c0-44bc-9db2-70c7ec33c07e 1864 2955 6076 -edge_91_4_+disjointig_6_7122_8215 1 1092 1093 -1 -1 1003 0.00777836
Chain
	Aln	185	-4a964dd7-f0c0-44bc-9db2-70c7ec33c07e 2957 3637 6076 -edge_93_0_+disjointig_6_2887_3570 1 682 683 -1 -1 611 0.0112905
Chain
	Aln	181	-4a964dd7-f0c0-44bc-9db2-70c7ec33c07e 4123 5214 6076 -edge_91_4_+disjointig_6_7122_8215 1 1092 1093 -1 -1 1004 0.00807136
Chain
	Aln	185	-4a964dd7-f0c0-44bc-9db2-70c7ec33c07e 5216 5897 6076 -edge_93_0_+disjointig_6_2887_3570 1 682 683 -1 -1 659 7.75051e-05
Chain
	Aln	180	+99658f1e-ffa0-4524-808c-90ef30f3ecad 6 770 2963 +edge_91_5_+disjointig_6_8898_9991 327 1091 1093 -1 -1 749 0.00255456
Chain
	Aln	184	+99658f1e-ffa0-4524-808c-90ef30f3ecad 772 1453 2963 +edge_93_0_+disjointig_6_2887_3570 0 681 683 -1 -1 662 0
Chain
	Aln	180	+99658f1e-ffa0-4524-808c-90ef30f3ecad 1455 2542 2963 +edge_91_1_+disjointig_6_1794_2887 0 1091 1093 -1 -1 1061 0.00430796
	Aln	182	+99658f1e-ffa0-4524-808c-90ef30f3ecad 2555 2954 2963 +edge_92_1_+disjointig_6_6439_7122 11 410 683 -1 -1 399 0
Chain
	Aln	183	-99658f1e-ffa0-4524-808c-90ef30f3ecad 8 407 2963 -edge_92_1_+disjointig_6_6439_7122 272 671 683 -1 -1 399 0
	Aln	181	-99658f1e-ffa0-4524-808c-90ef30f3ecad 420 1507 2963 -edge_91_1_+disjointig_6_1794_2887 1 1092 1093 -1 -1 1061 0.00430796
Chain
	Aln	185	-99658f1e-ffa0-4524-808c-90ef30f3ecad 1509 2190 2963 -edge_93_0_+disjointig_6_2887_3570 1 682 683 -1 -1 662 0
Chain
	Aln	181	-99658f1e-ffa0-4524-808c-90ef30f3ecad 2192 2956 2963 -edge_91_5_+disjointig_6_8898_9991 1 765 1093 -1 -1 749 0.00255456
Chain
	Aln	184	+00dad828-31a6-44f9-80c2-9685f840d5b5 251 909 1921 +edge_93_0_+disjointig_6_2887_3570 0 681 683 -1 -1 640 0
Chain
	Aln	180	+00dad828-31a6-44f9-80c2-9685f840d5b5 911 1916 1921 +edge_91_3_+disjointig_6_5346_6439 0 1005 1093 -1 -1 960 0.00793603
Chain
	Aln	181	-00dad828-31a6-44f9-80c2-9685f840d5b5 4 1009 1921 -edge_91_3_+disjointig_6_5346_6439 87 1092 1093 -1 -1 960 0.00793603
Chain
	Aln	185	-00dad828-31a6-44f9-80c2-9685f840d5b5 1011 1669 1921 -edge_93_0_+disjointig_6_2887_3570 1 682 683 -1 -1 640 0
Chain
	Aln	185	+4ef41103-48db-48de-ad4f-713dbf6d280b 39 677 1347 -edge_93_0_+disjointig_6_2887_3570 14 682 683 -1 -1 225 0.0808003
Chain
	Aln	181	+4ef41103-48db-48de-ad4f-713dbf6d280b 679 1344 1347 -edge_91_4_+disjointig_6_7122_8215 1 666 1093 -1 -1 576 0.0147946
Chain
	Aln	180	-4ef41103-48db-48de-ad4f-713dbf6d280b 2 667 1347 +edge_91_4_+disjointig_6_7122_8215 426 1091 1093 -1 -1 576 0.0147946
Chain
	Aln	184	-4ef41103-48db-48de-ad4f-713dbf6d280b 669 1307 1347 +edge_93_0_+disjointig_6_2887_3570 0 668 683 -1 -1 225 0.0808003
Chain
	Aln	180	+6ad5c752-d17d-4a1c-a0a8-6a7c73b8d61b 111 857 3306 +edge_91_2_+disjointig_6_3570_4663 143 873 1093 -1 -1 310 0.0675319
	Aln	182	+6ad5c752-d17d-4a1c-a0a8-6a7c73b8d61b 1271 1931 3306 +edge_92_0_+disjointig_6_1111_1794 21 681 683 -1 -1 593 0.0049181
	Aln	180	+6ad5c752-d17d-4a1c-a0a8-6a7c73b8d61b 1915 3025 3306 +edge_91_0_+disjointig_6_0_1111 0 1109 1111 -1 -1 834 0.0297236
Chain
	Aln	184	+6ad5c752-d17d-4a1c-a0a8-6a7c73b8d61b 3027 3276 3306 +edge_93_0_+disjointig_6_2887_3570 0 249 683 -1 -1 191 0.0247734
Chain
	Aln	185	-6ad5c752-d17d-4a1c-a0a8-6a7c73b8d61b 29 278 3306 -edge_93_0_+disjointig_6_2887_3570 433 682 683 -1 -1 191 0.0247734
Chain
	Aln	181	-6ad5c752-d17d-4a1c-a0a8-6a7c73b8d61b 280 1390 3306 -edge_91_0_+disjointig_6_0_1111 1 1110 1111 -1 -1 834 0.0297236
	Aln	183	-6ad5c752-d17d-4a1c-a0a8-6a7c73b8d61b 1374 2034 3306 -edge_92_0_+disjointig_6_1111_1794 1 661 683 -1 -1 593 0.0049181
	Aln	181	-6ad5c752-d17d-4a1c-a0a8-6a7c73b8d61b 2448 3194 3306 -edge_91_2_+disjointig_6_3570_4663 219 949 1093 -1 -1 310 0.0675319
Chain
	Aln	187	+d8ecd390-3bf1-4992-8897-d72e4955b595 21 246 9092 -edge_94_1_+disjointig_6_9991_10674 457 682 683 -1 -1 225 0
Chain
	Aln	181	+d8ecd390-3bf1-4992-8897-d72e4955b595 248 1339 9092 -edge_91_5_+disjointig_6_8898_9991 1 1092 1093 -1 -1 985 0.00882569
Chain
	Aln	185	+d8ecd390-3bf1-4992-8897-d72e4955b595 1341 2020 9092 -edge_93_0_+disjointig_6_2887_3570 1 682 683 -1 -1 659 0
Chain
	Aln	181	+d8ecd390-3bf1-4992-8897-d72e4955b595 2022 3113 9092 -edge_91_4_+disjointig_6_7122_8215 1 1092 1093 -1 -1 1078 0.00243325
Chain
	Aln	185	+d8ecd390-3bf1-4992-8897-d72e4955b595 3115 3796 9092 -edge_93_0_+disjointig_6_2887_3570 1 682 683 -1 -1 653 0.000565668
Chain
	Aln	181	+d8ecd390-3bf1-4992-8897-d72e4955b595 3798 4889 9092 -edge_91_4_+disjointig_6_7122_8215 1 1092 1093 -1 -1 1091 0
Chain
	Aln	185	+d8ecd390-3bf1-4992-8897-d72e4955b595 4891 5572 9092 -edge_93_0_+disjointig_6_2887_3570 1 682 683 -1 -1 673 0
Chain
	Aln	181	+d8ecd390-3bf1-4992-8897-d72e4955b595 5574 6658 9092 -edge_91_2_+disjointig_6_3570_4663 1 1085 1093 -1 -1 1061 0.0026895
	Aln	183	+d8ecd390-3bf1-4992-8897-d72e4955b595 6680 7348 9092 -edge_92_1_+disjointig_6_6439_7122 14 682 683 -1 -1 639 0.000418865
	Aln	181	+d8ecd390-3bf1-4992-8897-d72e4955b595 7350 8441 9092 -edge_91_4_+disjointig_6_7122_8215 1 1092 1093 -1 -1 1071 0.00180411
	Aln	183	+d8ecd390-3bf1-4992-8897-d72e4955b595 8443 9071 9092 -edge_92_1_+disjointig_6_6439_7122 1 629 683 -1 -1 595 0.000472077
Chain
	Aln	182	-d8ecd390-3bf1-4992-8897-d72e4955b595 20 648 9092 +edge_92_1_+disjointig_6_6439_7122 53 681 683 -1 -1 595 0.000472077
	Aln	180	-d8ecd390-3bf1-4992-8897-d72e4955b595 650 1741 9092 +edge_91_4_+disjointig_6_7122_8215 0 1091 1093 -1 -1 1071 0.00180411
	Aln	182	-d8ecd390-3bf1-4992-8897-d72e4955b595 1743 2411 9092 +edge_92_1_+disjointig_6_6439_7122 0 668 683 -1 -1 639 0.000418865
	Aln	180	-d8ecd390-3bf1-4992-8897-d72e4955b595 2433 3517 9092 +edge_91_2_+disjointig_6_3570_4663 7 1091 1093 -1 -1 1061 0.0026895
Chain
	Aln	184	-d8ecd390-3bf1-4992-8897-d72e4955b595 3519 4200 9092 +edge_93_0_+disjointig_6_2887_3570 0 681 683 -1 -1 673 0
Chain
	Aln	180	-d8ecd390-3bf1-4992-8897-d72e4955b595 4202 5293 9092 +edge_91_4_+disjointig_6_7122_8215 0 1091 1093 -1 -1 1091 0
Chain
	Aln	184	-d8ecd390-3bf1-4992-8897-d72e4955b595 5295 5976 9092 +edge_93_0_+disjointig_6_2887_3570 0 681 683 -1 -1 653 0.000565668
Chain
	Aln	180	-d8ecd390-3bf1-4992-8897-d72e4955b595 5978 7069 9092 +edge_91_4_+disjointig_6_7122_8215 0 1091 1093 -1 -1 1078 0.00243325
Chain
	Aln	184	-d8ecd390-3bf1-4992-8897-d72e4955b595 7071 7750 9092 +edge_93_0_+disjointig_6_2887_3570 0 681 683 -1 -1 659 0
Chain
	Aln	180	-d8ecd390-3bf1-4992-8897-d72e4955b595 7752 8843 9092 +edge_91_5_+disjointig_6_8898_9991 0 1091 1093 -1 -1 985 0.00882569
Chain
	Aln	186	-d8ecd390-3bf1-4992-8897-d72e4955b595 8845 9070 9092 +edge_94_1_+disjointig_6_9991_10674 0 225 683 -1 -1 225 0
